requestid,boro,yr,m,d,hh,mm,vol,segmentid,wktgeom,street,fromst,tost,direction
39743,Manhattan,2026,1,10,21,0,37,31662,POINT (981848.6609912371 204698.1404409656),GREENWICH STREET,King Street,West Houston Street,NB
39743,Manhattan,2026,1,10,21,15,28,31662,POINT (981848.6609912371 204698.1404409656),GREENWICH STREET,King Street,West Houston Street,NB
39743,Manhattan,2026,1,10,21,30,37,31662,POINT (981848.6609912371 204698.1404409656),GREENWICH STREET,King Street,West Houston Street,NB
39743,Manhattan,2026,1,10,21,45,30,31662,POINT (981848.6609912371 204698.1404409656),GREENWICH STREET,King Street,West Houston Street,NB
39743,Manhattan,2026,1,10,22,0,22,31662,POINT (981848.6609912371 204698.1404409656),GREENWICH STREET,King Street,West Houston Street,NB
39743,Manhattan,2026,1,10,22,15,30,31662,POINT (981848.6609912371 204698.1404409656),GREENWICH STREET,King Street,West Houston Street,NB
39743,Manhattan,2026,1,10,22,30,28,31662,POINT (981848.6609912371 204698.1404409656),GREENWICH STREET,King Street,West Houston Street,NB
39743,Manhattan,2026,1,10,22,45,25,31662,POINT (981848.6609912371 204698.1404409656),GREENWICH STREET,King Street,West Houston Street,NB
39743,Manhattan,2026,1,10,23,0,27,31662,POINT (981848.6609912371 204698.1404409656),GREENWICH STREET,King Street,West Houston Street,NB
39743,Manhattan,2026,1,10,23,15,33,31662,POINT (981848.6609912371 204698.1404409656),GREENWICH STREET,King Street,West Houston Street,NB
39743,Manhattan,2026,1,10,23,30,24,31662,POINT (981848.6609912371 204698.1404409656),GREENWICH STREET,King Street,West Houston Street,NB
39743,Manhattan,2026,1,10,23,45,35,31662,POINT (981848.6609912371 204698.1404409656),GREENWICH STREET,King Street,West Houston Street,NB
39743,Manhattan,2026,1,11,0,0,25,31662,POINT (981848.6609912371 204698.1404409656),GREENWICH STREET,King Street,West Houston Street,NB
39743,Manhattan,2026,1,11,0,15,28,31662,POINT (981848.6609912371 204698.1404409656),GREENWICH STREET,King Street,West Houston Street,NB
39743,Manhattan,2026,1,11,0,30,22,31662,POINT (981848.6609912371 204698.1404409656),GREENWICH STREET,King Street,West Houston Street,NB
39743,Manhattan,2026,1,11,0,45,19,31662,POINT (981848.6609912371 204698.1404409656),GREENWICH STREET,King Street,West Houston Street,NB
39743,Manhattan,2026,1,11,1,0,19,31662,POINT (981848.6609912371 204698.1404409656),GREENWICH STREET,King Street,West Houston Street,NB
38417,Manhattan,2025,1,11,10,0,6,73021,POINT (1008609.6594247529 256511.52191156909),9 AVENUE,West 218 Street,West 219 Street,SB
38417,Manhattan,2025,1,11,10,15,7,73021,POINT (1008609.6594247529 256511.52191156909),9 AVENUE,West 218 Street,West 219 Street,SB
38417,Manhattan,2025,1,11,10,30,13,73021,POINT (1008609.6594247529 256511.52191156909),9 AVENUE,West 218 Street,West 219 Street,SB
38417,Manhattan,2025,1,11,10,45,6,73021,POINT (1008609.6594247529 256511.52191156909),9 AVENUE,West 218 Street,West 219 Street,SB
38417,Manhattan,2025,1,11,11,0,6,73021,POINT (1008609.6594247529 256511.52191156909),9 AVENUE,West 218 Street,West 219 Street,SB
38417,Manhattan,2025,1,11,11,15,10,73021,POINT (1008609.6594247529 256511.52191156909),9 AVENUE,West 218 Street,West 219 Street,SB
38417,Manhattan,2025,1,11,11,30,8,73021,POINT (1008609.6594247529 256511.52191156909),9 AVENUE,West 218 Street,West 219 Street,SB
38417,Manhattan,2025,1,11,11,45,9,73021,POINT (1008609.6594247529 256511.52191156909),9 AVENUE,West 218 Street,West 219 Street,SB
38417,Manhattan,2025,1,11,12,0,19,73021,POINT (1008609.6594247529 256511.52191156909),9 AVENUE,West 218 Street,West 219 Street,SB
38417,Manhattan,2025,1,11,12,15,8,73021,POINT (1008609.6594247529 256511.52191156909),9 AVENUE,West 218 Street,West 219 Street,SB
38417,Manhattan,2025,1,11,12,30,11,73021,POINT (1008609.6594247529 256511.52191156909),9 AVENUE,West 218 Street,West 219 Street,SB
38417,Manhattan,2025,1,11,12,45,8,73021,POINT (1008609.6594247529 256511.52191156909),9 AVENUE,West 218 Street,West 219 Street,SB
38417,Manhattan,2025,1,11,13,0,15,73021,POINT (1008609.6594247529 256511.52191156909),9 AVENUE,West 218 Street,West 219 Street,SB
38417,Manhattan,2025,1,11,13,15,8,73021,POINT (1008609.6594247529 256511.52191156909),9 AVENUE,West 218 Street,West 219 Street,SB
38417,Manhattan,2025,1,11,13,30,11,73021,POINT (1008609.6594247529 256511.52191156909),9 AVENUE,West 218 Street,West 219 Street,SB
38417,Manhattan,2025,1,11,13,45,11,73021,POINT (1008609.6594247529 256511.52191156909),9 AVENUE,West 218 Street,West 219 Street,SB
38417,Manhattan,2025,1,11,14,0,10,73021,POINT (1008609.6594247529 256511.52191156909),9 AVENUE,West 218 Street,West 219 Street,SB
38417,Manhattan,2025,1,11,14,15,13,73021,POINT (1008609.6594247529 256511.52191156909),9 AVENUE,West 218 Street,West 219 Street,SB
38417,Manhattan,2025,1,11,14,30,11,73021,POINT (1008609.6594247529 256511.52191156909),9 AVENUE,West 218 Street,West 219 Street,SB
38417,Manhattan,2025,1,11,14,45,22,73021,POINT (1008609.6594247529 256511.52191156909),9 AVENUE,West 218 Street,West 219 Street,SB
38417,Manhattan,2025,1,11,15,0,14,73021,POINT (1008609.6594247529 256511.52191156909),9 AVENUE,West 218 Street,West 219 Street,SB
38417,Manhattan,2025,1,11,15,15,15,73021,POINT (1008609.6594247529 256511.52191156909),9 AVENUE,West 218 Street,West 219 Street,SB
38417,Manhattan,2025,1,11,15,30,14,73021,POINT (1008609.6594247529 256511.52191156909),9 AVENUE,West 218 Street,West 219 Street,SB
38417,Manhattan,2025,1,11,15,45,11,73021,POINT (1008609.6594247529 256511.52191156909),9 AVENUE,West 218 Street,West 219 Street,SB
38417,Manhattan,2025,1,11,16,0,13,73021,POINT (1008609.6594247529 256511.52191156909),9 AVENUE,West 218 Street,West 219 Street,SB
38417,Manhattan,2025,1,11,16,15,14,73021,POINT (1008609.6594247529 256511.52191156909),9 AVENUE,West 218 Street,West 219 Street,SB
38417,Manhattan,2025,1,11,16,30,13,73021,POINT (1008609.6594247529 256511.52191156909),9 AVENUE,West 218 Street,West 219 Street,SB
38417,Manhattan,2025,1,11,16,45,9,73021,POINT (1008609.6594247529 256511.52191156909),9 AVENUE,West 218 Street,West 219 Street,SB
38417,Manhattan,2025,1,11,17,0,13,73021,POINT (1008609.6594247529 256511.52191156909),9 AVENUE,West 218 Street,West 219 Street,SB
38417,Manhattan,2025,1,11,17,15,8,73021,POINT (1008609.6594247529 256511.52191156909),9 AVENUE,West 218 Street,West 219 Street,SB
38417,Manhattan,2025,1,11,17,30,15,73021,POINT (1008609.6594247529 256511.52191156909),9 AVENUE,West 218 Street,West 219 Street,SB
38417,Manhattan,2025,1,11,17,45,17,73021,POINT (1008609.6594247529 256511.52191156909),9 AVENUE,West 218 Street,West 219 Street,SB
38417,Manhattan,2025,1,11,18,0,15,73021,POINT (1008609.6594247529 256511.52191156909),9 AVENUE,West 218 Street,West 219 Street,SB
38417,Manhattan,2025,1,11,18,15,8,73021,POINT (1008609.6594247529 256511.52191156909),9 AVENUE,West 218 Street,West 219 Street,SB
38417,Manhattan,2025,1,11,18,30,9,73021,POINT (1008609.6594247529 256511.52191156909),9 AVENUE,West 218 Street,West 219 Street,SB
38417,Manhattan,2025,1,11,18,45,7,73021,POINT (1008609.6594247529 256511.52191156909),9 AVENUE,West 218 Street,West 219 Street,SB
38417,Manhattan,2025,1,11,19,0,4,73021,POINT (1008609.6594247529 256511.52191156909),9 AVENUE,West 218 Street,West 219 Street,SB
38417,Manhattan,2025,1,11,19,15,8,73021,POINT (1008609.6594247529 256511.52191156909),9 AVENUE,West 218 Street,West 219 Street,SB
38417,Manhattan,2025,1,11,19,30,13,73021,POINT (1008609.6594247529 256511.52191156909),9 AVENUE,West 218 Street,West 219 Street,SB
38417,Manhattan,2025,1,11,19,45,6,73021,POINT (1008609.6594247529 256511.52191156909),9 AVENUE,West 218 Street,West 219 Street,SB
38417,Manhattan,2025,1,11,20,0,7,73021,POINT (1008609.6594247529 256511.52191156909),9 AVENUE,West 218 Street,West 219 Street,SB
38417,Manhattan,2025,1,11,20,15,11,73021,POINT (1008609.6594247529 256511.52191156909),9 AVENUE,West 218 Street,West 219 Street,SB
38417,Manhattan,2025,1,11,20,30,4,73021,POINT (1008609.6594247529 256511.52191156909),9 AVENUE,West 218 Street,West 219 Street,SB
38417,Manhattan,2025,1,11,20,45,4,73021,POINT (1008609.6594247529 256511.52191156909),9 AVENUE,West 218 Street,West 219 Street,SB
38417,Manhattan,2025,1,11,21,0,8,73021,POINT (1008609.6594247529 256511.52191156909),9 AVENUE,West 218 Street,West 219 Street,SB
38417,Manhattan,2025,1,11,21,15,2,73021,POINT (1008609.6594247529 256511.52191156909),9 AVENUE,West 218 Street,West 219 Street,SB
38417,Manhattan,2025,1,11,21,30,6,73021,POINT (1008609.6594247529 256511.52191156909),9 AVENUE,West 218 Street,West 219 Street,SB
38417,Manhattan,2025,1,11,21,45,6,73021,POINT (1008609.6594247529 256511.52191156909),9 AVENUE,West 218 Street,West 219 Street,SB
38417,Manhattan,2025,1,11,22,0,3,73021,POINT (1008609.6594247529 256511.52191156909),9 AVENUE,West 218 Street,West 219 Street,SB
38417,Manhattan,2025,1,11,22,15,4,73021,POINT (1008609.6594247529 256511.52191156909),9 AVENUE,West 218 Street,West 219 Street,SB
38417,Manhattan,2025,1,11,22,30,1,73021,POINT (1008609.6594247529 256511.52191156909),9 AVENUE,West 218 Street,West 219 Street,SB
38417,Manhattan,2025,1,11,22,45,2,73021,POINT (1008609.6594247529 256511.52191156909),9 AVENUE,West 218 Street,West 219 Street,SB
38417,Manhattan,2025,1,11,23,0,5,73021,POINT (1008609.6594247529 256511.52191156909),9 AVENUE,West 218 Street,West 219 Street,SB
38417,Manhattan,2025,1,11,23,15,3,73021,POINT (1008609.6594247529 256511.52191156909),9 AVENUE,West 218 Street,West 219 Street,SB
38417,Manhattan,2025,1,11,23,30,4,73021,POINT (1008609.6594247529 256511.52191156909),9 AVENUE,West 218 Street,West 219 Street,SB
38417,Manhattan,2025,1,11,23,45,3,73021,POINT (1008609.6594247529 256511.52191156909),9 AVENUE,West 218 Street,West 219 Street,SB
38417,Manhattan,2025,1,12,0,0,5,73021,POINT (1008609.6594247529 256511.52191156909),9 AVENUE,West 218 Street,West 219 Street,SB
38417,Manhattan,2025,1,12,0,15,1,73021,POINT (1008609.6594247529 256511.52191156909),9 AVENUE,West 218 Street,West 219 Street,SB
38417,Manhattan,2025,1,12,0,30,3,73021,POINT (1008609.6594247529 256511.52191156909),9 AVENUE,West 218 Street,West 219 Street,SB
38417,Manhattan,2025,1,12,0,45,0,73021,POINT (1008609.6594247529 256511.52191156909),9 AVENUE,West 218 Street,West 219 Street,SB
38417,Manhattan,2025,1,12,1,0,2,73021,POINT (1008609.6594247529 256511.52191156909),9 AVENUE,West 218 Street,West 219 Street,SB
38417,Manhattan,2025,1,12,1,15,3,73021,POINT (1008609.6594247529 256511.52191156909),9 AVENUE,West 218 Street,West 219 Street,SB
38417,Manhattan,2025,1,12,1,30,2,73021,POINT (1008609.6594247529 256511.52191156909),9 AVENUE,West 218 Street,West 219 Street,SB
38417,Manhattan,2025,1,12,1,45,1,73021,POINT (1008609.6594247529 256511.52191156909),9 AVENUE,West 218 Street,West 219 Street,SB
38417,Manhattan,2025,1,12,2,0,1,73021,POINT (1008609.6594247529 256511.52191156909),9 AVENUE,West 218 Street,West 219 Street,SB
38417,Manhattan,2025,1,12,2,15,1,73021,POINT (1008609.6594247529 256511.52191156909),9 AVENUE,West 218 Street,West 219 Street,SB
38417,Manhattan,2025,1,12,2,30,1,73021,POINT (1008609.6594247529 256511.52191156909),9 AVENUE,West 218 Street,West 219 Street,SB
38417,Manhattan,2025,1,12,2,45,0,73021,POINT (1008609.6594247529 256511.52191156909),9 AVENUE,West 218 Street,West 219 Street,SB
38417,Manhattan,2025,1,12,3,0,0,73021,POINT (1008609.6594247529 256511.52191156909),9 AVENUE,West 218 Street,West 219 Street,SB
38417,Manhattan,2025,1,12,3,15,0,73021,POINT (1008609.6594247529 256511.52191156909),9 AVENUE,West 218 Street,West 219 Street,SB
38417,Manhattan,2025,1,12,3,30,1,73021,POINT (1008609.6594247529 256511.52191156909),9 AVENUE,West 218 Street,West 219 Street,SB
38417,Manhattan,2025,1,12,3,45,1,73021,POINT (1008609.6594247529 256511.52191156909),9 AVENUE,West 218 Street,West 219 Street,SB
38417,Manhattan,2025,1,12,4,0,0,73021,POINT (1008609.6594247529 256511.52191156909),9 AVENUE,West 218 Street,West 219 Street,SB
38417,Manhattan,2025,1,12,4,15,1,73021,POINT (1008609.6594247529 256511.52191156909),9 AVENUE,West 218 Street,West 219 Street,SB
38417,Manhattan,2025,1,12,4,30,1,73021,POINT (1008609.6594247529 256511.52191156909),9 AVENUE,West 218 Street,West 219 Street,SB
38417,Manhattan,2025,1,12,4,45,5,73021,POINT (1008609.6594247529 256511.52191156909),9 AVENUE,West 218 Street,West 219 Street,SB
38417,Manhattan,2025,1,12,5,0,0,73021,POINT (1008609.6594247529 256511.52191156909),9 AVENUE,West 218 Street,West 219 Street,SB
38417,Manhattan,2025,1,12,5,15,3,73021,POINT (1008609.6594247529 256511.52191156909),9 AVENUE,West 218 Street,West 219 Street,SB
38417,Manhattan,2025,1,12,5,30,3,73021,POINT (1008609.6594247529 256511.52191156909),9 AVENUE,West 218 Street,West 219 Street,SB
38417,Manhattan,2025,1,12,5,45,0,73021,POINT (1008609.6594247529 256511.52191156909),9 AVENUE,West 218 Street,West 219 Street,SB
38417,Manhattan,2025,1,12,6,0,3,73021,POINT (1008609.6594247529 256511.52191156909),9 AVENUE,West 218 Street,West 219 Street,SB
38417,Manhattan,2025,1,12,6,15,0,73021,POINT (1008609.6594247529 256511.52191156909),9 AVENUE,West 218 Street,West 219 Street,SB
38417,Manhattan,2025,1,12,6,30,4,73021,POINT (1008609.6594247529 256511.52191156909),9 AVENUE,West 218 Street,West 219 Street,SB
38417,Manhattan,2025,1,12,6,45,5,73021,POINT (1008609.6594247529 256511.52191156909),9 AVENUE,West 218 Street,West 219 Street,SB
38417,Manhattan,2025,1,12,7,0,8,73021,POINT (1008609.6594247529 256511.52191156909),9 AVENUE,West 218 Street,West 219 Street,SB
38417,Manhattan,2025,1,12,7,15,12,73021,POINT (1008609.6594247529 256511.52191156909),9 AVENUE,West 218 Street,West 219 Street,SB
38417,Manhattan,2025,1,12,7,30,9,73021,POINT (1008609.6594247529 256511.52191156909),9 AVENUE,West 218 Street,West 219 Street,SB
38417,Manhattan,2025,1,12,7,45,8,73021,POINT (1008609.6594247529 256511.52191156909),9 AVENUE,West 218 Street,West 219 Street,SB
38417,Manhattan,2025,1,12,8,0,8,73021,POINT (1008609.6594247529 256511.52191156909),9 AVENUE,West 218 Street,West 219 Street,SB
38417,Manhattan,2025,1,12,8,15,9,73021,POINT (1008609.6594247529 256511.52191156909),9 AVENUE,West 218 Street,West 219 Street,SB
38417,Manhattan,2025,1,12,8,30,6,73021,POINT (1008609.6594247529 256511.52191156909),9 AVENUE,West 218 Street,West 219 Street,SB
38417,Manhattan,2025,1,12,8,45,5,73021,POINT (1008609.6594247529 256511.52191156909),9 AVENUE,West 218 Street,West 219 Street,SB
38417,Manhattan,2025,1,12,9,0,12,73021,POINT (1008609.6594247529 256511.52191156909),9 AVENUE,West 218 Street,West 219 Street,SB
38417,Manhattan,2025,1,12,9,15,11,73021,POINT (1008609.6594247529 256511.52191156909),9 AVENUE,West 218 Street,West 219 Street,SB
38417,Manhattan,2025,1,12,9,30,14,73021,POINT (1008609.6594247529 256511.52191156909),9 AVENUE,West 218 Street,West 219 Street,SB
38417,Manhattan,2025,1,12,9,45,12,73021,POINT (1008609.6594247529 256511.52191156909),9 AVENUE,West 218 Street,West 219 Street,SB
38417,Manhattan,2025,1,12,10,0,10,73021,POINT (1008609.6594247529 256511.52191156909),9 AVENUE,West 218 Street,West 219 Street,SB
38417,Manhattan,2025,1,12,10,15,9,73021,POINT (1008609.6594247529 256511.52191156909),9 AVENUE,West 218 Street,West 219 Street,SB
38417,Manhattan,2025,1,12,10,30,9,73021,POINT (1008609.6594247529 256511.52191156909),9 AVENUE,West 218 Street,West 219 Street,SB
38417,Manhattan,2025,1,12,10,45,14,73021,POINT (1008609.6594247529 256511.52191156909),9 AVENUE,West 218 Street,West 219 Street,SB
38417,Manhattan,2025,1,12,11,0,8,73021,POINT (1008609.6594247529 256511.52191156909),9 AVENUE,West 218 Street,West 219 Street,SB
38417,Manhattan,2025,1,12,11,15,6,73021,POINT (1008609.6594247529 256511.52191156909),9 AVENUE,West 218 Street,West 219 Street,SB
38417,Manhattan,2025,1,12,11,30,12,73021,POINT (1008609.6594247529 256511.52191156909),9 AVENUE,West 218 Street,West 219 Street,SB
38417,Manhattan,2025,1,12,11,45,17,73021,POINT (1008609.6594247529 256511.52191156909),9 AVENUE,West 218 Street,West 219 Street,SB
38417,Manhattan,2025,1,12,12,0,13,73021,POINT (1008609.6594247529 256511.52191156909),9 AVENUE,West 218 Street,West 219 Street,SB
38417,Manhattan,2025,1,10,5,45,10,270732,POINT (1008459.9025107967 256754.97560910846),WEST 219 STREET,9 Avenue,Broadway,WB
38417,Manhattan,2025,1,10,6,0,3,270732,POINT (1008459.9025107967 256754.97560910846),WEST 219 STREET,9 Avenue,Broadway,WB
38417,Manhattan,2025,1,10,6,15,6,270732,POINT (1008459.9025107967 256754.97560910846),WEST 219 STREET,9 Avenue,Broadway,WB
38417,Manhattan,2025,1,10,6,30,11,270732,POINT (1008459.9025107967 256754.97560910846),WEST 219 STREET,9 Avenue,Broadway,WB
38417,Manhattan,2025,1,10,6,45,8,270732,POINT (1008459.9025107967 256754.97560910846),WEST 219 STREET,9 Avenue,Broadway,WB
38417,Manhattan,2025,1,10,7,0,16,270732,POINT (1008459.9025107967 256754.97560910846),WEST 219 STREET,9 Avenue,Broadway,WB
38417,Manhattan,2025,1,10,7,15,21,270732,POINT (1008459.9025107967 256754.97560910846),WEST 219 STREET,9 Avenue,Broadway,WB
38417,Manhattan,2025,1,10,7,30,33,270732,POINT (1008459.9025107967 256754.97560910846),WEST 219 STREET,9 Avenue,Broadway,WB
38417,Manhattan,2025,1,10,7,45,10,270732,POINT (1008459.9025107967 256754.97560910846),WEST 219 STREET,9 Avenue,Broadway,WB
38417,Manhattan,2025,1,10,8,0,2,270732,POINT (1008459.9025107967 256754.97560910846),WEST 219 STREET,9 Avenue,Broadway,WB
38417,Manhattan,2025,1,10,8,15,7,270732,POINT (1008459.9025107967 256754.97560910846),WEST 219 STREET,9 Avenue,Broadway,WB
38417,Manhattan,2025,1,10,8,30,4,270732,POINT (1008459.9025107967 256754.97560910846),WEST 219 STREET,9 Avenue,Broadway,WB
38417,Manhattan,2025,1,10,8,45,6,270732,POINT (1008459.9025107967 256754.97560910846),WEST 219 STREET,9 Avenue,Broadway,WB
38417,Manhattan,2025,1,10,9,0,6,270732,POINT (1008459.9025107967 256754.97560910846),WEST 219 STREET,9 Avenue,Broadway,WB
38417,Manhattan,2025,1,10,9,15,9,270732,POINT (1008459.9025107967 256754.97560910846),WEST 219 STREET,9 Avenue,Broadway,WB
38417,Manhattan,2025,1,10,9,30,4,270732,POINT (1008459.9025107967 256754.97560910846),WEST 219 STREET,9 Avenue,Broadway,WB
38417,Manhattan,2025,1,10,9,45,7,270732,POINT (1008459.9025107967 256754.97560910846),WEST 219 STREET,9 Avenue,Broadway,WB
38417,Manhattan,2025,1,10,10,0,3,270732,POINT (1008459.9025107967 256754.97560910846),WEST 219 STREET,9 Avenue,Broadway,WB
38417,Manhattan,2025,1,10,10,15,6,270732,POINT (1008459.9025107967 256754.97560910846),WEST 219 STREET,9 Avenue,Broadway,WB
38417,Manhattan,2025,1,10,10,30,5,270732,POINT (1008459.9025107967 256754.97560910846),WEST 219 STREET,9 Avenue,Broadway,WB
38417,Manhattan,2025,1,10,10,45,9,270732,POINT (1008459.9025107967 256754.97560910846),WEST 219 STREET,9 Avenue,Broadway,WB
38417,Manhattan,2025,1,10,11,0,6,270732,POINT (1008459.9025107967 256754.97560910846),WEST 219 STREET,9 Avenue,Broadway,WB
38417,Manhattan,2025,1,10,11,15,6,270732,POINT (1008459.9025107967 256754.97560910846),WEST 219 STREET,9 Avenue,Broadway,WB
38417,Manhattan,2025,1,10,11,30,4,270732,POINT (1008459.9025107967 256754.97560910846),WEST 219 STREET,9 Avenue,Broadway,WB
38417,Manhattan,2025,1,10,11,45,8,270732,POINT (1008459.9025107967 256754.97560910846),WEST 219 STREET,9 Avenue,Broadway,WB
38417,Manhattan,2025,1,10,12,0,5,270732,POINT (1008459.9025107967 256754.97560910846),WEST 219 STREET,9 Avenue,Broadway,WB
38417,Manhattan,2025,1,10,12,15,9,270732,POINT (1008459.9025107967 256754.97560910846),WEST 219 STREET,9 Avenue,Broadway,WB
38417,Manhattan,2025,1,10,12,30,14,270732,POINT (1008459.9025107967 256754.97560910846),WEST 219 STREET,9 Avenue,Broadway,WB
38417,Manhattan,2025,1,10,12,45,7,270732,POINT (1008459.9025107967 256754.97560910846),WEST 219 STREET,9 Avenue,Broadway,WB
38417,Manhattan,2025,1,10,13,0,5,270732,POINT (1008459.9025107967 256754.97560910846),WEST 219 STREET,9 Avenue,Broadway,WB
38417,Manhattan,2025,1,10,13,15,5,270732,POINT (1008459.9025107967 256754.97560910846),WEST 219 STREET,9 Avenue,Broadway,WB
38417,Manhattan,2025,1,10,13,30,11,270732,POINT (1008459.9025107967 256754.97560910846),WEST 219 STREET,9 Avenue,Broadway,WB
38417,Manhattan,2025,1,10,13,45,8,270732,POINT (1008459.9025107967 256754.97560910846),WEST 219 STREET,9 Avenue,Broadway,WB
38417,Manhattan,2025,1,10,14,0,6,270732,POINT (1008459.9025107967 256754.97560910846),WEST 219 STREET,9 Avenue,Broadway,WB
38417,Manhattan,2025,1,10,14,15,14,270732,POINT (1008459.9025107967 256754.97560910846),WEST 219 STREET,9 Avenue,Broadway,WB
38417,Manhattan,2025,1,10,14,30,11,270732,POINT (1008459.9025107967 256754.97560910846),WEST 219 STREET,9 Avenue,Broadway,WB
38417,Manhattan,2025,1,10,14,45,16,270732,POINT (1008459.9025107967 256754.97560910846),WEST 219 STREET,9 Avenue,Broadway,WB
38417,Manhattan,2025,1,10,15,0,14,270732,POINT (1008459.9025107967 256754.97560910846),WEST 219 STREET,9 Avenue,Broadway,WB
38417,Manhattan,2025,1,10,15,15,15,270732,POINT (1008459.9025107967 256754.97560910846),WEST 219 STREET,9 Avenue,Broadway,WB
38417,Manhattan,2025,1,10,15,30,28,270732,POINT (1008459.9025107967 256754.97560910846),WEST 219 STREET,9 Avenue,Broadway,WB
38417,Manhattan,2025,1,10,15,45,15,270732,POINT (1008459.9025107967 256754.97560910846),WEST 219 STREET,9 Avenue,Broadway,WB
38417,Manhattan,2025,1,10,16,0,18,270732,POINT (1008459.9025107967 256754.97560910846),WEST 219 STREET,9 Avenue,Broadway,WB
38417,Manhattan,2025,1,10,16,15,12,270732,POINT (1008459.9025107967 256754.97560910846),WEST 219 STREET,9 Avenue,Broadway,WB
38417,Manhattan,2025,1,10,16,30,6,270732,POINT (1008459.9025107967 256754.97560910846),WEST 219 STREET,9 Avenue,Broadway,WB
38417,Manhattan,2025,1,10,16,45,8,270732,POINT (1008459.9025107967 256754.97560910846),WEST 219 STREET,9 Avenue,Broadway,WB
38417,Manhattan,2025,1,10,17,0,7,270732,POINT (1008459.9025107967 256754.97560910846),WEST 219 STREET,9 Avenue,Broadway,WB
38417,Manhattan,2025,1,10,17,15,3,270732,POINT (1008459.9025107967 256754.97560910846),WEST 219 STREET,9 Avenue,Broadway,WB
38417,Manhattan,2025,1,10,17,30,3,270732,POINT (1008459.9025107967 256754.97560910846),WEST 219 STREET,9 Avenue,Broadway,WB
38417,Manhattan,2025,1,10,17,45,3,270732,POINT (1008459.9025107967 256754.97560910846),WEST 219 STREET,9 Avenue,Broadway,WB
38417,Manhattan,2025,1,10,18,0,1,270732,POINT (1008459.9025107967 256754.97560910846),WEST 219 STREET,9 Avenue,Broadway,WB
38417,Manhattan,2025,1,10,18,15,4,270732,POINT (1008459.9025107967 256754.97560910846),WEST 219 STREET,9 Avenue,Broadway,WB
38417,Manhattan,2025,1,10,18,30,7,270732,POINT (1008459.9025107967 256754.97560910846),WEST 219 STREET,9 Avenue,Broadway,WB
38417,Manhattan,2025,1,10,18,45,2,270732,POINT (1008459.9025107967 256754.97560910846),WEST 219 STREET,9 Avenue,Broadway,WB
38417,Manhattan,2025,1,10,19,0,2,270732,POINT (1008459.9025107967 256754.97560910846),WEST 219 STREET,9 Avenue,Broadway,WB
38417,Manhattan,2025,1,10,19,15,3,270732,POINT (1008459.9025107967 256754.97560910846),WEST 219 STREET,9 Avenue,Broadway,WB
38417,Manhattan,2025,1,10,19,30,1,270732,POINT (1008459.9025107967 256754.97560910846),WEST 219 STREET,9 Avenue,Broadway,WB
38417,Manhattan,2025,1,10,19,45,0,270732,POINT (1008459.9025107967 256754.97560910846),WEST 219 STREET,9 Avenue,Broadway,WB
38417,Manhattan,2025,1,10,20,0,0,270732,POINT (1008459.9025107967 256754.97560910846),WEST 219 STREET,9 Avenue,Broadway,WB
38417,Manhattan,2025,1,10,20,15,6,270732,POINT (1008459.9025107967 256754.97560910846),WEST 219 STREET,9 Avenue,Broadway,WB
38417,Manhattan,2025,1,10,20,30,4,270732,POINT (1008459.9025107967 256754.97560910846),WEST 219 STREET,9 Avenue,Broadway,WB
38417,Manhattan,2025,1,10,20,45,3,270732,POINT (1008459.9025107967 256754.97560910846),WEST 219 STREET,9 Avenue,Broadway,WB
38417,Manhattan,2025,1,10,21,0,3,270732,POINT (1008459.9025107967 256754.97560910846),WEST 219 STREET,9 Avenue,Broadway,WB
38417,Manhattan,2025,1,10,21,15,4,270732,POINT (1008459.9025107967 256754.97560910846),WEST 219 STREET,9 Avenue,Broadway,WB
38417,Manhattan,2025,1,10,21,30,1,270732,POINT (1008459.9025107967 256754.97560910846),WEST 219 STREET,9 Avenue,Broadway,WB
38417,Manhattan,2025,1,10,21,45,5,270732,POINT (1008459.9025107967 256754.97560910846),WEST 219 STREET,9 Avenue,Broadway,WB
38417,Manhattan,2025,1,10,22,0,2,270732,POINT (1008459.9025107967 256754.97560910846),WEST 219 STREET,9 Avenue,Broadway,WB
38417,Manhattan,2025,1,10,22,15,2,270732,POINT (1008459.9025107967 256754.97560910846),WEST 219 STREET,9 Avenue,Broadway,WB
38417,Manhattan,2025,1,10,22,30,3,270732,POINT (1008459.9025107967 256754.97560910846),WEST 219 STREET,9 Avenue,Broadway,WB
38417,Manhattan,2025,1,10,22,45,4,270732,POINT (1008459.9025107967 256754.97560910846),WEST 219 STREET,9 Avenue,Broadway,WB
38417,Manhattan,2025,1,10,23,0,6,270732,POINT (1008459.9025107967 256754.97560910846),WEST 219 STREET,9 Avenue,Broadway,WB
38417,Manhattan,2025,1,10,23,15,4,270732,POINT (1008459.9025107967 256754.97560910846),WEST 219 STREET,9 Avenue,Broadway,WB
38417,Manhattan,2025,1,10,23,30,1,270732,POINT (1008459.9025107967 256754.97560910846),WEST 219 STREET,9 Avenue,Broadway,WB
38417,Manhattan,2025,1,10,23,45,4,270732,POINT (1008459.9025107967 256754.97560910846),WEST 219 STREET,9 Avenue,Broadway,WB
38417,Manhattan,2025,1,6,0,0,4,270737,POINT (1008596.5182406532 256975.83816137625),WEST 220 STREET,Broadway,9 Avenue,EB
38417,Manhattan,2025,1,6,0,15,3,270737,POINT (1008596.5182406532 256975.83816137625),WEST 220 STREET,Broadway,9 Avenue,EB
38417,Manhattan,2025,1,6,0,30,0,270737,POINT (1008596.5182406532 256975.83816137625),WEST 220 STREET,Broadway,9 Avenue,EB
38417,Manhattan,2025,1,6,0,45,3,270737,POINT (1008596.5182406532 256975.83816137625),WEST 220 STREET,Broadway,9 Avenue,EB
38417,Manhattan,2025,1,6,1,0,4,270737,POINT (1008596.5182406532 256975.83816137625),WEST 220 STREET,Broadway,9 Avenue,EB
38417,Manhattan,2025,1,6,1,15,3,270737,POINT (1008596.5182406532 256975.83816137625),WEST 220 STREET,Broadway,9 Avenue,EB
38417,Manhattan,2025,1,6,1,30,2,270737,POINT (1008596.5182406532 256975.83816137625),WEST 220 STREET,Broadway,9 Avenue,EB
38417,Manhattan,2025,1,6,1,45,1,270737,POINT (1008596.5182406532 256975.83816137625),WEST 220 STREET,Broadway,9 Avenue,EB
38417,Manhattan,2025,1,6,2,0,2,270737,POINT (1008596.5182406532 256975.83816137625),WEST 220 STREET,Broadway,9 Avenue,EB
38417,Manhattan,2025,1,6,2,15,2,270737,POINT (1008596.5182406532 256975.83816137625),WEST 220 STREET,Broadway,9 Avenue,EB
38417,Manhattan,2025,1,6,2,30,2,270737,POINT (1008596.5182406532 256975.83816137625),WEST 220 STREET,Broadway,9 Avenue,EB
38417,Manhattan,2025,1,6,2,45,2,270737,POINT (1008596.5182406532 256975.83816137625),WEST 220 STREET,Broadway,9 Avenue,EB
38417,Manhattan,2025,1,6,3,0,0,270737,POINT (1008596.5182406532 256975.83816137625),WEST 220 STREET,Broadway,9 Avenue,EB
38417,Manhattan,2025,1,6,3,15,1,270737,POINT (1008596.5182406532 256975.83816137625),WEST 220 STREET,Broadway,9 Avenue,EB
38417,Manhattan,2025,1,6,3,30,4,270737,POINT (1008596.5182406532 256975.83816137625),WEST 220 STREET,Broadway,9 Avenue,EB
38417,Manhattan,2025,1,6,3,45,6,270737,POINT (1008596.5182406532 256975.83816137625),WEST 220 STREET,Broadway,9 Avenue,EB
38417,Manhattan,2025,1,6,4,0,1,270737,POINT (1008596.5182406532 256975.83816137625),WEST 220 STREET,Broadway,9 Avenue,EB
38417,Manhattan,2025,1,6,4,15,10,270737,POINT (1008596.5182406532 256975.83816137625),WEST 220 STREET,Broadway,9 Avenue,EB
38417,Manhattan,2025,1,6,4,30,17,270737,POINT (1008596.5182406532 256975.83816137625),WEST 220 STREET,Broadway,9 Avenue,EB
38417,Manhattan,2025,1,6,4,45,8,270737,POINT (1008596.5182406532 256975.83816137625),WEST 220 STREET,Broadway,9 Avenue,EB
38417,Manhattan,2025,1,6,5,0,7,270737,POINT (1008596.5182406532 256975.83816137625),WEST 220 STREET,Broadway,9 Avenue,EB
38417,Manhattan,2025,1,6,5,15,22,270737,POINT (1008596.5182406532 256975.83816137625),WEST 220 STREET,Broadway,9 Avenue,EB
38417,Manhattan,2025,1,6,5,30,27,270737,POINT (1008596.5182406532 256975.83816137625),WEST 220 STREET,Broadway,9 Avenue,EB
38417,Manhattan,2025,1,6,5,45,33,270737,POINT (1008596.5182406532 256975.83816137625),WEST 220 STREET,Broadway,9 Avenue,EB
38417,Manhattan,2025,1,6,6,0,22,270737,POINT (1008596.5182406532 256975.83816137625),WEST 220 STREET,Broadway,9 Avenue,EB
38417,Manhattan,2025,1,6,6,15,34,270737,POINT (1008596.5182406532 256975.83816137625),WEST 220 STREET,Broadway,9 Avenue,EB
38417,Manhattan,2025,1,6,6,30,25,270737,POINT (1008596.5182406532 256975.83816137625),WEST 220 STREET,Broadway,9 Avenue,EB
38417,Manhattan,2025,1,6,6,45,55,270737,POINT (1008596.5182406532 256975.83816137625),WEST 220 STREET,Broadway,9 Avenue,EB
38417,Manhattan,2025,1,6,7,0,77,270737,POINT (1008596.5182406532 256975.83816137625),WEST 220 STREET,Broadway,9 Avenue,EB
38417,Manhattan,2025,1,6,7,15,134,270737,POINT (1008596.5182406532 256975.83816137625),WEST 220 STREET,Broadway,9 Avenue,EB
38417,Manhattan,2025,1,6,7,30,130,270737,POINT (1008596.5182406532 256975.83816137625),WEST 220 STREET,Broadway,9 Avenue,EB
38417,Manhattan,2025,1,6,7,45,48,270737,POINT (1008596.5182406532 256975.83816137625),WEST 220 STREET,Broadway,9 Avenue,EB
38417,Manhattan,2025,1,9,21,15,4,73023,POINT (1008740.073465875 256746.7455227563),9 AVENUE,West 219 Street,West 220 Street,NB
38417,Manhattan,2025,1,9,21,30,1,73023,POINT (1008740.073465875 256746.7455227563),9 AVENUE,West 219 Street,West 220 Street,NB
38417,Manhattan,2025,1,9,21,45,11,73023,POINT (1008740.073465875 256746.7455227563),9 AVENUE,West 219 Street,West 220 Street,NB
38417,Manhattan,2025,1,9,22,0,6,73023,POINT (1008740.073465875 256746.7455227563),9 AVENUE,West 219 Street,West 220 Street,NB
38417,Manhattan,2025,1,9,22,15,0,73023,POINT (1008740.073465875 256746.7455227563),9 AVENUE,West 219 Street,West 220 Street,NB
38417,Manhattan,2025,1,9,22,30,5,73023,POINT (1008740.073465875 256746.7455227563),9 AVENUE,West 219 Street,West 220 Street,NB
38417,Manhattan,2025,1,9,22,45,9,73023,POINT (1008740.073465875 256746.7455227563),9 AVENUE,West 219 Street,West 220 Street,NB
38417,Manhattan,2025,1,9,23,0,7,73023,POINT (1008740.073465875 256746.7455227563),9 AVENUE,West 219 Street,West 220 Street,NB
38417,Manhattan,2025,1,9,23,15,2,73023,POINT (1008740.073465875 256746.7455227563),9 AVENUE,West 219 Street,West 220 Street,NB
38417,Manhattan,2025,1,9,23,30,2,73023,POINT (1008740.073465875 256746.7455227563),9 AVENUE,West 219 Street,West 220 Street,NB
38417,Manhattan,2025,1,9,23,45,8,73023,POINT (1008740.073465875 256746.7455227563),9 AVENUE,West 219 Street,West 220 Street,NB
38417,Manhattan,2025,1,10,0,0,3,73023,POINT (1008740.073465875 256746.7455227563),9 AVENUE,West 219 Street,West 220 Street,NB
38417,Manhattan,2025,1,10,0,15,5,73023,POINT (1008740.073465875 256746.7455227563),9 AVENUE,West 219 Street,West 220 Street,NB
38417,Manhattan,2025,1,10,0,30,4,73023,POINT (1008740.073465875 256746.7455227563),9 AVENUE,West 219 Street,West 220 Street,NB
38417,Manhattan,2025,1,10,0,45,4,73023,POINT (1008740.073465875 256746.7455227563),9 AVENUE,West 219 Street,West 220 Street,NB
38417,Manhattan,2025,1,10,1,0,1,73023,POINT (1008740.073465875 256746.7455227563),9 AVENUE,West 219 Street,West 220 Street,NB
38417,Manhattan,2025,1,10,1,15,1,73023,POINT (1008740.073465875 256746.7455227563),9 AVENUE,West 219 Street,West 220 Street,NB
38417,Manhattan,2025,1,10,1,30,1,73023,POINT (1008740.073465875 256746.7455227563),9 AVENUE,West 219 Street,West 220 Street,NB
38417,Manhattan,2025,1,10,1,45,1,73023,POINT (1008740.073465875 256746.7455227563),9 AVENUE,West 219 Street,West 220 Street,NB
38417,Manhattan,2025,1,10,2,0,1,73023,POINT (1008740.073465875 256746.7455227563),9 AVENUE,West 219 Street,West 220 Street,NB
38417,Manhattan,2025,1,10,2,15,1,73023,POINT (1008740.073465875 256746.7455227563),9 AVENUE,West 219 Street,West 220 Street,NB
38417,Manhattan,2025,1,10,2,30,4,73023,POINT (1008740.073465875 256746.7455227563),9 AVENUE,West 219 Street,West 220 Street,NB
38417,Manhattan,2025,1,10,2,45,1,73023,POINT (1008740.073465875 256746.7455227563),9 AVENUE,West 219 Street,West 220 Street,NB
38417,Manhattan,2025,1,10,3,0,4,73023,POINT (1008740.073465875 256746.7455227563),9 AVENUE,West 219 Street,West 220 Street,NB
38417,Manhattan,2025,1,10,3,15,2,73023,POINT (1008740.073465875 256746.7455227563),9 AVENUE,West 219 Street,West 220 Street,NB
38417,Manhattan,2025,1,10,3,30,1,73023,POINT (1008740.073465875 256746.7455227563),9 AVENUE,West 219 Street,West 220 Street,NB
38417,Manhattan,2025,1,10,3,45,0,73023,POINT (1008740.073465875 256746.7455227563),9 AVENUE,West 219 Street,West 220 Street,NB
38417,Manhattan,2025,1,10,4,0,6,73023,POINT (1008740.073465875 256746.7455227563),9 AVENUE,West 219 Street,West 220 Street,NB
38417,Manhattan,2025,1,10,4,15,1,73023,POINT (1008740.073465875 256746.7455227563),9 AVENUE,West 219 Street,West 220 Street,NB
38417,Manhattan,2025,1,10,4,30,2,73023,POINT (1008740.073465875 256746.7455227563),9 AVENUE,West 219 Street,West 220 Street,NB
38417,Manhattan,2025,1,10,4,45,2,73023,POINT (1008740.073465875 256746.7455227563),9 AVENUE,West 219 Street,West 220 Street,NB
38417,Manhattan,2025,1,10,5,0,10,73023,POINT (1008740.073465875 256746.7455227563),9 AVENUE,West 219 Street,West 220 Street,NB
38417,Manhattan,2025,1,10,5,15,10,73023,POINT (1008740.073465875 256746.7455227563),9 AVENUE,West 219 Street,West 220 Street,NB
38417,Manhattan,2025,1,10,5,30,14,73023,POINT (1008740.073465875 256746.7455227563),9 AVENUE,West 219 Street,West 220 Street,NB
38417,Manhattan,2025,1,10,5,45,15,73023,POINT (1008740.073465875 256746.7455227563),9 AVENUE,West 219 Street,West 220 Street,NB
38417,Manhattan,2025,1,10,6,0,8,73023,POINT (1008740.073465875 256746.7455227563),9 AVENUE,West 219 Street,West 220 Street,NB
38417,Manhattan,2025,1,10,6,15,16,73023,POINT (1008740.073465875 256746.7455227563),9 AVENUE,West 219 Street,West 220 Street,NB
38417,Manhattan,2025,1,10,6,30,13,73023,POINT (1008740.073465875 256746.7455227563),9 AVENUE,West 219 Street,West 220 Street,NB
38417,Manhattan,2025,1,10,6,45,16,73023,POINT (1008740.073465875 256746.7455227563),9 AVENUE,West 219 Street,West 220 Street,NB
38417,Manhattan,2025,1,10,7,0,10,73023,POINT (1008740.073465875 256746.7455227563),9 AVENUE,West 219 Street,West 220 Street,NB
38417,Manhattan,2025,1,10,7,15,10,73023,POINT (1008740.073465875 256746.7455227563),9 AVENUE,West 219 Street,West 220 Street,NB
38417,Manhattan,2025,1,10,7,30,13,73023,POINT (1008740.073465875 256746.7455227563),9 AVENUE,West 219 Street,West 220 Street,NB
38417,Manhattan,2025,1,10,7,45,19,73023,POINT (1008740.073465875 256746.7455227563),9 AVENUE,West 219 Street,West 220 Street,NB
38417,Manhattan,2025,1,10,8,0,9,73023,POINT (1008740.073465875 256746.7455227563),9 AVENUE,West 219 Street,West 220 Street,NB
38417,Manhattan,2025,1,10,8,15,6,73023,POINT (1008740.073465875 256746.7455227563),9 AVENUE,West 219 Street,West 220 Street,NB
38417,Manhattan,2025,1,10,8,30,5,73023,POINT (1008740.073465875 256746.7455227563),9 AVENUE,West 219 Street,West 220 Street,NB
38417,Manhattan,2025,1,10,8,45,4,73023,POINT (1008740.073465875 256746.7455227563),9 AVENUE,West 219 Street,West 220 Street,NB
38417,Manhattan,2025,1,10,9,0,4,73023,POINT (1008740.073465875 256746.7455227563),9 AVENUE,West 219 Street,West 220 Street,NB
38417,Manhattan,2025,1,10,9,15,6,73023,POINT (1008740.073465875 256746.7455227563),9 AVENUE,West 219 Street,West 220 Street,NB
38417,Manhattan,2025,1,10,9,30,2,73023,POINT (1008740.073465875 256746.7455227563),9 AVENUE,West 219 Street,West 220 Street,NB
38417,Manhattan,2025,1,10,9,45,8,73023,POINT (1008740.073465875 256746.7455227563),9 AVENUE,West 219 Street,West 220 Street,NB
38417,Manhattan,2025,1,10,10,0,4,73023,POINT (1008740.073465875 256746.7455227563),9 AVENUE,West 219 Street,West 220 Street,NB
38417,Manhattan,2025,1,10,10,15,7,73023,POINT (1008740.073465875 256746.7455227563),9 AVENUE,West 219 Street,West 220 Street,NB
38417,Manhattan,2025,1,10,10,30,4,73023,POINT (1008740.073465875 256746.7455227563),9 AVENUE,West 219 Street,West 220 Street,NB
38417,Manhattan,2025,1,10,10,45,5,73023,POINT (1008740.073465875 256746.7455227563),9 AVENUE,West 219 Street,West 220 Street,NB
38417,Manhattan,2025,1,10,11,0,8,73023,POINT (1008740.073465875 256746.7455227563),9 AVENUE,West 219 Street,West 220 Street,NB
38417,Manhattan,2025,1,10,11,15,6,73023,POINT (1008740.073465875 256746.7455227563),9 AVENUE,West 219 Street,West 220 Street,NB
38417,Manhattan,2025,1,10,11,30,10,73023,POINT (1008740.073465875 256746.7455227563),9 AVENUE,West 219 Street,West 220 Street,NB
38417,Manhattan,2025,1,10,11,45,12,73023,POINT (1008740.073465875 256746.7455227563),9 AVENUE,West 219 Street,West 220 Street,NB
38417,Manhattan,2025,1,10,12,0,10,73023,POINT (1008740.073465875 256746.7455227563),9 AVENUE,West 219 Street,West 220 Street,NB
38417,Manhattan,2025,1,10,12,15,12,73023,POINT (1008740.073465875 256746.7455227563),9 AVENUE,West 219 Street,West 220 Street,NB
38417,Manhattan,2025,1,10,12,30,11,73023,POINT (1008740.073465875 256746.7455227563),9 AVENUE,West 219 Street,West 220 Street,NB
38417,Manhattan,2025,1,10,12,45,17,73023,POINT (1008740.073465875 256746.7455227563),9 AVENUE,West 219 Street,West 220 Street,NB
38417,Manhattan,2025,1,10,13,0,15,73023,POINT (1008740.073465875 256746.7455227563),9 AVENUE,West 219 Street,West 220 Street,NB
38417,Manhattan,2025,1,10,13,15,8,73023,POINT (1008740.073465875 256746.7455227563),9 AVENUE,West 219 Street,West 220 Street,NB
38417,Manhattan,2025,1,10,13,30,19,73023,POINT (1008740.073465875 256746.7455227563),9 AVENUE,West 219 Street,West 220 Street,NB
38417,Manhattan,2025,1,10,13,45,25,73023,POINT (1008740.073465875 256746.7455227563),9 AVENUE,West 219 Street,West 220 Street,NB
38417,Manhattan,2025,1,10,14,0,26,73023,POINT (1008740.073465875 256746.7455227563),9 AVENUE,West 219 Street,West 220 Street,NB
38417,Manhattan,2025,1,10,14,15,19,73023,POINT (1008740.073465875 256746.7455227563),9 AVENUE,West 219 Street,West 220 Street,NB
38417,Manhattan,2025,1,10,14,30,14,73023,POINT (1008740.073465875 256746.7455227563),9 AVENUE,West 219 Street,West 220 Street,NB
38417,Manhattan,2025,1,10,14,45,26,73023,POINT (1008740.073465875 256746.7455227563),9 AVENUE,West 219 Street,West 220 Street,NB
38417,Manhattan,2025,1,10,15,0,10,73023,POINT (1008740.073465875 256746.7455227563),9 AVENUE,West 219 Street,West 220 Street,NB
38417,Manhattan,2025,1,10,15,15,14,73023,POINT (1008740.073465875 256746.7455227563),9 AVENUE,West 219 Street,West 220 Street,NB
38417,Manhattan,2025,1,10,15,30,19,73023,POINT (1008740.073465875 256746.7455227563),9 AVENUE,West 219 Street,West 220 Street,NB
38417,Manhattan,2025,1,10,15,45,25,73023,POINT (1008740.073465875 256746.7455227563),9 AVENUE,West 219 Street,West 220 Street,NB
38417,Manhattan,2025,1,10,16,0,13,73023,POINT (1008740.073465875 256746.7455227563),9 AVENUE,West 219 Street,West 220 Street,NB
38417,Manhattan,2025,1,10,16,15,17,73023,POINT (1008740.073465875 256746.7455227563),9 AVENUE,West 219 Street,West 220 Street,NB
38417,Manhattan,2025,1,10,16,30,24,73023,POINT (1008740.073465875 256746.7455227563),9 AVENUE,West 219 Street,West 220 Street,NB
38417,Manhattan,2025,1,10,16,45,24,73023,POINT (1008740.073465875 256746.7455227563),9 AVENUE,West 219 Street,West 220 Street,NB
38417,Manhattan,2025,1,10,17,0,7,73023,POINT (1008740.073465875 256746.7455227563),9 AVENUE,West 219 Street,West 220 Street,NB
38417,Manhattan,2025,1,10,17,15,13,73023,POINT (1008740.073465875 256746.7455227563),9 AVENUE,West 219 Street,West 220 Street,NB
38417,Manhattan,2025,1,10,17,30,11,73023,POINT (1008740.073465875 256746.7455227563),9 AVENUE,West 219 Street,West 220 Street,NB
38417,Manhattan,2025,1,10,17,45,10,73023,POINT (1008740.073465875 256746.7455227563),9 AVENUE,West 219 Street,West 220 Street,NB
38417,Manhattan,2025,1,10,18,0,9,73023,POINT (1008740.073465875 256746.7455227563),9 AVENUE,West 219 Street,West 220 Street,NB
38417,Manhattan,2025,1,10,18,15,15,73023,POINT (1008740.073465875 256746.7455227563),9 AVENUE,West 219 Street,West 220 Street,NB
38417,Manhattan,2025,1,10,18,30,11,73023,POINT (1008740.073465875 256746.7455227563),9 AVENUE,West 219 Street,West 220 Street,NB
38417,Manhattan,2025,1,10,18,45,7,73023,POINT (1008740.073465875 256746.7455227563),9 AVENUE,West 219 Street,West 220 Street,NB
38417,Manhattan,2025,1,10,19,0,7,73023,POINT (1008740.073465875 256746.7455227563),9 AVENUE,West 219 Street,West 220 Street,NB
38417,Manhattan,2025,1,10,19,15,5,73023,POINT (1008740.073465875 256746.7455227563),9 AVENUE,West 219 Street,West 220 Street,NB
38417,Manhattan,2025,1,10,19,30,2,73023,POINT (1008740.073465875 256746.7455227563),9 AVENUE,West 219 Street,West 220 Street,NB
38417,Manhattan,2025,1,10,19,45,7,73023,POINT (1008740.073465875 256746.7455227563),9 AVENUE,West 219 Street,West 220 Street,NB
38417,Manhattan,2025,1,10,20,0,4,73023,POINT (1008740.073465875 256746.7455227563),9 AVENUE,West 219 Street,West 220 Street,NB
38417,Manhattan,2025,1,10,20,15,4,73023,POINT (1008740.073465875 256746.7455227563),9 AVENUE,West 219 Street,West 220 Street,NB
38417,Manhattan,2025,1,10,20,30,2,73023,POINT (1008740.073465875 256746.7455227563),9 AVENUE,West 219 Street,West 220 Street,NB
38417,Manhattan,2025,1,10,20,45,10,73023,POINT (1008740.073465875 256746.7455227563),9 AVENUE,West 219 Street,West 220 Street,NB
38417,Manhattan,2025,1,10,21,0,3,73023,POINT (1008740.073465875 256746.7455227563),9 AVENUE,West 219 Street,West 220 Street,NB
38417,Manhattan,2025,1,10,21,15,5,73023,POINT (1008740.073465875 256746.7455227563),9 AVENUE,West 219 Street,West 220 Street,NB
38417,Manhattan,2025,1,10,21,30,3,73023,POINT (1008740.073465875 256746.7455227563),9 AVENUE,West 219 Street,West 220 Street,NB
38417,Manhattan,2025,1,10,21,45,11,73023,POINT (1008740.073465875 256746.7455227563),9 AVENUE,West 219 Street,West 220 Street,NB
38417,Manhattan,2025,1,10,22,0,5,73023,POINT (1008740.073465875 256746.7455227563),9 AVENUE,West 219 Street,West 220 Street,NB
38417,Manhattan,2025,1,10,22,15,4,73023,POINT (1008740.073465875 256746.7455227563),9 AVENUE,West 219 Street,West 220 Street,NB
38417,Manhattan,2025,1,10,22,30,2,73023,POINT (1008740.073465875 256746.7455227563),9 AVENUE,West 219 Street,West 220 Street,NB
38417,Manhattan,2025,1,10,22,45,6,73023,POINT (1008740.073465875 256746.7455227563),9 AVENUE,West 219 Street,West 220 Street,NB
38417,Manhattan,2025,1,10,23,0,4,73023,POINT (1008740.073465875 256746.7455227563),9 AVENUE,West 219 Street,West 220 Street,NB
38417,Manhattan,2025,1,10,23,15,1,73023,POINT (1008740.073465875 256746.7455227563),9 AVENUE,West 219 Street,West 220 Street,NB
38417,Manhattan,2025,1,10,17,0,21,270737,POINT (1008596.5182406532 256975.83816137625),WEST 220 STREET,Broadway,9 Avenue,EB
38417,Manhattan,2025,1,10,17,15,18,270737,POINT (1008596.5182406532 256975.83816137625),WEST 220 STREET,Broadway,9 Avenue,EB
38417,Manhattan,2025,1,10,17,30,16,270737,POINT (1008596.5182406532 256975.83816137625),WEST 220 STREET,Broadway,9 Avenue,EB
38417,Manhattan,2025,1,10,17,45,15,270737,POINT (1008596.5182406532 256975.83816137625),WEST 220 STREET,Broadway,9 Avenue,EB
38417,Manhattan,2025,1,10,18,0,14,270737,POINT (1008596.5182406532 256975.83816137625),WEST 220 STREET,Broadway,9 Avenue,EB
38417,Manhattan,2025,1,10,18,15,20,270737,POINT (1008596.5182406532 256975.83816137625),WEST 220 STREET,Broadway,9 Avenue,EB
38417,Manhattan,2025,1,10,18,30,22,270737,POINT (1008596.5182406532 256975.83816137625),WEST 220 STREET,Broadway,9 Avenue,EB
38417,Manhattan,2025,1,10,18,45,16,270737,POINT (1008596.5182406532 256975.83816137625),WEST 220 STREET,Broadway,9 Avenue,EB
38417,Manhattan,2025,1,10,19,0,21,270737,POINT (1008596.5182406532 256975.83816137625),WEST 220 STREET,Broadway,9 Avenue,EB
38417,Manhattan,2025,1,10,19,15,10,270737,POINT (1008596.5182406532 256975.83816137625),WEST 220 STREET,Broadway,9 Avenue,EB
38417,Manhattan,2025,1,10,19,30,7,270737,POINT (1008596.5182406532 256975.83816137625),WEST 220 STREET,Broadway,9 Avenue,EB
38417,Manhattan,2025,1,10,19,45,2,270737,POINT (1008596.5182406532 256975.83816137625),WEST 220 STREET,Broadway,9 Avenue,EB
38417,Manhattan,2025,1,10,20,0,6,270737,POINT (1008596.5182406532 256975.83816137625),WEST 220 STREET,Broadway,9 Avenue,EB
38417,Manhattan,2025,1,10,20,15,6,270737,POINT (1008596.5182406532 256975.83816137625),WEST 220 STREET,Broadway,9 Avenue,EB
38417,Manhattan,2025,1,10,20,30,8,270737,POINT (1008596.5182406532 256975.83816137625),WEST 220 STREET,Broadway,9 Avenue,EB
38417,Manhattan,2025,1,10,20,45,6,270737,POINT (1008596.5182406532 256975.83816137625),WEST 220 STREET,Broadway,9 Avenue,EB
38417,Manhattan,2025,1,10,21,0,1,270737,POINT (1008596.5182406532 256975.83816137625),WEST 220 STREET,Broadway,9 Avenue,EB
38417,Manhattan,2025,1,10,21,15,10,270737,POINT (1008596.5182406532 256975.83816137625),WEST 220 STREET,Broadway,9 Avenue,EB
38417,Manhattan,2025,1,10,21,30,9,270737,POINT (1008596.5182406532 256975.83816137625),WEST 220 STREET,Broadway,9 Avenue,EB
38417,Manhattan,2025,1,10,21,45,10,270737,POINT (1008596.5182406532 256975.83816137625),WEST 220 STREET,Broadway,9 Avenue,EB
38417,Manhattan,2025,1,10,22,0,4,270737,POINT (1008596.5182406532 256975.83816137625),WEST 220 STREET,Broadway,9 Avenue,EB
38417,Manhattan,2025,1,10,22,15,10,270737,POINT (1008596.5182406532 256975.83816137625),WEST 220 STREET,Broadway,9 Avenue,EB
38417,Manhattan,2025,1,10,22,30,7,270737,POINT (1008596.5182406532 256975.83816137625),WEST 220 STREET,Broadway,9 Avenue,EB
38417,Manhattan,2025,1,10,22,45,11,270737,POINT (1008596.5182406532 256975.83816137625),WEST 220 STREET,Broadway,9 Avenue,EB
38417,Manhattan,2025,1,10,23,0,12,270737,POINT (1008596.5182406532 256975.83816137625),WEST 220 STREET,Broadway,9 Avenue,EB
38417,Manhattan,2025,1,10,23,15,10,270737,POINT (1008596.5182406532 256975.83816137625),WEST 220 STREET,Broadway,9 Avenue,EB
38417,Manhattan,2025,1,10,23,30,14,270737,POINT (1008596.5182406532 256975.83816137625),WEST 220 STREET,Broadway,9 Avenue,EB
38417,Manhattan,2025,1,10,23,45,11,270737,POINT (1008596.5182406532 256975.83816137625),WEST 220 STREET,Broadway,9 Avenue,EB
39743,Manhattan,2026,1,10,0,0,22,31662,POINT (981848.6609912371 204698.1404409656),GREENWICH STREET,King Street,West Houston Street,NB
39743,Manhattan,2026,1,10,0,15,17,31662,POINT (981848.6609912371 204698.1404409656),GREENWICH STREET,King Street,West Houston Street,NB
39743,Manhattan,2026,1,10,0,30,13,31662,POINT (981848.6609912371 204698.1404409656),GREENWICH STREET,King Street,West Houston Street,NB
39743,Manhattan,2026,1,10,0,45,12,31662,POINT (981848.6609912371 204698.1404409656),GREENWICH STREET,King Street,West Houston Street,NB
39743,Manhattan,2026,1,10,1,0,12,31662,POINT (981848.6609912371 204698.1404409656),GREENWICH STREET,King Street,West Houston Street,NB
39743,Manhattan,2026,1,10,1,15,10,31662,POINT (981848.6609912371 204698.1404409656),GREENWICH STREET,King Street,West Houston Street,NB
39743,Manhattan,2026,1,10,1,30,12,31662,POINT (981848.6609912371 204698.1404409656),GREENWICH STREET,King Street,West Houston Street,NB
39743,Manhattan,2026,1,10,1,45,14,31662,POINT (981848.6609912371 204698.1404409656),GREENWICH STREET,King Street,West Houston Street,NB
39743,Manhattan,2026,1,10,2,0,16,31662,POINT (981848.6609912371 204698.1404409656),GREENWICH STREET,King Street,West Houston Street,NB
39743,Manhattan,2026,1,10,2,15,8,31662,POINT (981848.6609912371 204698.1404409656),GREENWICH STREET,King Street,West Houston Street,NB
39743,Manhattan,2026,1,10,2,30,12,31662,POINT (981848.6609912371 204698.1404409656),GREENWICH STREET,King Street,West Houston Street,NB
39743,Manhattan,2026,1,10,2,45,18,31662,POINT (981848.6609912371 204698.1404409656),GREENWICH STREET,King Street,West Houston Street,NB
39743,Manhattan,2026,1,10,3,0,7,31662,POINT (981848.6609912371 204698.1404409656),GREENWICH STREET,King Street,West Houston Street,NB
39743,Manhattan,2026,1,10,3,15,5,31662,POINT (981848.6609912371 204698.1404409656),GREENWICH STREET,King Street,West Houston Street,NB
39743,Manhattan,2026,1,10,3,30,10,31662,POINT (981848.6609912371 204698.1404409656),GREENWICH STREET,King Street,West Houston Street,NB
39743,Manhattan,2026,1,10,3,45,6,31662,POINT (981848.6609912371 204698.1404409656),GREENWICH STREET,King Street,West Houston Street,NB
39743,Manhattan,2026,1,10,4,0,7,31662,POINT (981848.6609912371 204698.1404409656),GREENWICH STREET,King Street,West Houston Street,NB
39743,Manhattan,2026,1,10,4,15,7,31662,POINT (981848.6609912371 204698.1404409656),GREENWICH STREET,King Street,West Houston Street,NB
39743,Manhattan,2026,1,10,4,30,7,31662,POINT (981848.6609912371 204698.1404409656),GREENWICH STREET,King Street,West Houston Street,NB
39743,Manhattan,2026,1,10,4,45,11,31662,POINT (981848.6609912371 204698.1404409656),GREENWICH STREET,King Street,West Houston Street,NB
39743,Manhattan,2026,1,10,5,0,4,31662,POINT (981848.6609912371 204698.1404409656),GREENWICH STREET,King Street,West Houston Street,NB
39743,Manhattan,2026,1,10,5,15,8,31662,POINT (981848.6609912371 204698.1404409656),GREENWICH STREET,King Street,West Houston Street,NB
39743,Manhattan,2026,1,10,5,30,7,31662,POINT (981848.6609912371 204698.1404409656),GREENWICH STREET,King Street,West Houston Street,NB
39743,Manhattan,2026,1,10,5,45,11,31662,POINT (981848.6609912371 204698.1404409656),GREENWICH STREET,King Street,West Houston Street,NB
39743,Manhattan,2026,1,10,6,0,9,31662,POINT (981848.6609912371 204698.1404409656),GREENWICH STREET,King Street,West Houston Street,NB
39743,Manhattan,2026,1,10,6,15,12,31662,POINT (981848.6609912371 204698.1404409656),GREENWICH STREET,King Street,West Houston Street,NB
39743,Manhattan,2026,1,10,6,30,11,31662,POINT (981848.6609912371 204698.1404409656),GREENWICH STREET,King Street,West Houston Street,NB
39743,Manhattan,2026,1,10,6,45,6,31662,POINT (981848.6609912371 204698.1404409656),GREENWICH STREET,King Street,West Houston Street,NB
39743,Manhattan,2026,1,10,7,0,12,31662,POINT (981848.6609912371 204698.1404409656),GREENWICH STREET,King Street,West Houston Street,NB
39743,Manhattan,2026,1,10,7,15,12,31662,POINT (981848.6609912371 204698.1404409656),GREENWICH STREET,King Street,West Houston Street,NB
39743,Manhattan,2026,1,10,7,30,16,31662,POINT (981848.6609912371 204698.1404409656),GREENWICH STREET,King Street,West Houston Street,NB
39743,Manhattan,2026,1,10,7,45,14,31662,POINT (981848.6609912371 204698.1404409656),GREENWICH STREET,King Street,West Houston Street,NB
39743,Manhattan,2026,1,10,8,0,14,31662,POINT (981848.6609912371 204698.1404409656),GREENWICH STREET,King Street,West Houston Street,NB
39743,Manhattan,2026,1,10,8,15,17,31662,POINT (981848.6609912371 204698.1404409656),GREENWICH STREET,King Street,West Houston Street,NB
39743,Manhattan,2026,1,10,8,30,24,31662,POINT (981848.6609912371 204698.1404409656),GREENWICH STREET,King Street,West Houston Street,NB
39743,Manhattan,2026,1,10,8,45,26,31662,POINT (981848.6609912371 204698.1404409656),GREENWICH STREET,King Street,West Houston Street,NB
39743,Manhattan,2026,1,10,9,0,13,31662,POINT (981848.6609912371 204698.1404409656),GREENWICH STREET,King Street,West Houston Street,NB
39743,Manhattan,2026,1,10,9,15,13,31662,POINT (981848.6609912371 204698.1404409656),GREENWICH STREET,King Street,West Houston Street,NB
39743,Manhattan,2026,1,10,9,30,16,31662,POINT (981848.6609912371 204698.1404409656),GREENWICH STREET,King Street,West Houston Street,NB
39743,Manhattan,2026,1,10,9,45,25,31662,POINT (981848.6609912371 204698.1404409656),GREENWICH STREET,King Street,West Houston Street,NB
39743,Manhattan,2026,1,10,10,0,20,31662,POINT (981848.6609912371 204698.1404409656),GREENWICH STREET,King Street,West Houston Street,NB
39743,Manhattan,2026,1,10,10,15,22,31662,POINT (981848.6609912371 204698.1404409656),GREENWICH STREET,King Street,West Houston Street,NB
39743,Manhattan,2026,1,10,10,30,27,31662,POINT (981848.6609912371 204698.1404409656),GREENWICH STREET,King Street,West Houston Street,NB
39743,Manhattan,2026,1,10,10,45,17,31662,POINT (981848.6609912371 204698.1404409656),GREENWICH STREET,King Street,West Houston Street,NB
39743,Manhattan,2026,1,10,11,0,24,31662,POINT (981848.6609912371 204698.1404409656),GREENWICH STREET,King Street,West Houston Street,NB
39743,Manhattan,2026,1,10,11,15,22,31662,POINT (981848.6609912371 204698.1404409656),GREENWICH STREET,King Street,West Houston Street,NB
39743,Manhattan,2026,1,10,11,30,29,31662,POINT (981848.6609912371 204698.1404409656),GREENWICH STREET,King Street,West Houston Street,NB
39743,Manhattan,2026,1,10,11,45,26,31662,POINT (981848.6609912371 204698.1404409656),GREENWICH STREET,King Street,West Houston Street,NB
39743,Manhattan,2026,1,10,12,0,22,31662,POINT (981848.6609912371 204698.1404409656),GREENWICH STREET,King Street,West Houston Street,NB
39743,Manhattan,2026,1,10,12,15,32,31662,POINT (981848.6609912371 204698.1404409656),GREENWICH STREET,King Street,West Houston Street,NB
39743,Manhattan,2026,1,10,12,30,27,31662,POINT (981848.6609912371 204698.1404409656),GREENWICH STREET,King Street,West Houston Street,NB
39743,Manhattan,2026,1,10,12,45,34,31662,POINT (981848.6609912371 204698.1404409656),GREENWICH STREET,King Street,West Houston Street,NB
39743,Manhattan,2026,1,10,13,0,25,31662,POINT (981848.6609912371 204698.1404409656),GREENWICH STREET,King Street,West Houston Street,NB
39743,Manhattan,2026,1,10,13,15,26,31662,POINT (981848.6609912371 204698.1404409656),GREENWICH STREET,King Street,West Houston Street,NB
39743,Manhattan,2026,1,10,13,30,37,31662,POINT (981848.6609912371 204698.1404409656),GREENWICH STREET,King Street,West Houston Street,NB
39743,Manhattan,2026,1,10,13,45,28,31662,POINT (981848.6609912371 204698.1404409656),GREENWICH STREET,King Street,West Houston Street,NB
39743,Manhattan,2026,1,10,14,0,40,31662,POINT (981848.6609912371 204698.1404409656),GREENWICH STREET,King Street,West Houston Street,NB
39743,Manhattan,2026,1,10,14,15,37,31662,POINT (981848.6609912371 204698.1404409656),GREENWICH STREET,King Street,West Houston Street,NB
39743,Manhattan,2026,1,10,14,30,24,31662,POINT (981848.6609912371 204698.1404409656),GREENWICH STREET,King Street,West Houston Street,NB
39743,Manhattan,2026,1,10,14,45,39,31662,POINT (981848.6609912371 204698.1404409656),GREENWICH STREET,King Street,West Houston Street,NB
39743,Manhattan,2026,1,10,15,0,45,31662,POINT (981848.6609912371 204698.1404409656),GREENWICH STREET,King Street,West Houston Street,NB
39743,Manhattan,2026,1,10,15,15,34,31662,POINT (981848.6609912371 204698.1404409656),GREENWICH STREET,King Street,West Houston Street,NB
39743,Manhattan,2026,1,10,15,30,30,31662,POINT (981848.6609912371 204698.1404409656),GREENWICH STREET,King Street,West Houston Street,NB
39743,Manhattan,2026,1,10,15,45,38,31662,POINT (981848.6609912371 204698.1404409656),GREENWICH STREET,King Street,West Houston Street,NB
39743,Manhattan,2026,1,10,16,0,37,31662,POINT (981848.6609912371 204698.1404409656),GREENWICH STREET,King Street,West Houston Street,NB
39743,Manhattan,2026,1,10,16,15,32,31662,POINT (981848.6609912371 204698.1404409656),GREENWICH STREET,King Street,West Houston Street,NB
39743,Manhattan,2026,1,10,16,30,30,31662,POINT (981848.6609912371 204698.1404409656),GREENWICH STREET,King Street,West Houston Street,NB
39743,Manhattan,2026,1,10,16,45,40,31662,POINT (981848.6609912371 204698.1404409656),GREENWICH STREET,King Street,West Houston Street,NB
39743,Manhattan,2026,1,10,17,0,35,31662,POINT (981848.6609912371 204698.1404409656),GREENWICH STREET,King Street,West Houston Street,NB
39743,Manhattan,2026,1,10,17,15,32,31662,POINT (981848.6609912371 204698.1404409656),GREENWICH STREET,King Street,West Houston Street,NB
39743,Manhattan,2026,1,10,17,30,35,31662,POINT (981848.6609912371 204698.1404409656),GREENWICH STREET,King Street,West Houston Street,NB
39743,Manhattan,2026,1,10,17,45,32,31662,POINT (981848.6609912371 204698.1404409656),GREENWICH STREET,King Street,West Houston Street,NB
39743,Manhattan,2026,1,10,18,0,37,31662,POINT (981848.6609912371 204698.1404409656),GREENWICH STREET,King Street,West Houston Street,NB
39743,Manhattan,2026,1,10,18,15,36,31662,POINT (981848.6609912371 204698.1404409656),GREENWICH STREET,King Street,West Houston Street,NB
39743,Manhattan,2026,1,10,18,30,39,31662,POINT (981848.6609912371 204698.1404409656),GREENWICH STREET,King Street,West Houston Street,NB
39743,Manhattan,2026,1,10,18,45,44,31662,POINT (981848.6609912371 204698.1404409656),GREENWICH STREET,King Street,West Houston Street,NB
39743,Manhattan,2026,1,10,19,0,35,31662,POINT (981848.6609912371 204698.1404409656),GREENWICH STREET,King Street,West Houston Street,NB
38417,Manhattan,2024,1,8,8,30,24,73023,POINT (1008740.073465875 256746.7455227563),9 AVENUE,West 219 Street,West 220 Street,SB
38417,Manhattan,2024,1,8,8,45,21,73023,POINT (1008740.073465875 256746.7455227563),9 AVENUE,West 219 Street,West 220 Street,SB
38417,Manhattan,2024,1,8,9,0,18,73023,POINT (1008740.073465875 256746.7455227563),9 AVENUE,West 219 Street,West 220 Street,SB
38417,Manhattan,2024,1,8,9,15,18,73023,POINT (1008740.073465875 256746.7455227563),9 AVENUE,West 219 Street,West 220 Street,SB
38417,Manhattan,2024,1,8,9,30,27,73023,POINT (1008740.073465875 256746.7455227563),9 AVENUE,West 219 Street,West 220 Street,SB
38417,Manhattan,2024,1,8,9,45,26,73023,POINT (1008740.073465875 256746.7455227563),9 AVENUE,West 219 Street,West 220 Street,SB
38417,Manhattan,2024,1,8,10,0,23,73023,POINT (1008740.073465875 256746.7455227563),9 AVENUE,West 219 Street,West 220 Street,SB
38417,Manhattan,2024,1,8,10,15,17,73023,POINT (1008740.073465875 256746.7455227563),9 AVENUE,West 219 Street,West 220 Street,SB
38417,Manhattan,2024,1,8,10,30,23,73023,POINT (1008740.073465875 256746.7455227563),9 AVENUE,West 219 Street,West 220 Street,SB
38417,Manhattan,2024,1,8,10,45,28,73023,POINT (1008740.073465875 256746.7455227563),9 AVENUE,West 219 Street,West 220 Street,SB
38417,Manhattan,2024,1,8,11,0,33,73023,POINT (1008740.073465875 256746.7455227563),9 AVENUE,West 219 Street,West 220 Street,SB
38417,Manhattan,2024,1,8,11,15,18,73023,POINT (1008740.073465875 256746.7455227563),9 AVENUE,West 219 Street,West 220 Street,SB
38417,Manhattan,2024,1,8,11,30,43,73023,POINT (1008740.073465875 256746.7455227563),9 AVENUE,West 219 Street,West 220 Street,SB
38417,Manhattan,2024,1,8,11,45,34,73023,POINT (1008740.073465875 256746.7455227563),9 AVENUE,West 219 Street,West 220 Street,SB
38417,Manhattan,2024,1,8,12,0,57,73023,POINT (1008740.073465875 256746.7455227563),9 AVENUE,West 219 Street,West 220 Street,SB
38417,Manhattan,2024,1,8,12,15,78,73023,POINT (1008740.073465875 256746.7455227563),9 AVENUE,West 219 Street,West 220 Street,SB
38417,Manhattan,2024,1,8,12,30,57,73023,POINT (1008740.073465875 256746.7455227563),9 AVENUE,West 219 Street,West 220 Street,SB
38417,Manhattan,2024,1,8,12,45,43,73023,POINT (1008740.073465875 256746.7455227563),9 AVENUE,West 219 Street,West 220 Street,SB
38417,Manhattan,2024,1,8,13,0,19,73023,POINT (1008740.073465875 256746.7455227563),9 AVENUE,West 219 Street,West 220 Street,SB
38417,Manhattan,2024,1,8,13,15,20,73023,POINT (1008740.073465875 256746.7455227563),9 AVENUE,West 219 Street,West 220 Street,SB
38417,Manhattan,2024,1,8,13,30,32,73023,POINT (1008740.073465875 256746.7455227563),9 AVENUE,West 219 Street,West 220 Street,SB
38417,Manhattan,2024,1,8,13,45,27,73023,POINT (1008740.073465875 256746.7455227563),9 AVENUE,West 219 Street,West 220 Street,SB
38417,Manhattan,2024,1,8,14,0,32,73023,POINT (1008740.073465875 256746.7455227563),9 AVENUE,West 219 Street,West 220 Street,SB
38417,Manhattan,2024,1,8,14,15,29,73023,POINT (1008740.073465875 256746.7455227563),9 AVENUE,West 219 Street,West 220 Street,SB
38417,Manhattan,2024,1,8,14,30,33,73023,POINT (1008740.073465875 256746.7455227563),9 AVENUE,West 219 Street,West 220 Street,SB
38417,Manhattan,2024,1,8,14,45,41,73023,POINT (1008740.073465875 256746.7455227563),9 AVENUE,West 219 Street,West 220 Street,SB
38417,Manhattan,2024,1,8,15,0,44,73023,POINT (1008740.073465875 256746.7455227563),9 AVENUE,West 219 Street,West 220 Street,SB
38417,Manhattan,2024,1,8,15,15,30,73023,POINT (1008740.073465875 256746.7455227563),9 AVENUE,West 219 Street,West 220 Street,SB
38417,Manhattan,2024,1,8,15,30,30,73023,POINT (1008740.073465875 256746.7455227563),9 AVENUE,West 219 Street,West 220 Street,SB
38417,Manhattan,2024,1,8,15,45,25,73023,POINT (1008740.073465875 256746.7455227563),9 AVENUE,West 219 Street,West 220 Street,SB
38417,Manhattan,2024,1,8,16,0,31,73023,POINT (1008740.073465875 256746.7455227563),9 AVENUE,West 219 Street,West 220 Street,SB
38417,Manhattan,2024,1,8,16,15,34,73023,POINT (1008740.073465875 256746.7455227563),9 AVENUE,West 219 Street,West 220 Street,SB
38417,Manhattan,2024,1,8,16,30,26,73023,POINT (1008740.073465875 256746.7455227563),9 AVENUE,West 219 Street,West 220 Street,SB
38417,Manhattan,2024,1,8,16,45,19,73023,POINT (1008740.073465875 256746.7455227563),9 AVENUE,West 219 Street,West 220 Street,SB
38417,Manhattan,2024,1,8,17,0,15,73023,POINT (1008740.073465875 256746.7455227563),9 AVENUE,West 219 Street,West 220 Street,SB
38417,Manhattan,2024,1,8,17,15,21,73023,POINT (1008740.073465875 256746.7455227563),9 AVENUE,West 219 Street,West 220 Street,SB
38417,Manhattan,2024,1,8,17,30,18,73023,POINT (1008740.073465875 256746.7455227563),9 AVENUE,West 219 Street,West 220 Street,SB
38417,Manhattan,2024,1,8,17,45,14,73023,POINT (1008740.073465875 256746.7455227563),9 AVENUE,West 219 Street,West 220 Street,SB
38417,Manhattan,2024,1,8,18,0,18,73023,POINT (1008740.073465875 256746.7455227563),9 AVENUE,West 219 Street,West 220 Street,SB
38417,Manhattan,2024,1,8,18,15,17,73023,POINT (1008740.073465875 256746.7455227563),9 AVENUE,West 219 Street,West 220 Street,SB
38417,Manhattan,2024,1,8,18,30,15,73023,POINT (1008740.073465875 256746.7455227563),9 AVENUE,West 219 Street,West 220 Street,SB
38417,Manhattan,2024,1,8,18,45,17,73023,POINT (1008740.073465875 256746.7455227563),9 AVENUE,West 219 Street,West 220 Street,SB
38417,Manhattan,2024,1,8,19,0,23,73023,POINT (1008740.073465875 256746.7455227563),9 AVENUE,West 219 Street,West 220 Street,SB
38417,Manhattan,2024,1,8,19,15,13,73023,POINT (1008740.073465875 256746.7455227563),9 AVENUE,West 219 Street,West 220 Street,SB
38417,Manhattan,2024,1,8,19,30,20,73023,POINT (1008740.073465875 256746.7455227563),9 AVENUE,West 219 Street,West 220 Street,SB
38417,Manhattan,2024,1,8,19,45,7,73023,POINT (1008740.073465875 256746.7455227563),9 AVENUE,West 219 Street,West 220 Street,SB
38417,Manhattan,2024,1,8,20,0,12,73023,POINT (1008740.073465875 256746.7455227563),9 AVENUE,West 219 Street,West 220 Street,SB
38417,Manhattan,2024,1,8,20,15,7,73023,POINT (1008740.073465875 256746.7455227563),9 AVENUE,West 219 Street,West 220 Street,SB
38417,Manhattan,2024,1,8,20,30,4,73023,POINT (1008740.073465875 256746.7455227563),9 AVENUE,West 219 Street,West 220 Street,SB
38417,Manhattan,2024,1,8,20,45,16,73023,POINT (1008740.073465875 256746.7455227563),9 AVENUE,West 219 Street,West 220 Street,SB
38417,Manhattan,2024,1,8,21,0,9,73023,POINT (1008740.073465875 256746.7455227563),9 AVENUE,West 219 Street,West 220 Street,SB
38417,Manhattan,2024,1,8,21,15,8,73023,POINT (1008740.073465875 256746.7455227563),9 AVENUE,West 219 Street,West 220 Street,SB
38417,Manhattan,2024,1,8,21,30,9,73023,POINT (1008740.073465875 256746.7455227563),9 AVENUE,West 219 Street,West 220 Street,SB
38417,Manhattan,2024,1,8,21,45,7,73023,POINT (1008740.073465875 256746.7455227563),9 AVENUE,West 219 Street,West 220 Street,SB
38417,Manhattan,2024,1,8,22,0,5,73023,POINT (1008740.073465875 256746.7455227563),9 AVENUE,West 219 Street,West 220 Street,SB
38417,Manhattan,2024,1,8,22,15,6,73023,POINT (1008740.073465875 256746.7455227563),9 AVENUE,West 219 Street,West 220 Street,SB
38417,Manhattan,2024,1,8,22,30,3,73023,POINT (1008740.073465875 256746.7455227563),9 AVENUE,West 219 Street,West 220 Street,SB
38417,Manhattan,2024,1,8,22,45,10,73023,POINT (1008740.073465875 256746.7455227563),9 AVENUE,West 219 Street,West 220 Street,SB
38417,Manhattan,2024,1,8,23,0,7,73023,POINT (1008740.073465875 256746.7455227563),9 AVENUE,West 219 Street,West 220 Street,SB
38417,Manhattan,2024,1,8,23,15,13,73023,POINT (1008740.073465875 256746.7455227563),9 AVENUE,West 219 Street,West 220 Street,SB
38417,Manhattan,2024,1,8,23,30,13,73023,POINT (1008740.073465875 256746.7455227563),9 AVENUE,West 219 Street,West 220 Street,SB
38417,Manhattan,2024,1,8,23,45,13,73023,POINT (1008740.073465875 256746.7455227563),9 AVENUE,West 219 Street,West 220 Street,SB
38417,Manhattan,2024,1,9,0,0,10,73023,POINT (1008740.073465875 256746.7455227563),9 AVENUE,West 219 Street,West 220 Street,SB
38417,Manhattan,2024,1,9,0,15,1,73023,POINT (1008740.073465875 256746.7455227563),9 AVENUE,West 219 Street,West 220 Street,SB
38417,Manhattan,2024,1,9,0,30,4,73023,POINT (1008740.073465875 256746.7455227563),9 AVENUE,West 219 Street,West 220 Street,SB
38417,Manhattan,2024,1,9,0,45,3,73023,POINT (1008740.073465875 256746.7455227563),9 AVENUE,West 219 Street,West 220 Street,SB
38417,Manhattan,2024,1,9,1,0,3,73023,POINT (1008740.073465875 256746.7455227563),9 AVENUE,West 219 Street,West 220 Street,SB
38417,Manhattan,2024,1,9,1,15,2,73023,POINT (1008740.073465875 256746.7455227563),9 AVENUE,West 219 Street,West 220 Street,SB
38417,Manhattan,2024,1,9,1,30,1,73023,POINT (1008740.073465875 256746.7455227563),9 AVENUE,West 219 Street,West 220 Street,SB
38417,Manhattan,2024,1,9,1,45,2,73023,POINT (1008740.073465875 256746.7455227563),9 AVENUE,West 219 Street,West 220 Street,SB
38417,Manhattan,2024,1,9,2,0,3,73023,POINT (1008740.073465875 256746.7455227563),9 AVENUE,West 219 Street,West 220 Street,SB
38417,Manhattan,2024,1,9,2,15,0,73023,POINT (1008740.073465875 256746.7455227563),9 AVENUE,West 219 Street,West 220 Street,SB
38417,Manhattan,2024,1,9,2,30,3,73023,POINT (1008740.073465875 256746.7455227563),9 AVENUE,West 219 Street,West 220 Street,SB
38417,Manhattan,2024,1,9,2,45,0,73023,POINT (1008740.073465875 256746.7455227563),9 AVENUE,West 219 Street,West 220 Street,SB
38417,Manhattan,2024,1,9,3,0,1,73023,POINT (1008740.073465875 256746.7455227563),9 AVENUE,West 219 Street,West 220 Street,SB
38417,Manhattan,2024,1,9,3,15,1,73023,POINT (1008740.073465875 256746.7455227563),9 AVENUE,West 219 Street,West 220 Street,SB
38417,Manhattan,2024,1,9,3,30,5,73023,POINT (1008740.073465875 256746.7455227563),9 AVENUE,West 219 Street,West 220 Street,SB
38417,Manhattan,2024,1,9,3,45,2,73023,POINT (1008740.073465875 256746.7455227563),9 AVENUE,West 219 Street,West 220 Street,SB
38417,Manhattan,2024,1,9,4,0,3,73023,POINT (1008740.073465875 256746.7455227563),9 AVENUE,West 219 Street,West 220 Street,SB
38417,Manhattan,2024,1,9,4,15,5,73023,POINT (1008740.073465875 256746.7455227563),9 AVENUE,West 219 Street,West 220 Street,SB
38417,Manhattan,2024,1,9,4,30,15,73023,POINT (1008740.073465875 256746.7455227563),9 AVENUE,West 219 Street,West 220 Street,SB
38417,Manhattan,2024,1,9,4,45,8,73023,POINT (1008740.073465875 256746.7455227563),9 AVENUE,West 219 Street,West 220 Street,SB
38417,Manhattan,2024,1,9,5,0,7,73023,POINT (1008740.073465875 256746.7455227563),9 AVENUE,West 219 Street,West 220 Street,SB
38417,Manhattan,2024,1,9,5,15,15,73023,POINT (1008740.073465875 256746.7455227563),9 AVENUE,West 219 Street,West 220 Street,SB
38417,Manhattan,2024,1,9,5,30,19,73023,POINT (1008740.073465875 256746.7455227563),9 AVENUE,West 219 Street,West 220 Street,SB
38417,Manhattan,2024,1,9,5,45,39,73023,POINT (1008740.073465875 256746.7455227563),9 AVENUE,West 219 Street,West 220 Street,SB
38417,Manhattan,2024,1,9,6,0,22,73023,POINT (1008740.073465875 256746.7455227563),9 AVENUE,West 219 Street,West 220 Street,SB
38417,Manhattan,2024,1,9,6,15,23,73023,POINT (1008740.073465875 256746.7455227563),9 AVENUE,West 219 Street,West 220 Street,SB
38417,Manhattan,2024,1,9,6,30,17,73023,POINT (1008740.073465875 256746.7455227563),9 AVENUE,West 219 Street,West 220 Street,SB
38417,Manhattan,2024,1,9,6,45,39,73023,POINT (1008740.073465875 256746.7455227563),9 AVENUE,West 219 Street,West 220 Street,SB
38417,Manhattan,2024,1,9,7,0,63,73023,POINT (1008740.073465875 256746.7455227563),9 AVENUE,West 219 Street,West 220 Street,SB
38417,Manhattan,2024,1,9,7,15,126,73023,POINT (1008740.073465875 256746.7455227563),9 AVENUE,West 219 Street,West 220 Street,SB
38417,Manhattan,2024,1,9,7,30,145,73023,POINT (1008740.073465875 256746.7455227563),9 AVENUE,West 219 Street,West 220 Street,SB
38417,Manhattan,2024,1,9,7,45,51,73023,POINT (1008740.073465875 256746.7455227563),9 AVENUE,West 219 Street,West 220 Street,SB
38417,Manhattan,2024,1,9,8,0,20,73023,POINT (1008740.073465875 256746.7455227563),9 AVENUE,West 219 Street,West 220 Street,SB
38417,Manhattan,2024,1,9,8,15,20,73023,POINT (1008740.073465875 256746.7455227563),9 AVENUE,West 219 Street,West 220 Street,SB
38417,Manhattan,2024,1,9,8,30,22,73023,POINT (1008740.073465875 256746.7455227563),9 AVENUE,West 219 Street,West 220 Street,SB
38417,Manhattan,2024,1,9,8,45,25,73023,POINT (1008740.073465875 256746.7455227563),9 AVENUE,West 219 Street,West 220 Street,SB
38417,Manhattan,2024,1,9,9,0,15,73023,POINT (1008740.073465875 256746.7455227563),9 AVENUE,West 219 Street,West 220 Street,SB
38417,Manhattan,2024,1,9,9,15,20,73023,POINT (1008740.073465875 256746.7455227563),9 AVENUE,West 219 Street,West 220 Street,SB
38417,Manhattan,2024,1,9,9,30,26,73023,POINT (1008740.073465875 256746.7455227563),9 AVENUE,West 219 Street,West 220 Street,SB
38417,Manhattan,2024,1,9,9,45,27,73023,POINT (1008740.073465875 256746.7455227563),9 AVENUE,West 219 Street,West 220 Street,SB
38417,Manhattan,2024,1,9,10,0,21,73023,POINT (1008740.073465875 256746.7455227563),9 AVENUE,West 219 Street,West 220 Street,SB
38417,Manhattan,2024,1,9,10,15,16,73023,POINT (1008740.073465875 256746.7455227563),9 AVENUE,West 219 Street,West 220 Street,SB
38417,Manhattan,2024,1,9,10,30,14,73023,POINT (1008740.073465875 256746.7455227563),9 AVENUE,West 219 Street,West 220 Street,SB
39743,Manhattan,2026,1,14,6,15,20,31662,POINT (981848.6609912371 204698.1404409656),GREENWICH STREET,King Street,West Houston Street,NB
39743,Manhattan,2026,1,14,6,30,20,31662,POINT (981848.6609912371 204698.1404409656),GREENWICH STREET,King Street,West Houston Street,NB
39743,Manhattan,2026,1,14,6,45,18,31662,POINT (981848.6609912371 204698.1404409656),GREENWICH STREET,King Street,West Houston Street,NB
39743,Manhattan,2026,1,14,7,0,31,31662,POINT (981848.6609912371 204698.1404409656),GREENWICH STREET,King Street,West Houston Street,NB
39743,Manhattan,2026,1,14,7,15,38,31662,POINT (981848.6609912371 204698.1404409656),GREENWICH STREET,King Street,West Houston Street,NB
39743,Manhattan,2026,1,14,7,30,37,31662,POINT (981848.6609912371 204698.1404409656),GREENWICH STREET,King Street,West Houston Street,NB
39743,Manhattan,2026,1,14,7,45,30,31662,POINT (981848.6609912371 204698.1404409656),GREENWICH STREET,King Street,West Houston Street,NB
39743,Manhattan,2026,1,14,8,0,43,31662,POINT (981848.6609912371 204698.1404409656),GREENWICH STREET,King Street,West Houston Street,NB
39743,Manhattan,2026,1,14,8,15,38,31662,POINT (981848.6609912371 204698.1404409656),GREENWICH STREET,King Street,West Houston Street,NB
39743,Manhattan,2026,1,14,8,30,42,31662,POINT (981848.6609912371 204698.1404409656),GREENWICH STREET,King Street,West Houston Street,NB
39743,Manhattan,2026,1,14,8,45,44,31662,POINT (981848.6609912371 204698.1404409656),GREENWICH STREET,King Street,West Houston Street,NB
39743,Manhattan,2026,1,14,9,0,52,31662,POINT (981848.6609912371 204698.1404409656),GREENWICH STREET,King Street,West Houston Street,NB
39743,Manhattan,2026,1,14,9,15,49,31662,POINT (981848.6609912371 204698.1404409656),GREENWICH STREET,King Street,West Houston Street,NB
39743,Manhattan,2026,1,14,9,30,48,31662,POINT (981848.6609912371 204698.1404409656),GREENWICH STREET,King Street,West Houston Street,NB
39743,Manhattan,2026,1,14,9,45,72,31662,POINT (981848.6609912371 204698.1404409656),GREENWICH STREET,King Street,West Houston Street,NB
39743,Manhattan,2026,1,14,10,0,44,31662,POINT (981848.6609912371 204698.1404409656),GREENWICH STREET,King Street,West Houston Street,NB
39743,Manhattan,2026,1,14,10,15,51,31662,POINT (981848.6609912371 204698.1404409656),GREENWICH STREET,King Street,West Houston Street,NB
39743,Manhattan,2026,1,14,10,30,54,31662,POINT (981848.6609912371 204698.1404409656),GREENWICH STREET,King Street,West Houston Street,NB
39743,Manhattan,2026,1,14,10,45,52,31662,POINT (981848.6609912371 204698.1404409656),GREENWICH STREET,King Street,West Houston Street,NB
39743,Manhattan,2026,1,14,11,0,41,31662,POINT (981848.6609912371 204698.1404409656),GREENWICH STREET,King Street,West Houston Street,NB
39743,Manhattan,2026,1,14,11,15,50,31662,POINT (981848.6609912371 204698.1404409656),GREENWICH STREET,King Street,West Houston Street,NB
39743,Manhattan,2026,1,14,11,30,45,31662,POINT (981848.6609912371 204698.1404409656),GREENWICH STREET,King Street,West Houston Street,NB
39743,Manhattan,2026,1,14,11,45,36,31662,POINT (981848.6609912371 204698.1404409656),GREENWICH STREET,King Street,West Houston Street,NB
39743,Manhattan,2026,1,14,12,0,46,31662,POINT (981848.6609912371 204698.1404409656),GREENWICH STREET,King Street,West Houston Street,NB
39743,Manhattan,2026,1,14,12,15,42,31662,POINT (981848.6609912371 204698.1404409656),GREENWICH STREET,King Street,West Houston Street,NB
39743,Manhattan,2026,1,14,12,30,35,31662,POINT (981848.6609912371 204698.1404409656),GREENWICH STREET,King Street,West Houston Street,NB
39743,Manhattan,2026,1,14,12,45,39,31662,POINT (981848.6609912371 204698.1404409656),GREENWICH STREET,King Street,West Houston Street,NB
39743,Manhattan,2026,1,14,13,0,36,31662,POINT (981848.6609912371 204698.1404409656),GREENWICH STREET,King Street,West Houston Street,NB
39743,Manhattan,2026,1,14,13,15,47,31662,POINT (981848.6609912371 204698.1404409656),GREENWICH STREET,King Street,West Houston Street,NB
39743,Manhattan,2026,1,14,13,30,34,31662,POINT (981848.6609912371 204698.1404409656),GREENWICH STREET,King Street,West Houston Street,NB
39743,Manhattan,2026,1,14,13,45,32,31662,POINT (981848.6609912371 204698.1404409656),GREENWICH STREET,King Street,West Houston Street,NB
39743,Manhattan,2026,1,14,14,0,41,31662,POINT (981848.6609912371 204698.1404409656),GREENWICH STREET,King Street,West Houston Street,NB
39743,Manhattan,2026,1,14,14,15,39,31662,POINT (981848.6609912371 204698.1404409656),GREENWICH STREET,King Street,West Houston Street,NB
39743,Manhattan,2026,1,14,14,30,33,31662,POINT (981848.6609912371 204698.1404409656),GREENWICH STREET,King Street,West Houston Street,NB
39743,Manhattan,2026,1,14,14,45,42,31662,POINT (981848.6609912371 204698.1404409656),GREENWICH STREET,King Street,West Houston Street,NB
39743,Manhattan,2026,1,14,15,0,40,31662,POINT (981848.6609912371 204698.1404409656),GREENWICH STREET,King Street,West Houston Street,NB
39743,Manhattan,2026,1,14,15,15,29,31662,POINT (981848.6609912371 204698.1404409656),GREENWICH STREET,King Street,West Houston Street,NB
39743,Manhattan,2026,1,14,15,30,24,31662,POINT (981848.6609912371 204698.1404409656),GREENWICH STREET,King Street,West Houston Street,NB
39743,Manhattan,2026,1,14,15,45,30,31662,POINT (981848.6609912371 204698.1404409656),GREENWICH STREET,King Street,West Houston Street,NB
39743,Manhattan,2026,1,14,16,0,31,31662,POINT (981848.6609912371 204698.1404409656),GREENWICH STREET,King Street,West Houston Street,NB
39743,Manhattan,2026,1,14,16,15,38,31662,POINT (981848.6609912371 204698.1404409656),GREENWICH STREET,King Street,West Houston Street,NB
39743,Manhattan,2026,1,14,16,30,25,31662,POINT (981848.6609912371 204698.1404409656),GREENWICH STREET,King Street,West Houston Street,NB
39743,Manhattan,2026,1,14,16,45,26,31662,POINT (981848.6609912371 204698.1404409656),GREENWICH STREET,King Street,West Houston Street,NB
39743,Manhattan,2026,1,14,17,0,22,31662,POINT (981848.6609912371 204698.1404409656),GREENWICH STREET,King Street,West Houston Street,NB
39743,Manhattan,2026,1,14,17,15,28,31662,POINT (981848.6609912371 204698.1404409656),GREENWICH STREET,King Street,West Houston Street,NB
39743,Manhattan,2026,1,14,17,30,27,31662,POINT (981848.6609912371 204698.1404409656),GREENWICH STREET,King Street,West Houston Street,NB
39743,Manhattan,2026,1,14,17,45,26,31662,POINT (981848.6609912371 204698.1404409656),GREENWICH STREET,King Street,West Houston Street,NB
39743,Manhattan,2026,1,14,18,0,19,31662,POINT (981848.6609912371 204698.1404409656),GREENWICH STREET,King Street,West Houston Street,NB
39743,Manhattan,2026,1,14,18,15,25,31662,POINT (981848.6609912371 204698.1404409656),GREENWICH STREET,King Street,West Houston Street,NB
39743,Manhattan,2026,1,14,18,30,28,31662,POINT (981848.6609912371 204698.1404409656),GREENWICH STREET,King Street,West Houston Street,NB
39743,Manhattan,2026,1,14,18,45,31,31662,POINT (981848.6609912371 204698.1404409656),GREENWICH STREET,King Street,West Houston Street,NB
39743,Manhattan,2026,1,14,19,0,35,31662,POINT (981848.6609912371 204698.1404409656),GREENWICH STREET,King Street,West Houston Street,NB
39743,Manhattan,2026,1,14,19,15,28,31662,POINT (981848.6609912371 204698.1404409656),GREENWICH STREET,King Street,West Houston Street,NB
39743,Manhattan,2026,1,14,19,30,29,31662,POINT (981848.6609912371 204698.1404409656),GREENWICH STREET,King Street,West Houston Street,NB
39743,Manhattan,2026,1,14,19,45,37,31662,POINT (981848.6609912371 204698.1404409656),GREENWICH STREET,King Street,West Houston Street,NB
39743,Manhattan,2026,1,14,20,0,25,31662,POINT (981848.6609912371 204698.1404409656),GREENWICH STREET,King Street,West Houston Street,NB
39743,Manhattan,2026,1,14,20,15,25,31662,POINT (981848.6609912371 204698.1404409656),GREENWICH STREET,King Street,West Houston Street,NB
39743,Manhattan,2026,1,14,20,30,28,31662,POINT (981848.6609912371 204698.1404409656),GREENWICH STREET,King Street,West Houston Street,NB
39743,Manhattan,2026,1,14,20,45,22,31662,POINT (981848.6609912371 204698.1404409656),GREENWICH STREET,King Street,West Houston Street,NB
39743,Manhattan,2026,1,14,21,0,25,31662,POINT (981848.6609912371 204698.1404409656),GREENWICH STREET,King Street,West Houston Street,NB
39743,Manhattan,2026,1,14,21,15,21,31662,POINT (981848.6609912371 204698.1404409656),GREENWICH STREET,King Street,West Houston Street,NB
39743,Manhattan,2026,1,14,21,30,27,31662,POINT (981848.6609912371 204698.1404409656),GREENWICH STREET,King Street,West Houston Street,NB
39743,Manhattan,2026,1,14,21,45,23,31662,POINT (981848.6609912371 204698.1404409656),GREENWICH STREET,King Street,West Houston Street,NB
39743,Manhattan,2026,1,14,22,0,13,31662,POINT (981848.6609912371 204698.1404409656),GREENWICH STREET,King Street,West Houston Street,NB
39743,Manhattan,2026,1,14,22,15,17,31662,POINT (981848.6609912371 204698.1404409656),GREENWICH STREET,King Street,West Houston Street,NB
39743,Manhattan,2026,1,14,22,30,24,31662,POINT (981848.6609912371 204698.1404409656),GREENWICH STREET,King Street,West Houston Street,NB
39743,Manhattan,2026,1,14,22,45,17,31662,POINT (981848.6609912371 204698.1404409656),GREENWICH STREET,King Street,West Houston Street,NB
39743,Manhattan,2026,1,14,23,0,17,31662,POINT (981848.6609912371 204698.1404409656),GREENWICH STREET,King Street,West Houston Street,NB
39743,Manhattan,2026,1,14,23,15,16,31662,POINT (981848.6609912371 204698.1404409656),GREENWICH STREET,King Street,West Houston Street,NB
39743,Manhattan,2026,1,14,23,30,15,31662,POINT (981848.6609912371 204698.1404409656),GREENWICH STREET,King Street,West Houston Street,NB
39743,Manhattan,2026,1,14,23,45,15,31662,POINT (981848.6609912371 204698.1404409656),GREENWICH STREET,King Street,West Houston Street,NB
39743,Manhattan,2026,1,15,0,0,12,31662,POINT (981848.6609912371 204698.1404409656),GREENWICH STREET,King Street,West Houston Street,NB
39743,Manhattan,2026,1,15,0,15,19,31662,POINT (981848.6609912371 204698.1404409656),GREENWICH STREET,King Street,West Houston Street,NB
39743,Manhattan,2026,1,15,0,30,4,31662,POINT (981848.6609912371 204698.1404409656),GREENWICH STREET,King Street,West Houston Street,NB
39743,Manhattan,2026,1,15,0,45,11,31662,POINT (981848.6609912371 204698.1404409656),GREENWICH STREET,King Street,West Houston Street,NB
39743,Manhattan,2026,1,15,1,0,6,31662,POINT (981848.6609912371 204698.1404409656),GREENWICH STREET,King Street,West Houston Street,NB
39743,Manhattan,2026,1,15,1,15,8,31662,POINT (981848.6609912371 204698.1404409656),GREENWICH STREET,King Street,West Houston Street,NB
39743,Manhattan,2026,1,15,1,30,5,31662,POINT (981848.6609912371 204698.1404409656),GREENWICH STREET,King Street,West Houston Street,NB
39743,Manhattan,2026,1,15,1,45,5,31662,POINT (981848.6609912371 204698.1404409656),GREENWICH STREET,King Street,West Houston Street,NB
39743,Manhattan,2026,1,15,2,0,10,31662,POINT (981848.6609912371 204698.1404409656),GREENWICH STREET,King Street,West Houston Street,NB
39743,Manhattan,2026,1,15,2,15,4,31662,POINT (981848.6609912371 204698.1404409656),GREENWICH STREET,King Street,West Houston Street,NB
39743,Manhattan,2026,1,15,2,30,5,31662,POINT (981848.6609912371 204698.1404409656),GREENWICH STREET,King Street,West Houston Street,NB
39743,Manhattan,2026,1,15,2,45,1,31662,POINT (981848.6609912371 204698.1404409656),GREENWICH STREET,King Street,West Houston Street,NB
39743,Manhattan,2026,1,15,3,0,9,31662,POINT (981848.6609912371 204698.1404409656),GREENWICH STREET,King Street,West Houston Street,NB
39743,Manhattan,2026,1,15,3,15,3,31662,POINT (981848.6609912371 204698.1404409656),GREENWICH STREET,King Street,West Houston Street,NB
39743,Manhattan,2026,1,15,3,30,5,31662,POINT (981848.6609912371 204698.1404409656),GREENWICH STREET,King Street,West Houston Street,NB
39743,Manhattan,2026,1,15,3,45,6,31662,POINT (981848.6609912371 204698.1404409656),GREENWICH STREET,King Street,West Houston Street,NB
39743,Manhattan,2026,1,15,4,0,10,31662,POINT (981848.6609912371 204698.1404409656),GREENWICH STREET,King Street,West Houston Street,NB
39743,Manhattan,2026,1,15,4,15,6,31662,POINT (981848.6609912371 204698.1404409656),GREENWICH STREET,King Street,West Houston Street,NB
39743,Manhattan,2026,1,15,4,30,8,31662,POINT (981848.6609912371 204698.1404409656),GREENWICH STREET,King Street,West Houston Street,NB
39743,Manhattan,2026,1,15,4,45,10,31662,POINT (981848.6609912371 204698.1404409656),GREENWICH STREET,King Street,West Houston Street,NB
39743,Manhattan,2026,1,15,5,0,9,31662,POINT (981848.6609912371 204698.1404409656),GREENWICH STREET,King Street,West Houston Street,NB
39743,Manhattan,2026,1,15,5,15,7,31662,POINT (981848.6609912371 204698.1404409656),GREENWICH STREET,King Street,West Houston Street,NB
39743,Manhattan,2026,1,15,5,30,14,31662,POINT (981848.6609912371 204698.1404409656),GREENWICH STREET,King Street,West Houston Street,NB
39743,Manhattan,2026,1,15,5,45,9,31662,POINT (981848.6609912371 204698.1404409656),GREENWICH STREET,King Street,West Houston Street,NB
39743,Manhattan,2026,1,15,6,0,12,31662,POINT (981848.6609912371 204698.1404409656),GREENWICH STREET,King Street,West Houston Street,NB
39743,Manhattan,2026,1,15,6,15,18,31662,POINT (981848.6609912371 204698.1404409656),GREENWICH STREET,King Street,West Houston Street,NB
39743,Manhattan,2026,1,15,6,30,19,31662,POINT (981848.6609912371 204698.1404409656),GREENWICH STREET,King Street,West Houston Street,NB
39743,Manhattan,2026,1,15,6,45,25,31662,POINT (981848.6609912371 204698.1404409656),GREENWICH STREET,King Street,West Houston Street,NB
39743,Manhattan,2026,1,15,7,0,36,31662,POINT (981848.6609912371 204698.1404409656),GREENWICH STREET,King Street,West Houston Street,NB
39743,Manhattan,2026,1,15,7,15,35,31662,POINT (981848.6609912371 204698.1404409656),GREENWICH STREET,King Street,West Houston Street,NB
39743,Manhattan,2026,1,15,7,30,30,31662,POINT (981848.6609912371 204698.1404409656),GREENWICH STREET,King Street,West Houston Street,NB
39743,Manhattan,2026,1,15,7,45,35,31662,POINT (981848.6609912371 204698.1404409656),GREENWICH STREET,King Street,West Houston Street,NB
39743,Manhattan,2026,1,15,8,0,34,31662,POINT (981848.6609912371 204698.1404409656),GREENWICH STREET,King Street,West Houston Street,NB
39743,Manhattan,2026,1,15,8,15,43,31662,POINT (981848.6609912371 204698.1404409656),GREENWICH STREET,King Street,West Houston Street,NB
39743,Manhattan,2026,1,10,19,15,54,31662,POINT (981848.6609912371 204698.1404409656),GREENWICH STREET,King Street,West Houston Street,NB
39743,Manhattan,2026,1,10,19,30,45,31662,POINT (981848.6609912371 204698.1404409656),GREENWICH STREET,King Street,West Houston Street,NB
39743,Manhattan,2026,1,10,19,45,52,31662,POINT (981848.6609912371 204698.1404409656),GREENWICH STREET,King Street,West Houston Street,NB
39743,Manhattan,2026,1,10,20,0,38,31662,POINT (981848.6609912371 204698.1404409656),GREENWICH STREET,King Street,West Houston Street,NB
39743,Manhattan,2026,1,10,20,15,39,31662,POINT (981848.6609912371 204698.1404409656),GREENWICH STREET,King Street,West Houston Street,NB
39743,Manhattan,2026,1,10,20,30,37,31662,POINT (981848.6609912371 204698.1404409656),GREENWICH STREET,King Street,West Houston Street,NB
39743,Manhattan,2026,1,10,20,45,31,31662,POINT (981848.6609912371 204698.1404409656),GREENWICH STREET,King Street,West Houston Street,NB
39743,Manhattan,2026,1,11,1,15,17,31662,POINT (981848.6609912371 204698.1404409656),GREENWICH STREET,King Street,West Houston Street,NB
39743,Manhattan,2026,1,11,1,30,18,31662,POINT (981848.6609912371 204698.1404409656),GREENWICH STREET,King Street,West Houston Street,NB
39743,Manhattan,2026,1,11,1,45,13,31662,POINT (981848.6609912371 204698.1404409656),GREENWICH STREET,King Street,West Houston Street,NB
39743,Manhattan,2026,1,11,2,0,15,31662,POINT (981848.6609912371 204698.1404409656),GREENWICH STREET,King Street,West Houston Street,NB
39743,Manhattan,2026,1,11,2,15,11,31662,POINT (981848.6609912371 204698.1404409656),GREENWICH STREET,King Street,West Houston Street,NB
39743,Manhattan,2026,1,11,2,30,8,31662,POINT (981848.6609912371 204698.1404409656),GREENWICH STREET,King Street,West Houston Street,NB
39743,Manhattan,2026,1,11,2,45,7,31662,POINT (981848.6609912371 204698.1404409656),GREENWICH STREET,King Street,West Houston Street,NB
39743,Manhattan,2026,1,11,3,0,4,31662,POINT (981848.6609912371 204698.1404409656),GREENWICH STREET,King Street,West Houston Street,NB
39743,Manhattan,2026,1,11,3,15,8,31662,POINT (981848.6609912371 204698.1404409656),GREENWICH STREET,King Street,West Houston Street,NB
39743,Manhattan,2026,1,11,3,30,12,31662,POINT (981848.6609912371 204698.1404409656),GREENWICH STREET,King Street,West Houston Street,NB
39743,Manhattan,2026,1,11,3,45,8,31662,POINT (981848.6609912371 204698.1404409656),GREENWICH STREET,King Street,West Houston Street,NB
39743,Manhattan,2026,1,11,4,0,3,31662,POINT (981848.6609912371 204698.1404409656),GREENWICH STREET,King Street,West Houston Street,NB
39743,Manhattan,2026,1,11,4,15,10,31662,POINT (981848.6609912371 204698.1404409656),GREENWICH STREET,King Street,West Houston Street,NB
39743,Manhattan,2026,1,11,4,30,4,31662,POINT (981848.6609912371 204698.1404409656),GREENWICH STREET,King Street,West Houston Street,NB
39743,Manhattan,2026,1,11,4,45,3,31662,POINT (981848.6609912371 204698.1404409656),GREENWICH STREET,King Street,West Houston Street,NB
39743,Manhattan,2026,1,11,5,0,3,31662,POINT (981848.6609912371 204698.1404409656),GREENWICH STREET,King Street,West Houston Street,NB
39743,Manhattan,2026,1,11,5,15,4,31662,POINT (981848.6609912371 204698.1404409656),GREENWICH STREET,King Street,West Houston Street,NB
39743,Manhattan,2026,1,11,5,30,5,31662,POINT (981848.6609912371 204698.1404409656),GREENWICH STREET,King Street,West Houston Street,NB
39743,Manhattan,2026,1,11,5,45,2,31662,POINT (981848.6609912371 204698.1404409656),GREENWICH STREET,King Street,West Houston Street,NB
39743,Manhattan,2026,1,11,6,0,5,31662,POINT (981848.6609912371 204698.1404409656),GREENWICH STREET,King Street,West Houston Street,NB
39743,Manhattan,2026,1,11,6,15,5,31662,POINT (981848.6609912371 204698.1404409656),GREENWICH STREET,King Street,West Houston Street,NB
39743,Manhattan,2026,1,11,6,30,6,31662,POINT (981848.6609912371 204698.1404409656),GREENWICH STREET,King Street,West Houston Street,NB
39743,Manhattan,2026,1,11,6,45,4,31662,POINT (981848.6609912371 204698.1404409656),GREENWICH STREET,King Street,West Houston Street,NB
39743,Manhattan,2026,1,11,7,0,7,31662,POINT (981848.6609912371 204698.1404409656),GREENWICH STREET,King Street,West Houston Street,NB
39743,Manhattan,2026,1,11,7,15,7,31662,POINT (981848.6609912371 204698.1404409656),GREENWICH STREET,King Street,West Houston Street,NB
39743,Manhattan,2026,1,11,7,30,9,31662,POINT (981848.6609912371 204698.1404409656),GREENWICH STREET,King Street,West Houston Street,NB
39743,Manhattan,2026,1,11,7,45,10,31662,POINT (981848.6609912371 204698.1404409656),GREENWICH STREET,King Street,West Houston Street,NB
39743,Manhattan,2026,1,11,8,0,7,31662,POINT (981848.6609912371 204698.1404409656),GREENWICH STREET,King Street,West Houston Street,NB
39743,Manhattan,2026,1,11,8,15,5,31662,POINT (981848.6609912371 204698.1404409656),GREENWICH STREET,King Street,West Houston Street,NB
39743,Manhattan,2026,1,11,8,30,5,31662,POINT (981848.6609912371 204698.1404409656),GREENWICH STREET,King Street,West Houston Street,NB
39743,Manhattan,2026,1,11,8,45,15,31662,POINT (981848.6609912371 204698.1404409656),GREENWICH STREET,King Street,West Houston Street,NB
39743,Manhattan,2026,1,11,9,0,9,31662,POINT (981848.6609912371 204698.1404409656),GREENWICH STREET,King Street,West Houston Street,NB
39743,Manhattan,2026,1,11,9,15,11,31662,POINT (981848.6609912371 204698.1404409656),GREENWICH STREET,King Street,West Houston Street,NB
39743,Manhattan,2026,1,11,9,30,12,31662,POINT (981848.6609912371 204698.1404409656),GREENWICH STREET,King Street,West Houston Street,NB
39743,Manhattan,2026,1,11,9,45,12,31662,POINT (981848.6609912371 204698.1404409656),GREENWICH STREET,King Street,West Houston Street,NB
39743,Manhattan,2026,1,11,10,0,14,31662,POINT (981848.6609912371 204698.1404409656),GREENWICH STREET,King Street,West Houston Street,NB
39743,Manhattan,2026,1,11,10,15,12,31662,POINT (981848.6609912371 204698.1404409656),GREENWICH STREET,King Street,West Houston Street,NB
39743,Manhattan,2026,1,11,10,30,15,31662,POINT (981848.6609912371 204698.1404409656),GREENWICH STREET,King Street,West Houston Street,NB
39743,Manhattan,2026,1,11,10,45,10,31662,POINT (981848.6609912371 204698.1404409656),GREENWICH STREET,King Street,West Houston Street,NB
39743,Manhattan,2026,1,11,11,0,15,31662,POINT (981848.6609912371 204698.1404409656),GREENWICH STREET,King Street,West Houston Street,NB
39743,Manhattan,2026,1,11,11,15,20,31662,POINT (981848.6609912371 204698.1404409656),GREENWICH STREET,King Street,West Houston Street,NB
39743,Manhattan,2026,1,11,11,30,23,31662,POINT (981848.6609912371 204698.1404409656),GREENWICH STREET,King Street,West Houston Street,NB
39743,Manhattan,2026,1,11,11,45,20,31662,POINT (981848.6609912371 204698.1404409656),GREENWICH STREET,King Street,West Houston Street,NB
39743,Manhattan,2026,1,11,12,0,17,31662,POINT (981848.6609912371 204698.1404409656),GREENWICH STREET,King Street,West Houston Street,NB
39743,Manhattan,2026,1,11,12,15,25,31662,POINT (981848.6609912371 204698.1404409656),GREENWICH STREET,King Street,West Houston Street,NB
39743,Manhattan,2026,1,11,12,30,27,31662,POINT (981848.6609912371 204698.1404409656),GREENWICH STREET,King Street,West Houston Street,NB
39743,Manhattan,2026,1,11,12,45,26,31662,POINT (981848.6609912371 204698.1404409656),GREENWICH STREET,King Street,West Houston Street,NB
39743,Manhattan,2026,1,11,13,0,20,31662,POINT (981848.6609912371 204698.1404409656),GREENWICH STREET,King Street,West Houston Street,NB
39743,Manhattan,2026,1,11,13,15,32,31662,POINT (981848.6609912371 204698.1404409656),GREENWICH STREET,King Street,West Houston Street,NB
39743,Manhattan,2026,1,11,13,30,21,31662,POINT (981848.6609912371 204698.1404409656),GREENWICH STREET,King Street,West Houston Street,NB
39743,Manhattan,2026,1,11,13,45,20,31662,POINT (981848.6609912371 204698.1404409656),GREENWICH STREET,King Street,West Houston Street,NB
39743,Manhattan,2026,1,11,14,0,26,31662,POINT (981848.6609912371 204698.1404409656),GREENWICH STREET,King Street,West Houston Street,NB
39743,Manhattan,2026,1,11,14,15,17,31662,POINT (981848.6609912371 204698.1404409656),GREENWICH STREET,King Street,West Houston Street,NB
39743,Manhattan,2026,1,11,14,30,28,31662,POINT (981848.6609912371 204698.1404409656),GREENWICH STREET,King Street,West Houston Street,NB
39743,Manhattan,2026,1,11,14,45,19,31662,POINT (981848.6609912371 204698.1404409656),GREENWICH STREET,King Street,West Houston Street,NB
39743,Manhattan,2026,1,11,15,0,30,31662,POINT (981848.6609912371 204698.1404409656),GREENWICH STREET,King Street,West Houston Street,NB
39743,Manhattan,2026,1,11,15,15,25,31662,POINT (981848.6609912371 204698.1404409656),GREENWICH STREET,King Street,West Houston Street,NB
39743,Manhattan,2026,1,11,15,30,26,31662,POINT (981848.6609912371 204698.1404409656),GREENWICH STREET,King Street,West Houston Street,NB
39743,Manhattan,2026,1,11,15,45,30,31662,POINT (981848.6609912371 204698.1404409656),GREENWICH STREET,King Street,West Houston Street,NB
39743,Manhattan,2026,1,11,16,0,24,31662,POINT (981848.6609912371 204698.1404409656),GREENWICH STREET,King Street,West Houston Street,NB
39743,Manhattan,2026,1,11,16,15,20,31662,POINT (981848.6609912371 204698.1404409656),GREENWICH STREET,King Street,West Houston Street,NB
39743,Manhattan,2026,1,11,16,30,27,31662,POINT (981848.6609912371 204698.1404409656),GREENWICH STREET,King Street,West Houston Street,NB
39743,Manhattan,2026,1,11,16,45,21,31662,POINT (981848.6609912371 204698.1404409656),GREENWICH STREET,King Street,West Houston Street,NB
39743,Manhattan,2026,1,11,17,0,20,31662,POINT (981848.6609912371 204698.1404409656),GREENWICH STREET,King Street,West Houston Street,NB
39743,Manhattan,2026,1,11,17,15,33,31662,POINT (981848.6609912371 204698.1404409656),GREENWICH STREET,King Street,West Houston Street,NB
39743,Manhattan,2026,1,11,17,30,37,31662,POINT (981848.6609912371 204698.1404409656),GREENWICH STREET,King Street,West Houston Street,NB
39743,Manhattan,2026,1,11,17,45,22,31662,POINT (981848.6609912371 204698.1404409656),GREENWICH STREET,King Street,West Houston Street,NB
39743,Manhattan,2026,1,11,18,0,26,31662,POINT (981848.6609912371 204698.1404409656),GREENWICH STREET,King Street,West Houston Street,NB
39743,Manhattan,2026,1,11,18,15,30,31662,POINT (981848.6609912371 204698.1404409656),GREENWICH STREET,King Street,West Houston Street,NB
39743,Manhattan,2026,1,11,18,30,20,31662,POINT (981848.6609912371 204698.1404409656),GREENWICH STREET,King Street,West Houston Street,NB
39743,Manhattan,2026,1,11,18,45,20,31662,POINT (981848.6609912371 204698.1404409656),GREENWICH STREET,King Street,West Houston Street,NB
39743,Manhattan,2026,1,11,19,0,24,31662,POINT (981848.6609912371 204698.1404409656),GREENWICH STREET,King Street,West Houston Street,NB
39743,Manhattan,2026,1,11,19,15,18,31662,POINT (981848.6609912371 204698.1404409656),GREENWICH STREET,King Street,West Houston Street,NB
39743,Manhattan,2026,1,11,19,30,21,31662,POINT (981848.6609912371 204698.1404409656),GREENWICH STREET,King Street,West Houston Street,NB
39743,Manhattan,2026,1,11,19,45,14,31662,POINT (981848.6609912371 204698.1404409656),GREENWICH STREET,King Street,West Houston Street,NB
39743,Manhattan,2026,1,11,20,0,26,31662,POINT (981848.6609912371 204698.1404409656),GREENWICH STREET,King Street,West Houston Street,NB
39743,Manhattan,2026,1,11,20,15,20,31662,POINT (981848.6609912371 204698.1404409656),GREENWICH STREET,King Street,West Houston Street,NB
39743,Manhattan,2026,1,11,20,30,29,31662,POINT (981848.6609912371 204698.1404409656),GREENWICH STREET,King Street,West Houston Street,NB
39743,Manhattan,2026,1,11,20,45,23,31662,POINT (981848.6609912371 204698.1404409656),GREENWICH STREET,King Street,West Houston Street,NB
39743,Manhattan,2026,1,11,21,0,13,31662,POINT (981848.6609912371 204698.1404409656),GREENWICH STREET,King Street,West Houston Street,NB
39743,Manhattan,2026,1,11,21,15,24,31662,POINT (981848.6609912371 204698.1404409656),GREENWICH STREET,King Street,West Houston Street,NB
39743,Manhattan,2026,1,11,21,30,13,31662,POINT (981848.6609912371 204698.1404409656),GREENWICH STREET,King Street,West Houston Street,NB
39743,Manhattan,2026,1,11,21,45,13,31662,POINT (981848.6609912371 204698.1404409656),GREENWICH STREET,King Street,West Houston Street,NB
39743,Manhattan,2026,1,11,22,0,14,31662,POINT (981848.6609912371 204698.1404409656),GREENWICH STREET,King Street,West Houston Street,NB
39743,Manhattan,2026,1,11,22,15,14,31662,POINT (981848.6609912371 204698.1404409656),GREENWICH STREET,King Street,West Houston Street,NB
39743,Manhattan,2026,1,11,22,30,12,31662,POINT (981848.6609912371 204698.1404409656),GREENWICH STREET,King Street,West Houston Street,NB
39743,Manhattan,2026,1,11,22,45,13,31662,POINT (981848.6609912371 204698.1404409656),GREENWICH STREET,King Street,West Houston Street,NB
39743,Manhattan,2026,1,11,23,0,7,31662,POINT (981848.6609912371 204698.1404409656),GREENWICH STREET,King Street,West Houston Street,NB
39743,Manhattan,2026,1,11,23,15,17,31662,POINT (981848.6609912371 204698.1404409656),GREENWICH STREET,King Street,West Houston Street,NB
39743,Manhattan,2026,1,11,23,30,16,31662,POINT (981848.6609912371 204698.1404409656),GREENWICH STREET,King Street,West Houston Street,NB
39743,Manhattan,2026,1,11,23,45,10,31662,POINT (981848.6609912371 204698.1404409656),GREENWICH STREET,King Street,West Houston Street,NB
39743,Manhattan,2026,1,12,0,0,5,31662,POINT (981848.6609912371 204698.1404409656),GREENWICH STREET,King Street,West Houston Street,NB
39743,Manhattan,2026,1,12,0,15,11,31662,POINT (981848.6609912371 204698.1404409656),GREENWICH STREET,King Street,West Houston Street,NB
39743,Manhattan,2026,1,12,0,30,5,31662,POINT (981848.6609912371 204698.1404409656),GREENWICH STREET,King Street,West Houston Street,NB
39743,Manhattan,2026,1,12,0,45,4,31662,POINT (981848.6609912371 204698.1404409656),GREENWICH STREET,King Street,West Houston Street,NB
39743,Manhattan,2026,1,12,1,0,3,31662,POINT (981848.6609912371 204698.1404409656),GREENWICH STREET,King Street,West Houston Street,NB
39743,Manhattan,2026,1,12,1,15,3,31662,POINT (981848.6609912371 204698.1404409656),GREENWICH STREET,King Street,West Houston Street,NB
39743,Manhattan,2026,1,12,1,30,8,31662,POINT (981848.6609912371 204698.1404409656),GREENWICH STREET,King Street,West Houston Street,NB
39743,Manhattan,2026,1,12,1,45,5,31662,POINT (981848.6609912371 204698.1404409656),GREENWICH STREET,King Street,West Houston Street,NB
39743,Manhattan,2026,1,12,2,0,6,31662,POINT (981848.6609912371 204698.1404409656),GREENWICH STREET,King Street,West Houston Street,NB
39743,Manhattan,2026,1,12,2,15,3,31662,POINT (981848.6609912371 204698.1404409656),GREENWICH STREET,King Street,West Houston Street,NB
39743,Manhattan,2026,1,12,2,30,2,31662,POINT (981848.6609912371 204698.1404409656),GREENWICH STREET,King Street,West Houston Street,NB
39743,Manhattan,2026,1,12,2,45,1,31662,POINT (981848.6609912371 204698.1404409656),GREENWICH STREET,King Street,West Houston Street,NB
39743,Manhattan,2026,1,12,3,0,1,31662,POINT (981848.6609912371 204698.1404409656),GREENWICH STREET,King Street,West Houston Street,NB
39743,Manhattan,2026,1,12,3,15,8,31662,POINT (981848.6609912371 204698.1404409656),GREENWICH STREET,King Street,West Houston Street,NB
39743,Manhattan,2026,1,12,3,30,3,31662,POINT (981848.6609912371 204698.1404409656),GREENWICH STREET,King Street,West Houston Street,NB
39743,Manhattan,2026,1,12,3,45,10,31662,POINT (981848.6609912371 204698.1404409656),GREENWICH STREET,King Street,West Houston Street,NB
39743,Manhattan,2026,1,12,4,0,6,31662,POINT (981848.6609912371 204698.1404409656),GREENWICH STREET,King Street,West Houston Street,NB
39743,Manhattan,2026,1,12,4,15,6,31662,POINT (981848.6609912371 204698.1404409656),GREENWICH STREET,King Street,West Houston Street,NB
39743,Manhattan,2026,1,12,4,30,5,31662,POINT (981848.6609912371 204698.1404409656),GREENWICH STREET,King Street,West Houston Street,NB
39743,Manhattan,2026,1,12,4,45,8,31662,POINT (981848.6609912371 204698.1404409656),GREENWICH STREET,King Street,West Houston Street,NB
39743,Manhattan,2026,1,12,5,0,15,31662,POINT (981848.6609912371 204698.1404409656),GREENWICH STREET,King Street,West Houston Street,NB
39743,Manhattan,2026,1,12,5,15,10,31662,POINT (981848.6609912371 204698.1404409656),GREENWICH STREET,King Street,West Houston Street,NB
39743,Manhattan,2026,1,12,5,30,10,31662,POINT (981848.6609912371 204698.1404409656),GREENWICH STREET,King Street,West Houston Street,NB
39743,Manhattan,2026,1,12,5,45,8,31662,POINT (981848.6609912371 204698.1404409656),GREENWICH STREET,King Street,West Houston Street,NB
39743,Manhattan,2026,1,12,6,0,14,31662,POINT (981848.6609912371 204698.1404409656),GREENWICH STREET,King Street,West Houston Street,NB
39743,Manhattan,2026,1,12,6,15,10,31662,POINT (981848.6609912371 204698.1404409656),GREENWICH STREET,King Street,West Houston Street,NB
39743,Manhattan,2026,1,12,6,30,14,31662,POINT (981848.6609912371 204698.1404409656),GREENWICH STREET,King Street,West Houston Street,NB
39743,Manhattan,2026,1,12,6,45,19,31662,POINT (981848.6609912371 204698.1404409656),GREENWICH STREET,King Street,West Houston Street,NB
39743,Manhattan,2026,1,12,7,0,17,31662,POINT (981848.6609912371 204698.1404409656),GREENWICH STREET,King Street,West Houston Street,NB
39743,Manhattan,2026,1,12,7,15,27,31662,POINT (981848.6609912371 204698.1404409656),GREENWICH STREET,King Street,West Houston Street,NB
39743,Manhattan,2026,1,12,7,30,35,31662,POINT (981848.6609912371 204698.1404409656),GREENWICH STREET,King Street,West Houston Street,NB
39743,Manhattan,2026,1,12,7,45,31,31662,POINT (981848.6609912371 204698.1404409656),GREENWICH STREET,King Street,West Houston Street,NB
39743,Manhattan,2026,1,12,8,0,43,31662,POINT (981848.6609912371 204698.1404409656),GREENWICH STREET,King Street,West Houston Street,NB
39743,Manhattan,2026,1,12,8,15,46,31662,POINT (981848.6609912371 204698.1404409656),GREENWICH STREET,King Street,West Houston Street,NB
39743,Manhattan,2026,1,12,8,30,37,31662,POINT (981848.6609912371 204698.1404409656),GREENWICH STREET,King Street,West Houston Street,NB
39743,Manhattan,2026,1,12,8,45,36,31662,POINT (981848.6609912371 204698.1404409656),GREENWICH STREET,King Street,West Houston Street,NB
39743,Manhattan,2026,1,12,9,0,34,31662,POINT (981848.6609912371 204698.1404409656),GREENWICH STREET,King Street,West Houston Street,NB
39743,Manhattan,2026,1,12,9,15,36,31662,POINT (981848.6609912371 204698.1404409656),GREENWICH STREET,King Street,West Houston Street,NB
39743,Manhattan,2026,1,12,9,30,41,31662,POINT (981848.6609912371 204698.1404409656),GREENWICH STREET,King Street,West Houston Street,NB
39743,Manhattan,2026,1,12,9,45,44,31662,POINT (981848.6609912371 204698.1404409656),GREENWICH STREET,King Street,West Houston Street,NB
39743,Manhattan,2026,1,12,10,0,42,31662,POINT (981848.6609912371 204698.1404409656),GREENWICH STREET,King Street,West Houston Street,NB
39743,Manhattan,2026,1,12,10,15,47,31662,POINT (981848.6609912371 204698.1404409656),GREENWICH STREET,King Street,West Houston Street,NB
39743,Manhattan,2026,1,12,10,30,40,31662,POINT (981848.6609912371 204698.1404409656),GREENWICH STREET,King Street,West Houston Street,NB
39743,Manhattan,2026,1,12,10,45,33,31662,POINT (981848.6609912371 204698.1404409656),GREENWICH STREET,King Street,West Houston Street,NB
39743,Manhattan,2026,1,12,11,0,36,31662,POINT (981848.6609912371 204698.1404409656),GREENWICH STREET,King Street,West Houston Street,NB
39743,Manhattan,2026,1,12,11,15,44,31662,POINT (981848.6609912371 204698.1404409656),GREENWICH STREET,King Street,West Houston Street,NB
39743,Manhattan,2026,1,12,11,30,32,31662,POINT (981848.6609912371 204698.1404409656),GREENWICH STREET,King Street,West Houston Street,NB
39743,Manhattan,2026,1,12,11,45,40,31662,POINT (981848.6609912371 204698.1404409656),GREENWICH STREET,King Street,West Houston Street,NB
39743,Manhattan,2026,1,12,12,0,36,31662,POINT (981848.6609912371 204698.1404409656),GREENWICH STREET,King Street,West Houston Street,NB
39743,Manhattan,2026,1,12,12,15,32,31662,POINT (981848.6609912371 204698.1404409656),GREENWICH STREET,King Street,West Houston Street,NB
39743,Manhattan,2026,1,12,12,30,28,31662,POINT (981848.6609912371 204698.1404409656),GREENWICH STREET,King Street,West Houston Street,NB
39743,Manhattan,2026,1,12,12,45,26,31662,POINT (981848.6609912371 204698.1404409656),GREENWICH STREET,King Street,West Houston Street,NB
39743,Manhattan,2026,1,12,13,0,31,31662,POINT (981848.6609912371 204698.1404409656),GREENWICH STREET,King Street,West Houston Street,NB
39743,Manhattan,2026,1,12,13,15,31,31662,POINT (981848.6609912371 204698.1404409656),GREENWICH STREET,King Street,West Houston Street,NB
39743,Manhattan,2026,1,12,13,30,25,31662,POINT (981848.6609912371 204698.1404409656),GREENWICH STREET,King Street,West Houston Street,NB
39743,Manhattan,2026,1,12,13,45,22,31662,POINT (981848.6609912371 204698.1404409656),GREENWICH STREET,King Street,West Houston Street,NB
39743,Manhattan,2026,1,12,14,0,34,31662,POINT (981848.6609912371 204698.1404409656),GREENWICH STREET,King Street,West Houston Street,NB
39743,Manhattan,2026,1,12,14,15,31,31662,POINT (981848.6609912371 204698.1404409656),GREENWICH STREET,King Street,West Houston Street,NB
39743,Manhattan,2026,1,12,14,30,40,31662,POINT (981848.6609912371 204698.1404409656),GREENWICH STREET,King Street,West Houston Street,NB
39743,Manhattan,2026,1,12,14,45,31,31662,POINT (981848.6609912371 204698.1404409656),GREENWICH STREET,King Street,West Houston Street,NB
39743,Manhattan,2026,1,12,15,0,28,31662,POINT (981848.6609912371 204698.1404409656),GREENWICH STREET,King Street,West Houston Street,NB
39743,Manhattan,2026,1,12,15,15,26,31662,POINT (981848.6609912371 204698.1404409656),GREENWICH STREET,King Street,West Houston Street,NB
39743,Manhattan,2026,1,12,15,30,23,31662,POINT (981848.6609912371 204698.1404409656),GREENWICH STREET,King Street,West Houston Street,NB
39743,Manhattan,2026,1,12,15,45,25,31662,POINT (981848.6609912371 204698.1404409656),GREENWICH STREET,King Street,West Houston Street,NB
39743,Manhattan,2026,1,12,16,0,31,31662,POINT (981848.6609912371 204698.1404409656),GREENWICH STREET,King Street,West Houston Street,NB
39743,Manhattan,2026,1,12,16,15,34,31662,POINT (981848.6609912371 204698.1404409656),GREENWICH STREET,King Street,West Houston Street,NB
39743,Manhattan,2026,1,12,16,30,30,31662,POINT (981848.6609912371 204698.1404409656),GREENWICH STREET,King Street,West Houston Street,NB
39743,Manhattan,2026,1,12,16,45,24,31662,POINT (981848.6609912371 204698.1404409656),GREENWICH STREET,King Street,West Houston Street,NB
39743,Manhattan,2026,1,12,17,0,26,31662,POINT (981848.6609912371 204698.1404409656),GREENWICH STREET,King Street,West Houston Street,NB
39743,Manhattan,2026,1,12,17,15,29,31662,POINT (981848.6609912371 204698.1404409656),GREENWICH STREET,King Street,West Houston Street,NB
39743,Manhattan,2026,1,12,17,30,24,31662,POINT (981848.6609912371 204698.1404409656),GREENWICH STREET,King Street,West Houston Street,NB
39743,Manhattan,2026,1,12,17,45,21,31662,POINT (981848.6609912371 204698.1404409656),GREENWICH STREET,King Street,West Houston Street,NB
39743,Manhattan,2026,1,12,18,0,25,31662,POINT (981848.6609912371 204698.1404409656),GREENWICH STREET,King Street,West Houston Street,NB
39743,Manhattan,2026,1,12,18,15,20,31662,POINT (981848.6609912371 204698.1404409656),GREENWICH STREET,King Street,West Houston Street,NB
39743,Manhattan,2026,1,12,18,30,35,31662,POINT (981848.6609912371 204698.1404409656),GREENWICH STREET,King Street,West Houston Street,NB
39743,Manhattan,2026,1,12,18,45,32,31662,POINT (981848.6609912371 204698.1404409656),GREENWICH STREET,King Street,West Houston Street,NB
39743,Manhattan,2026,1,12,19,0,25,31662,POINT (981848.6609912371 204698.1404409656),GREENWICH STREET,King Street,West Houston Street,NB
39743,Manhattan,2026,1,12,19,15,24,31662,POINT (981848.6609912371 204698.1404409656),GREENWICH STREET,King Street,West Houston Street,NB
39743,Manhattan,2026,1,12,19,30,14,31662,POINT (981848.6609912371 204698.1404409656),GREENWICH STREET,King Street,West Houston Street,NB
39743,Manhattan,2026,1,12,19,45,20,31662,POINT (981848.6609912371 204698.1404409656),GREENWICH STREET,King Street,West Houston Street,NB
39743,Manhattan,2026,1,12,20,0,17,31662,POINT (981848.6609912371 204698.1404409656),GREENWICH STREET,King Street,West Houston Street,NB
39743,Manhattan,2026,1,12,20,15,21,31662,POINT (981848.6609912371 204698.1404409656),GREENWICH STREET,King Street,West Houston Street,NB
39743,Manhattan,2026,1,12,20,30,11,31662,POINT (981848.6609912371 204698.1404409656),GREENWICH STREET,King Street,West Houston Street,NB
39743,Manhattan,2026,1,12,20,45,21,31662,POINT (981848.6609912371 204698.1404409656),GREENWICH STREET,King Street,West Houston Street,NB
39743,Manhattan,2026,1,12,21,0,17,31662,POINT (981848.6609912371 204698.1404409656),GREENWICH STREET,King Street,West Houston Street,NB
39743,Manhattan,2026,1,12,21,15,16,31662,POINT (981848.6609912371 204698.1404409656),GREENWICH STREET,King Street,West Houston Street,NB
39743,Manhattan,2026,1,12,21,30,19,31662,POINT (981848.6609912371 204698.1404409656),GREENWICH STREET,King Street,West Houston Street,NB
39743,Manhattan,2026,1,12,21,45,15,31662,POINT (981848.6609912371 204698.1404409656),GREENWICH STREET,King Street,West Houston Street,NB
39743,Manhattan,2026,1,12,22,0,6,31662,POINT (981848.6609912371 204698.1404409656),GREENWICH STREET,King Street,West Houston Street,NB
39743,Manhattan,2026,1,12,22,15,10,31662,POINT (981848.6609912371 204698.1404409656),GREENWICH STREET,King Street,West Houston Street,NB
39743,Manhattan,2026,1,12,22,30,7,31662,POINT (981848.6609912371 204698.1404409656),GREENWICH STREET,King Street,West Houston Street,NB
39743,Manhattan,2026,1,12,22,45,7,31662,POINT (981848.6609912371 204698.1404409656),GREENWICH STREET,King Street,West Houston Street,NB
39743,Manhattan,2026,1,12,23,0,12,31662,POINT (981848.6609912371 204698.1404409656),GREENWICH STREET,King Street,West Houston Street,NB
39743,Manhattan,2026,1,12,23,15,11,31662,POINT (981848.6609912371 204698.1404409656),GREENWICH STREET,King Street,West Houston Street,NB
39743,Manhattan,2026,1,12,23,30,6,31662,POINT (981848.6609912371 204698.1404409656),GREENWICH STREET,King Street,West Houston Street,NB
39743,Manhattan,2026,1,12,23,45,3,31662,POINT (981848.6609912371 204698.1404409656),GREENWICH STREET,King Street,West Houston Street,NB
39743,Manhattan,2026,1,13,0,0,8,31662,POINT (981848.6609912371 204698.1404409656),GREENWICH STREET,King Street,West Houston Street,NB
39743,Manhattan,2026,1,13,0,15,13,31662,POINT (981848.6609912371 204698.1404409656),GREENWICH STREET,King Street,West Houston Street,NB
39743,Manhattan,2026,1,13,0,30,7,31662,POINT (981848.6609912371 204698.1404409656),GREENWICH STREET,King Street,West Houston Street,NB
39743,Manhattan,2026,1,13,0,45,5,31662,POINT (981848.6609912371 204698.1404409656),GREENWICH STREET,King Street,West Houston Street,NB
39743,Manhattan,2026,1,13,1,0,5,31662,POINT (981848.6609912371 204698.1404409656),GREENWICH STREET,King Street,West Houston Street,NB
39743,Manhattan,2026,1,13,1,15,5,31662,POINT (981848.6609912371 204698.1404409656),GREENWICH STREET,King Street,West Houston Street,NB
39743,Manhattan,2026,1,13,1,30,0,31662,POINT (981848.6609912371 204698.1404409656),GREENWICH STREET,King Street,West Houston Street,NB
39743,Manhattan,2026,1,13,1,45,6,31662,POINT (981848.6609912371 204698.1404409656),GREENWICH STREET,King Street,West Houston Street,NB
39743,Manhattan,2026,1,13,2,0,0,31662,POINT (981848.6609912371 204698.1404409656),GREENWICH STREET,King Street,West Houston Street,NB
39743,Manhattan,2026,1,13,2,15,3,31662,POINT (981848.6609912371 204698.1404409656),GREENWICH STREET,King Street,West Houston Street,NB
39743,Manhattan,2026,1,13,2,30,1,31662,POINT (981848.6609912371 204698.1404409656),GREENWICH STREET,King Street,West Houston Street,NB
39743,Manhattan,2026,1,13,2,45,6,31662,POINT (981848.6609912371 204698.1404409656),GREENWICH STREET,King Street,West Houston Street,NB
39743,Manhattan,2026,1,13,3,0,10,31662,POINT (981848.6609912371 204698.1404409656),GREENWICH STREET,King Street,West Houston Street,NB
39743,Manhattan,2026,1,13,3,15,9,31662,POINT (981848.6609912371 204698.1404409656),GREENWICH STREET,King Street,West Houston Street,NB
39743,Manhattan,2026,1,13,3,30,13,31662,POINT (981848.6609912371 204698.1404409656),GREENWICH STREET,King Street,West Houston Street,NB
39743,Manhattan,2026,1,13,3,45,7,31662,POINT (981848.6609912371 204698.1404409656),GREENWICH STREET,King Street,West Houston Street,NB
39743,Manhattan,2026,1,13,4,0,13,31662,POINT (981848.6609912371 204698.1404409656),GREENWICH STREET,King Street,West Houston Street,NB
39743,Manhattan,2026,1,13,4,15,6,31662,POINT (981848.6609912371 204698.1404409656),GREENWICH STREET,King Street,West Houston Street,NB
39743,Manhattan,2026,1,13,4,30,6,31662,POINT (981848.6609912371 204698.1404409656),GREENWICH STREET,King Street,West Houston Street,NB
39743,Manhattan,2026,1,13,4,45,13,31662,POINT (981848.6609912371 204698.1404409656),GREENWICH STREET,King Street,West Houston Street,NB
39743,Manhattan,2026,1,13,5,0,10,31662,POINT (981848.6609912371 204698.1404409656),GREENWICH STREET,King Street,West Houston Street,NB
39743,Manhattan,2026,1,13,5,15,7,31662,POINT (981848.6609912371 204698.1404409656),GREENWICH STREET,King Street,West Houston Street,NB
39743,Manhattan,2026,1,13,5,30,14,31662,POINT (981848.6609912371 204698.1404409656),GREENWICH STREET,King Street,West Houston Street,NB
39743,Manhattan,2026,1,13,5,45,10,31662,POINT (981848.6609912371 204698.1404409656),GREENWICH STREET,King Street,West Houston Street,NB
39743,Manhattan,2026,1,13,6,0,13,31662,POINT (981848.6609912371 204698.1404409656),GREENWICH STREET,King Street,West Houston Street,NB
39743,Manhattan,2026,1,13,6,15,15,31662,POINT (981848.6609912371 204698.1404409656),GREENWICH STREET,King Street,West Houston Street,NB
39743,Manhattan,2026,1,13,6,30,10,31662,POINT (981848.6609912371 204698.1404409656),GREENWICH STREET,King Street,West Houston Street,NB
39743,Manhattan,2026,1,13,6,45,22,31662,POINT (981848.6609912371 204698.1404409656),GREENWICH STREET,King Street,West Houston Street,NB
39743,Manhattan,2026,1,13,7,0,34,31662,POINT (981848.6609912371 204698.1404409656),GREENWICH STREET,King Street,West Houston Street,NB
39743,Manhattan,2026,1,13,7,15,36,31662,POINT (981848.6609912371 204698.1404409656),GREENWICH STREET,King Street,West Houston Street,NB
39743,Manhattan,2026,1,13,7,30,39,31662,POINT (981848.6609912371 204698.1404409656),GREENWICH STREET,King Street,West Houston Street,NB
39743,Manhattan,2026,1,13,7,45,32,31662,POINT (981848.6609912371 204698.1404409656),GREENWICH STREET,King Street,West Houston Street,NB
39743,Manhattan,2026,1,13,8,0,42,31662,POINT (981848.6609912371 204698.1404409656),GREENWICH STREET,King Street,West Houston Street,NB
39743,Manhattan,2026,1,13,8,15,56,31662,POINT (981848.6609912371 204698.1404409656),GREENWICH STREET,King Street,West Houston Street,NB
39743,Manhattan,2026,1,13,8,30,40,31662,POINT (981848.6609912371 204698.1404409656),GREENWICH STREET,King Street,West Houston Street,NB
39743,Manhattan,2026,1,13,8,45,53,31662,POINT (981848.6609912371 204698.1404409656),GREENWICH STREET,King Street,West Houston Street,NB
39743,Manhattan,2026,1,13,9,0,54,31662,POINT (981848.6609912371 204698.1404409656),GREENWICH STREET,King Street,West Houston Street,NB
39743,Manhattan,2026,1,13,9,15,45,31662,POINT (981848.6609912371 204698.1404409656),GREENWICH STREET,King Street,West Houston Street,NB
39743,Manhattan,2026,1,13,9,30,71,31662,POINT (981848.6609912371 204698.1404409656),GREENWICH STREET,King Street,West Houston Street,NB
39743,Manhattan,2026,1,13,9,45,78,31662,POINT (981848.6609912371 204698.1404409656),GREENWICH STREET,King Street,West Houston Street,NB
39743,Manhattan,2026,1,13,10,0,70,31662,POINT (981848.6609912371 204698.1404409656),GREENWICH STREET,King Street,West Houston Street,NB
39743,Manhattan,2026,1,13,10,15,57,31662,POINT (981848.6609912371 204698.1404409656),GREENWICH STREET,King Street,West Houston Street,NB
39743,Manhattan,2026,1,13,10,30,53,31662,POINT (981848.6609912371 204698.1404409656),GREENWICH STREET,King Street,West Houston Street,NB
39743,Manhattan,2026,1,13,10,45,60,31662,POINT (981848.6609912371 204698.1404409656),GREENWICH STREET,King Street,West Houston Street,NB
39743,Manhattan,2026,1,13,11,0,58,31662,POINT (981848.6609912371 204698.1404409656),GREENWICH STREET,King Street,West Houston Street,NB
39743,Manhattan,2026,1,13,11,15,60,31662,POINT (981848.6609912371 204698.1404409656),GREENWICH STREET,King Street,West Houston Street,NB
39743,Manhattan,2026,1,13,11,30,42,31662,POINT (981848.6609912371 204698.1404409656),GREENWICH STREET,King Street,West Houston Street,NB
39743,Manhattan,2026,1,13,11,45,31,31662,POINT (981848.6609912371 204698.1404409656),GREENWICH STREET,King Street,West Houston Street,NB
39743,Manhattan,2026,1,13,12,0,36,31662,POINT (981848.6609912371 204698.1404409656),GREENWICH STREET,King Street,West Houston Street,NB
39743,Manhattan,2026,1,13,12,15,45,31662,POINT (981848.6609912371 204698.1404409656),GREENWICH STREET,King Street,West Houston Street,NB
39743,Manhattan,2026,1,13,12,30,41,31662,POINT (981848.6609912371 204698.1404409656),GREENWICH STREET,King Street,West Houston Street,NB
39743,Manhattan,2026,1,13,12,45,34,31662,POINT (981848.6609912371 204698.1404409656),GREENWICH STREET,King Street,West Houston Street,NB
39743,Manhattan,2026,1,13,13,0,32,31662,POINT (981848.6609912371 204698.1404409656),GREENWICH STREET,King Street,West Houston Street,NB
39743,Manhattan,2026,1,13,13,15,30,31662,POINT (981848.6609912371 204698.1404409656),GREENWICH STREET,King Street,West Houston Street,NB
39743,Manhattan,2026,1,13,13,30,27,31662,POINT (981848.6609912371 204698.1404409656),GREENWICH STREET,King Street,West Houston Street,NB
39743,Manhattan,2026,1,13,13,45,30,31662,POINT (981848.6609912371 204698.1404409656),GREENWICH STREET,King Street,West Houston Street,NB
39743,Manhattan,2026,1,13,14,0,34,31662,POINT (981848.6609912371 204698.1404409656),GREENWICH STREET,King Street,West Houston Street,NB
39743,Manhattan,2026,1,13,14,15,40,31662,POINT (981848.6609912371 204698.1404409656),GREENWICH STREET,King Street,West Houston Street,NB
39743,Manhattan,2026,1,13,14,30,51,31662,POINT (981848.6609912371 204698.1404409656),GREENWICH STREET,King Street,West Houston Street,NB
39743,Manhattan,2026,1,13,14,45,42,31662,POINT (981848.6609912371 204698.1404409656),GREENWICH STREET,King Street,West Houston Street,NB
39743,Manhattan,2026,1,13,15,0,47,31662,POINT (981848.6609912371 204698.1404409656),GREENWICH STREET,King Street,West Houston Street,NB
39743,Manhattan,2026,1,13,15,15,41,31662,POINT (981848.6609912371 204698.1404409656),GREENWICH STREET,King Street,West Houston Street,NB
39743,Manhattan,2026,1,13,15,30,33,31662,POINT (981848.6609912371 204698.1404409656),GREENWICH STREET,King Street,West Houston Street,NB
39743,Manhattan,2026,1,13,15,45,34,31662,POINT (981848.6609912371 204698.1404409656),GREENWICH STREET,King Street,West Houston Street,NB
39743,Manhattan,2026,1,13,16,0,27,31662,POINT (981848.6609912371 204698.1404409656),GREENWICH STREET,King Street,West Houston Street,NB
39743,Manhattan,2026,1,13,16,15,39,31662,POINT (981848.6609912371 204698.1404409656),GREENWICH STREET,King Street,West Houston Street,NB
39743,Manhattan,2026,1,13,16,30,26,31662,POINT (981848.6609912371 204698.1404409656),GREENWICH STREET,King Street,West Houston Street,NB
39743,Manhattan,2026,1,13,16,45,32,31662,POINT (981848.6609912371 204698.1404409656),GREENWICH STREET,King Street,West Houston Street,NB
39743,Manhattan,2026,1,13,17,0,29,31662,POINT (981848.6609912371 204698.1404409656),GREENWICH STREET,King Street,West Houston Street,NB
39743,Manhattan,2026,1,13,17,15,26,31662,POINT (981848.6609912371 204698.1404409656),GREENWICH STREET,King Street,West Houston Street,NB
39743,Manhattan,2026,1,13,17,30,30,31662,POINT (981848.6609912371 204698.1404409656),GREENWICH STREET,King Street,West Houston Street,NB
39743,Manhattan,2026,1,13,17,45,30,31662,POINT (981848.6609912371 204698.1404409656),GREENWICH STREET,King Street,West Houston Street,NB
39743,Manhattan,2026,1,13,18,0,22,31662,POINT (981848.6609912371 204698.1404409656),GREENWICH STREET,King Street,West Houston Street,NB
39743,Manhattan,2026,1,13,18,15,24,31662,POINT (981848.6609912371 204698.1404409656),GREENWICH STREET,King Street,West Houston Street,NB
39743,Manhattan,2026,1,13,18,30,32,31662,POINT (981848.6609912371 204698.1404409656),GREENWICH STREET,King Street,West Houston Street,NB
39743,Manhattan,2026,1,13,18,45,34,31662,POINT (981848.6609912371 204698.1404409656),GREENWICH STREET,King Street,West Houston Street,NB
39743,Manhattan,2026,1,13,19,0,26,31662,POINT (981848.6609912371 204698.1404409656),GREENWICH STREET,King Street,West Houston Street,NB
39743,Manhattan,2026,1,13,19,15,27,31662,POINT (981848.6609912371 204698.1404409656),GREENWICH STREET,King Street,West Houston Street,NB
39743,Manhattan,2026,1,13,19,30,21,31662,POINT (981848.6609912371 204698.1404409656),GREENWICH STREET,King Street,West Houston Street,NB
39743,Manhattan,2026,1,13,19,45,35,31662,POINT (981848.6609912371 204698.1404409656),GREENWICH STREET,King Street,West Houston Street,NB
39743,Manhattan,2026,1,13,20,0,27,31662,POINT (981848.6609912371 204698.1404409656),GREENWICH STREET,King Street,West Houston Street,NB
39743,Manhattan,2026,1,13,20,15,31,31662,POINT (981848.6609912371 204698.1404409656),GREENWICH STREET,King Street,West Houston Street,NB
39743,Manhattan,2026,1,13,20,30,19,31662,POINT (981848.6609912371 204698.1404409656),GREENWICH STREET,King Street,West Houston Street,NB
39743,Manhattan,2026,1,13,20,45,28,31662,POINT (981848.6609912371 204698.1404409656),GREENWICH STREET,King Street,West Houston Street,NB
39743,Manhattan,2026,1,13,21,0,18,31662,POINT (981848.6609912371 204698.1404409656),GREENWICH STREET,King Street,West Houston Street,NB
39743,Manhattan,2026,1,13,21,15,16,31662,POINT (981848.6609912371 204698.1404409656),GREENWICH STREET,King Street,West Houston Street,NB
39743,Manhattan,2026,1,13,21,30,20,31662,POINT (981848.6609912371 204698.1404409656),GREENWICH STREET,King Street,West Houston Street,NB
39743,Manhattan,2026,1,13,21,45,8,31662,POINT (981848.6609912371 204698.1404409656),GREENWICH STREET,King Street,West Houston Street,NB
39743,Manhattan,2026,1,13,22,0,15,31662,POINT (981848.6609912371 204698.1404409656),GREENWICH STREET,King Street,West Houston Street,NB
39743,Manhattan,2026,1,13,22,15,12,31662,POINT (981848.6609912371 204698.1404409656),GREENWICH STREET,King Street,West Houston Street,NB
39743,Manhattan,2026,1,13,22,30,19,31662,POINT (981848.6609912371 204698.1404409656),GREENWICH STREET,King Street,West Houston Street,NB
39743,Manhattan,2026,1,13,22,45,23,31662,POINT (981848.6609912371 204698.1404409656),GREENWICH STREET,King Street,West Houston Street,NB
39743,Manhattan,2026,1,13,23,0,6,31662,POINT (981848.6609912371 204698.1404409656),GREENWICH STREET,King Street,West Houston Street,NB
39743,Manhattan,2026,1,13,23,15,13,31662,POINT (981848.6609912371 204698.1404409656),GREENWICH STREET,King Street,West Houston Street,NB
39743,Manhattan,2026,1,13,23,30,15,31662,POINT (981848.6609912371 204698.1404409656),GREENWICH STREET,King Street,West Houston Street,NB
39743,Manhattan,2026,1,13,23,45,9,31662,POINT (981848.6609912371 204698.1404409656),GREENWICH STREET,King Street,West Houston Street,NB
39743,Manhattan,2026,1,14,0,0,7,31662,POINT (981848.6609912371 204698.1404409656),GREENWICH STREET,King Street,West Houston Street,NB
39743,Manhattan,2026,1,14,0,15,10,31662,POINT (981848.6609912371 204698.1404409656),GREENWICH STREET,King Street,West Houston Street,NB
39743,Manhattan,2026,1,14,0,30,2,31662,POINT (981848.6609912371 204698.1404409656),GREENWICH STREET,King Street,West Houston Street,NB
39743,Manhattan,2026,1,14,0,45,5,31662,POINT (981848.6609912371 204698.1404409656),GREENWICH STREET,King Street,West Houston Street,NB
39743,Manhattan,2026,1,14,1,0,3,31662,POINT (981848.6609912371 204698.1404409656),GREENWICH STREET,King Street,West Houston Street,NB
39743,Manhattan,2026,1,14,1,15,5,31662,POINT (981848.6609912371 204698.1404409656),GREENWICH STREET,King Street,West Houston Street,NB
39743,Manhattan,2026,1,14,1,30,5,31662,POINT (981848.6609912371 204698.1404409656),GREENWICH STREET,King Street,West Houston Street,NB
39743,Manhattan,2026,1,14,1,45,6,31662,POINT (981848.6609912371 204698.1404409656),GREENWICH STREET,King Street,West Houston Street,NB
39743,Manhattan,2026,1,14,2,0,2,31662,POINT (981848.6609912371 204698.1404409656),GREENWICH STREET,King Street,West Houston Street,NB
39743,Manhattan,2026,1,14,2,15,6,31662,POINT (981848.6609912371 204698.1404409656),GREENWICH STREET,King Street,West Houston Street,NB
39743,Manhattan,2026,1,14,2,30,3,31662,POINT (981848.6609912371 204698.1404409656),GREENWICH STREET,King Street,West Houston Street,NB
39743,Manhattan,2026,1,14,2,45,6,31662,POINT (981848.6609912371 204698.1404409656),GREENWICH STREET,King Street,West Houston Street,NB
39743,Manhattan,2026,1,14,3,0,9,31662,POINT (981848.6609912371 204698.1404409656),GREENWICH STREET,King Street,West Houston Street,NB
39743,Manhattan,2026,1,14,3,15,3,31662,POINT (981848.6609912371 204698.1404409656),GREENWICH STREET,King Street,West Houston Street,NB
39743,Manhattan,2026,1,14,3,30,1,31662,POINT (981848.6609912371 204698.1404409656),GREENWICH STREET,King Street,West Houston Street,NB
39743,Manhattan,2026,1,14,3,45,6,31662,POINT (981848.6609912371 204698.1404409656),GREENWICH STREET,King Street,West Houston Street,NB
39743,Manhattan,2026,1,14,4,0,14,31662,POINT (981848.6609912371 204698.1404409656),GREENWICH STREET,King Street,West Houston Street,NB
39743,Manhattan,2026,1,14,4,15,14,31662,POINT (981848.6609912371 204698.1404409656),GREENWICH STREET,King Street,West Houston Street,NB
39743,Manhattan,2026,1,14,4,30,9,31662,POINT (981848.6609912371 204698.1404409656),GREENWICH STREET,King Street,West Houston Street,NB
39743,Manhattan,2026,1,14,4,45,9,31662,POINT (981848.6609912371 204698.1404409656),GREENWICH STREET,King Street,West Houston Street,NB
39743,Manhattan,2026,1,14,5,0,15,31662,POINT (981848.6609912371 204698.1404409656),GREENWICH STREET,King Street,West Houston Street,NB
39743,Manhattan,2026,1,14,5,15,13,31662,POINT (981848.6609912371 204698.1404409656),GREENWICH STREET,King Street,West Houston Street,NB
39743,Manhattan,2026,1,14,5,30,12,31662,POINT (981848.6609912371 204698.1404409656),GREENWICH STREET,King Street,West Houston Street,NB
39743,Manhattan,2026,1,14,5,45,17,31662,POINT (981848.6609912371 204698.1404409656),GREENWICH STREET,King Street,West Houston Street,NB
39743,Manhattan,2026,1,14,6,0,9,31662,POINT (981848.6609912371 204698.1404409656),GREENWICH STREET,King Street,West Houston Street,NB
38417,Manhattan,2025,1,6,0,0,6,73021,POINT (1008609.6594247529 256511.52191156909),9 AVENUE,West 218 Street,West 219 Street,SB
38417,Manhattan,2025,1,6,0,15,2,73021,POINT (1008609.6594247529 256511.52191156909),9 AVENUE,West 218 Street,West 219 Street,SB
38417,Manhattan,2025,1,6,0,30,0,73021,POINT (1008609.6594247529 256511.52191156909),9 AVENUE,West 218 Street,West 219 Street,SB
38417,Manhattan,2025,1,6,0,45,2,73021,POINT (1008609.6594247529 256511.52191156909),9 AVENUE,West 218 Street,West 219 Street,SB
38417,Manhattan,2025,1,6,1,0,3,73021,POINT (1008609.6594247529 256511.52191156909),9 AVENUE,West 218 Street,West 219 Street,SB
38417,Manhattan,2025,1,6,1,15,4,73021,POINT (1008609.6594247529 256511.52191156909),9 AVENUE,West 218 Street,West 219 Street,SB
38417,Manhattan,2025,1,6,1,30,1,73021,POINT (1008609.6594247529 256511.52191156909),9 AVENUE,West 218 Street,West 219 Street,SB
38417,Manhattan,2025,1,6,1,45,1,73021,POINT (1008609.6594247529 256511.52191156909),9 AVENUE,West 218 Street,West 219 Street,SB
38417,Manhattan,2025,1,6,2,0,2,73021,POINT (1008609.6594247529 256511.52191156909),9 AVENUE,West 218 Street,West 219 Street,SB
38417,Manhattan,2025,1,6,2,15,0,73021,POINT (1008609.6594247529 256511.52191156909),9 AVENUE,West 218 Street,West 219 Street,SB
38417,Manhattan,2025,1,6,2,30,0,73021,POINT (1008609.6594247529 256511.52191156909),9 AVENUE,West 218 Street,West 219 Street,SB
38417,Manhattan,2025,1,6,2,45,1,73021,POINT (1008609.6594247529 256511.52191156909),9 AVENUE,West 218 Street,West 219 Street,SB
38417,Manhattan,2025,1,6,3,0,0,73021,POINT (1008609.6594247529 256511.52191156909),9 AVENUE,West 218 Street,West 219 Street,SB
38417,Manhattan,2025,1,6,3,15,1,73021,POINT (1008609.6594247529 256511.52191156909),9 AVENUE,West 218 Street,West 219 Street,SB
38417,Manhattan,2025,1,6,3,30,4,73021,POINT (1008609.6594247529 256511.52191156909),9 AVENUE,West 218 Street,West 219 Street,SB
38417,Manhattan,2025,1,6,3,45,4,73021,POINT (1008609.6594247529 256511.52191156909),9 AVENUE,West 218 Street,West 219 Street,SB
38417,Manhattan,2025,1,6,4,0,2,73021,POINT (1008609.6594247529 256511.52191156909),9 AVENUE,West 218 Street,West 219 Street,SB
38417,Manhattan,2025,1,6,4,15,9,73021,POINT (1008609.6594247529 256511.52191156909),9 AVENUE,West 218 Street,West 219 Street,SB
38417,Manhattan,2025,1,6,4,30,15,73021,POINT (1008609.6594247529 256511.52191156909),9 AVENUE,West 218 Street,West 219 Street,SB
38417,Manhattan,2025,1,6,4,45,7,73021,POINT (1008609.6594247529 256511.52191156909),9 AVENUE,West 218 Street,West 219 Street,SB
38417,Manhattan,2025,1,6,5,0,8,73021,POINT (1008609.6594247529 256511.52191156909),9 AVENUE,West 218 Street,West 219 Street,SB
38417,Manhattan,2025,1,6,5,15,15,73021,POINT (1008609.6594247529 256511.52191156909),9 AVENUE,West 218 Street,West 219 Street,SB
38417,Manhattan,2025,1,6,5,30,18,73021,POINT (1008609.6594247529 256511.52191156909),9 AVENUE,West 218 Street,West 219 Street,SB
38417,Manhattan,2025,1,6,5,45,22,73021,POINT (1008609.6594247529 256511.52191156909),9 AVENUE,West 218 Street,West 219 Street,SB
38417,Manhattan,2025,1,6,6,0,13,73021,POINT (1008609.6594247529 256511.52191156909),9 AVENUE,West 218 Street,West 219 Street,SB
38417,Manhattan,2025,1,6,6,15,14,73021,POINT (1008609.6594247529 256511.52191156909),9 AVENUE,West 218 Street,West 219 Street,SB
38417,Manhattan,2025,1,6,6,30,13,73021,POINT (1008609.6594247529 256511.52191156909),9 AVENUE,West 218 Street,West 219 Street,SB
38417,Manhattan,2025,1,6,6,45,29,73021,POINT (1008609.6594247529 256511.52191156909),9 AVENUE,West 218 Street,West 219 Street,SB
38417,Manhattan,2025,1,6,7,0,47,73021,POINT (1008609.6594247529 256511.52191156909),9 AVENUE,West 218 Street,West 219 Street,SB
38417,Manhattan,2025,1,6,7,15,99,73021,POINT (1008609.6594247529 256511.52191156909),9 AVENUE,West 218 Street,West 219 Street,SB
38417,Manhattan,2025,1,6,7,30,102,73021,POINT (1008609.6594247529 256511.52191156909),9 AVENUE,West 218 Street,West 219 Street,SB
38417,Manhattan,2025,1,6,7,45,32,73021,POINT (1008609.6594247529 256511.52191156909),9 AVENUE,West 218 Street,West 219 Street,SB
38417,Manhattan,2025,1,6,8,0,11,73021,POINT (1008609.6594247529 256511.52191156909),9 AVENUE,West 218 Street,West 219 Street,SB
38417,Manhattan,2025,1,6,8,15,14,73021,POINT (1008609.6594247529 256511.52191156909),9 AVENUE,West 218 Street,West 219 Street,SB
38417,Manhattan,2025,1,6,8,30,12,73021,POINT (1008609.6594247529 256511.52191156909),9 AVENUE,West 218 Street,West 219 Street,SB
38417,Manhattan,2025,1,6,8,45,19,73021,POINT (1008609.6594247529 256511.52191156909),9 AVENUE,West 218 Street,West 219 Street,SB
38417,Manhattan,2025,1,6,9,0,18,73021,POINT (1008609.6594247529 256511.52191156909),9 AVENUE,West 218 Street,West 219 Street,SB
38417,Manhattan,2025,1,6,9,15,11,73021,POINT (1008609.6594247529 256511.52191156909),9 AVENUE,West 218 Street,West 219 Street,SB
38417,Manhattan,2025,1,6,9,30,13,73021,POINT (1008609.6594247529 256511.52191156909),9 AVENUE,West 218 Street,West 219 Street,SB
38417,Manhattan,2025,1,6,9,45,12,73021,POINT (1008609.6594247529 256511.52191156909),9 AVENUE,West 218 Street,West 219 Street,SB
38417,Manhattan,2025,1,6,10,0,9,73021,POINT (1008609.6594247529 256511.52191156909),9 AVENUE,West 218 Street,West 219 Street,SB
38417,Manhattan,2025,1,6,10,15,11,73021,POINT (1008609.6594247529 256511.52191156909),9 AVENUE,West 218 Street,West 219 Street,SB
38417,Manhattan,2025,1,6,10,30,8,73021,POINT (1008609.6594247529 256511.52191156909),9 AVENUE,West 218 Street,West 219 Street,SB
38417,Manhattan,2025,1,6,10,45,14,73021,POINT (1008609.6594247529 256511.52191156909),9 AVENUE,West 218 Street,West 219 Street,SB
38417,Manhattan,2025,1,6,11,0,13,73021,POINT (1008609.6594247529 256511.52191156909),9 AVENUE,West 218 Street,West 219 Street,SB
38417,Manhattan,2025,1,6,11,15,11,73021,POINT (1008609.6594247529 256511.52191156909),9 AVENUE,West 218 Street,West 219 Street,SB
38417,Manhattan,2025,1,6,11,30,8,73021,POINT (1008609.6594247529 256511.52191156909),9 AVENUE,West 218 Street,West 219 Street,SB
38417,Manhattan,2025,1,6,11,45,6,73021,POINT (1008609.6594247529 256511.52191156909),9 AVENUE,West 218 Street,West 219 Street,SB
38417,Manhattan,2025,1,6,12,0,15,73021,POINT (1008609.6594247529 256511.52191156909),9 AVENUE,West 218 Street,West 219 Street,SB
38417,Manhattan,2025,1,6,12,15,12,73021,POINT (1008609.6594247529 256511.52191156909),9 AVENUE,West 218 Street,West 219 Street,SB
38417,Manhattan,2025,1,6,12,30,7,73021,POINT (1008609.6594247529 256511.52191156909),9 AVENUE,West 218 Street,West 219 Street,SB
38417,Manhattan,2025,1,6,12,45,15,73021,POINT (1008609.6594247529 256511.52191156909),9 AVENUE,West 218 Street,West 219 Street,SB
38417,Manhattan,2025,1,6,13,0,17,73021,POINT (1008609.6594247529 256511.52191156909),9 AVENUE,West 218 Street,West 219 Street,SB
38417,Manhattan,2025,1,6,13,15,20,73021,POINT (1008609.6594247529 256511.52191156909),9 AVENUE,West 218 Street,West 219 Street,SB
38417,Manhattan,2025,1,6,13,30,18,73021,POINT (1008609.6594247529 256511.52191156909),9 AVENUE,West 218 Street,West 219 Street,SB
38417,Manhattan,2025,1,6,13,45,16,73021,POINT (1008609.6594247529 256511.52191156909),9 AVENUE,West 218 Street,West 219 Street,SB
38417,Manhattan,2025,1,6,14,0,16,73021,POINT (1008609.6594247529 256511.52191156909),9 AVENUE,West 218 Street,West 219 Street,SB
38417,Manhattan,2025,1,6,14,15,21,73021,POINT (1008609.6594247529 256511.52191156909),9 AVENUE,West 218 Street,West 219 Street,SB
38417,Manhattan,2025,1,6,14,30,18,73021,POINT (1008609.6594247529 256511.52191156909),9 AVENUE,West 218 Street,West 219 Street,SB
38417,Manhattan,2025,1,6,14,45,22,73021,POINT (1008609.6594247529 256511.52191156909),9 AVENUE,West 218 Street,West 219 Street,SB
38417,Manhattan,2025,1,6,15,0,37,73021,POINT (1008609.6594247529 256511.52191156909),9 AVENUE,West 218 Street,West 219 Street,SB
38417,Manhattan,2025,1,6,15,15,41,73021,POINT (1008609.6594247529 256511.52191156909),9 AVENUE,West 218 Street,West 219 Street,SB
38417,Manhattan,2025,1,6,15,30,47,73021,POINT (1008609.6594247529 256511.52191156909),9 AVENUE,West 218 Street,West 219 Street,SB
38417,Manhattan,2025,1,6,15,45,48,73021,POINT (1008609.6594247529 256511.52191156909),9 AVENUE,West 218 Street,West 219 Street,SB
38417,Manhattan,2025,1,6,16,0,23,73021,POINT (1008609.6594247529 256511.52191156909),9 AVENUE,West 218 Street,West 219 Street,SB
38417,Manhattan,2025,1,6,16,15,32,73021,POINT (1008609.6594247529 256511.52191156909),9 AVENUE,West 218 Street,West 219 Street,SB
38417,Manhattan,2025,1,6,16,30,32,73021,POINT (1008609.6594247529 256511.52191156909),9 AVENUE,West 218 Street,West 219 Street,SB
38417,Manhattan,2025,1,6,16,45,15,73021,POINT (1008609.6594247529 256511.52191156909),9 AVENUE,West 218 Street,West 219 Street,SB
38417,Manhattan,2025,1,6,17,0,16,73021,POINT (1008609.6594247529 256511.52191156909),9 AVENUE,West 218 Street,West 219 Street,SB
38417,Manhattan,2025,1,6,17,15,11,73021,POINT (1008609.6594247529 256511.52191156909),9 AVENUE,West 218 Street,West 219 Street,SB
38417,Manhattan,2025,1,6,17,30,18,73021,POINT (1008609.6594247529 256511.52191156909),9 AVENUE,West 218 Street,West 219 Street,SB
38417,Manhattan,2025,1,6,17,45,16,73021,POINT (1008609.6594247529 256511.52191156909),9 AVENUE,West 218 Street,West 219 Street,SB
38417,Manhattan,2025,1,6,18,0,9,73021,POINT (1008609.6594247529 256511.52191156909),9 AVENUE,West 218 Street,West 219 Street,SB
38417,Manhattan,2025,1,6,18,15,7,73021,POINT (1008609.6594247529 256511.52191156909),9 AVENUE,West 218 Street,West 219 Street,SB
38417,Manhattan,2025,1,6,18,30,8,73021,POINT (1008609.6594247529 256511.52191156909),9 AVENUE,West 218 Street,West 219 Street,SB
38417,Manhattan,2025,1,6,18,45,7,73021,POINT (1008609.6594247529 256511.52191156909),9 AVENUE,West 218 Street,West 219 Street,SB
38417,Manhattan,2025,1,6,19,0,6,73021,POINT (1008609.6594247529 256511.52191156909),9 AVENUE,West 218 Street,West 219 Street,SB
38417,Manhattan,2025,1,6,19,15,9,73021,POINT (1008609.6594247529 256511.52191156909),9 AVENUE,West 218 Street,West 219 Street,SB
38417,Manhattan,2025,1,6,19,30,13,73021,POINT (1008609.6594247529 256511.52191156909),9 AVENUE,West 218 Street,West 219 Street,SB
38417,Manhattan,2025,1,6,19,45,8,73021,POINT (1008609.6594247529 256511.52191156909),9 AVENUE,West 218 Street,West 219 Street,SB
38417,Manhattan,2025,1,6,20,0,12,73021,POINT (1008609.6594247529 256511.52191156909),9 AVENUE,West 218 Street,West 219 Street,SB
38417,Manhattan,2025,1,6,20,15,7,73021,POINT (1008609.6594247529 256511.52191156909),9 AVENUE,West 218 Street,West 219 Street,SB
38417,Manhattan,2025,1,6,20,30,9,73021,POINT (1008609.6594247529 256511.52191156909),9 AVENUE,West 218 Street,West 219 Street,SB
38417,Manhattan,2025,1,6,20,45,15,73021,POINT (1008609.6594247529 256511.52191156909),9 AVENUE,West 218 Street,West 219 Street,SB
38417,Manhattan,2025,1,6,21,0,8,73021,POINT (1008609.6594247529 256511.52191156909),9 AVENUE,West 218 Street,West 219 Street,SB
38417,Manhattan,2025,1,6,21,15,8,73021,POINT (1008609.6594247529 256511.52191156909),9 AVENUE,West 218 Street,West 219 Street,SB
38417,Manhattan,2025,1,6,21,30,7,73021,POINT (1008609.6594247529 256511.52191156909),9 AVENUE,West 218 Street,West 219 Street,SB
38417,Manhattan,2025,1,6,21,45,16,73021,POINT (1008609.6594247529 256511.52191156909),9 AVENUE,West 218 Street,West 219 Street,SB
38417,Manhattan,2025,1,6,22,0,5,73021,POINT (1008609.6594247529 256511.52191156909),9 AVENUE,West 218 Street,West 219 Street,SB
38417,Manhattan,2025,1,6,22,15,6,73021,POINT (1008609.6594247529 256511.52191156909),9 AVENUE,West 218 Street,West 219 Street,SB
38417,Manhattan,2025,1,6,22,30,1,73021,POINT (1008609.6594247529 256511.52191156909),9 AVENUE,West 218 Street,West 219 Street,SB
38417,Manhattan,2025,1,6,22,45,4,73021,POINT (1008609.6594247529 256511.52191156909),9 AVENUE,West 218 Street,West 219 Street,SB
38417,Manhattan,2025,1,6,23,0,8,73021,POINT (1008609.6594247529 256511.52191156909),9 AVENUE,West 218 Street,West 219 Street,SB
38417,Manhattan,2025,1,6,23,15,5,73021,POINT (1008609.6594247529 256511.52191156909),9 AVENUE,West 218 Street,West 219 Street,SB
38417,Manhattan,2025,1,6,23,30,5,73021,POINT (1008609.6594247529 256511.52191156909),9 AVENUE,West 218 Street,West 219 Street,SB
38417,Manhattan,2025,1,6,23,45,7,73021,POINT (1008609.6594247529 256511.52191156909),9 AVENUE,West 218 Street,West 219 Street,SB
38417,Manhattan,2025,1,7,0,0,7,73021,POINT (1008609.6594247529 256511.52191156909),9 AVENUE,West 218 Street,West 219 Street,SB
38417,Manhattan,2025,1,7,0,15,0,73021,POINT (1008609.6594247529 256511.52191156909),9 AVENUE,West 218 Street,West 219 Street,SB
38417,Manhattan,2025,1,7,0,30,6,73021,POINT (1008609.6594247529 256511.52191156909),9 AVENUE,West 218 Street,West 219 Street,SB
38417,Manhattan,2025,1,7,0,45,3,73021,POINT (1008609.6594247529 256511.52191156909),9 AVENUE,West 218 Street,West 219 Street,SB
39743,Manhattan,2026,1,16,10,45,30,31662,POINT (981848.6609912371 204698.1404409656),GREENWICH STREET,King Street,West Houston Street,NB
39743,Manhattan,2026,1,16,11,0,32,31662,POINT (981848.6609912371 204698.1404409656),GREENWICH STREET,King Street,West Houston Street,NB
39743,Manhattan,2026,1,16,11,15,35,31662,POINT (981848.6609912371 204698.1404409656),GREENWICH STREET,King Street,West Houston Street,NB
39743,Manhattan,2026,1,16,11,30,24,31662,POINT (981848.6609912371 204698.1404409656),GREENWICH STREET,King Street,West Houston Street,NB
39743,Manhattan,2026,1,16,11,45,25,31662,POINT (981848.6609912371 204698.1404409656),GREENWICH STREET,King Street,West Houston Street,NB
39743,Manhattan,2026,1,16,12,0,30,31662,POINT (981848.6609912371 204698.1404409656),GREENWICH STREET,King Street,West Houston Street,NB
39743,Manhattan,2026,1,16,12,15,28,31662,POINT (981848.6609912371 204698.1404409656),GREENWICH STREET,King Street,West Houston Street,NB
39743,Manhattan,2026,1,16,12,30,32,31662,POINT (981848.6609912371 204698.1404409656),GREENWICH STREET,King Street,West Houston Street,NB
39743,Manhattan,2026,1,16,12,45,35,31662,POINT (981848.6609912371 204698.1404409656),GREENWICH STREET,King Street,West Houston Street,NB
39743,Manhattan,2026,1,16,13,0,25,31662,POINT (981848.6609912371 204698.1404409656),GREENWICH STREET,King Street,West Houston Street,NB
39743,Manhattan,2026,1,16,13,15,19,31662,POINT (981848.6609912371 204698.1404409656),GREENWICH STREET,King Street,West Houston Street,NB
39743,Manhattan,2026,1,16,13,30,19,31662,POINT (981848.6609912371 204698.1404409656),GREENWICH STREET,King Street,West Houston Street,NB
39743,Manhattan,2026,1,16,13,45,30,31662,POINT (981848.6609912371 204698.1404409656),GREENWICH STREET,King Street,West Houston Street,NB
39743,Manhattan,2026,1,16,14,0,19,31662,POINT (981848.6609912371 204698.1404409656),GREENWICH STREET,King Street,West Houston Street,NB
39743,Manhattan,2026,1,16,14,15,32,31662,POINT (981848.6609912371 204698.1404409656),GREENWICH STREET,King Street,West Houston Street,NB
39743,Manhattan,2026,1,16,14,30,28,31662,POINT (981848.6609912371 204698.1404409656),GREENWICH STREET,King Street,West Houston Street,NB
39743,Manhattan,2026,1,16,14,45,36,31662,POINT (981848.6609912371 204698.1404409656),GREENWICH STREET,King Street,West Houston Street,NB
39743,Manhattan,2026,1,16,15,0,30,31662,POINT (981848.6609912371 204698.1404409656),GREENWICH STREET,King Street,West Houston Street,NB
39743,Manhattan,2026,1,16,15,15,30,31662,POINT (981848.6609912371 204698.1404409656),GREENWICH STREET,King Street,West Houston Street,NB
39743,Manhattan,2026,1,16,15,30,21,31662,POINT (981848.6609912371 204698.1404409656),GREENWICH STREET,King Street,West Houston Street,NB
39743,Manhattan,2026,1,16,15,45,36,31662,POINT (981848.6609912371 204698.1404409656),GREENWICH STREET,King Street,West Houston Street,NB
39743,Manhattan,2026,1,16,16,0,35,31662,POINT (981848.6609912371 204698.1404409656),GREENWICH STREET,King Street,West Houston Street,NB
39743,Manhattan,2026,1,16,16,15,33,31662,POINT (981848.6609912371 204698.1404409656),GREENWICH STREET,King Street,West Houston Street,NB
39743,Manhattan,2026,1,16,16,30,26,31662,POINT (981848.6609912371 204698.1404409656),GREENWICH STREET,King Street,West Houston Street,NB
39743,Manhattan,2026,1,16,16,45,34,31662,POINT (981848.6609912371 204698.1404409656),GREENWICH STREET,King Street,West Houston Street,NB
39743,Manhattan,2026,1,16,17,0,23,31662,POINT (981848.6609912371 204698.1404409656),GREENWICH STREET,King Street,West Houston Street,NB
39743,Manhattan,2026,1,16,17,15,31,31662,POINT (981848.6609912371 204698.1404409656),GREENWICH STREET,King Street,West Houston Street,NB
39743,Manhattan,2026,1,16,17,30,28,31662,POINT (981848.6609912371 204698.1404409656),GREENWICH STREET,King Street,West Houston Street,NB
39743,Manhattan,2026,1,16,17,45,19,31662,POINT (981848.6609912371 204698.1404409656),GREENWICH STREET,King Street,West Houston Street,NB
39743,Manhattan,2026,1,16,18,0,19,31662,POINT (981848.6609912371 204698.1404409656),GREENWICH STREET,King Street,West Houston Street,NB
39743,Manhattan,2026,1,16,18,15,22,31662,POINT (981848.6609912371 204698.1404409656),GREENWICH STREET,King Street,West Houston Street,NB
39743,Manhattan,2026,1,16,18,30,20,31662,POINT (981848.6609912371 204698.1404409656),GREENWICH STREET,King Street,West Houston Street,NB
39743,Manhattan,2026,1,16,18,45,26,31662,POINT (981848.6609912371 204698.1404409656),GREENWICH STREET,King Street,West Houston Street,NB
39743,Manhattan,2026,1,16,19,0,31,31662,POINT (981848.6609912371 204698.1404409656),GREENWICH STREET,King Street,West Houston Street,NB
39743,Manhattan,2026,1,16,19,15,16,31662,POINT (981848.6609912371 204698.1404409656),GREENWICH STREET,King Street,West Houston Street,NB
39743,Manhattan,2026,1,16,19,30,15,31662,POINT (981848.6609912371 204698.1404409656),GREENWICH STREET,King Street,West Houston Street,NB
39743,Manhattan,2026,1,16,19,45,16,31662,POINT (981848.6609912371 204698.1404409656),GREENWICH STREET,King Street,West Houston Street,NB
39743,Manhattan,2026,1,16,20,0,16,31662,POINT (981848.6609912371 204698.1404409656),GREENWICH STREET,King Street,West Houston Street,NB
39743,Manhattan,2026,1,16,20,15,20,31662,POINT (981848.6609912371 204698.1404409656),GREENWICH STREET,King Street,West Houston Street,NB
39743,Manhattan,2026,1,16,20,30,25,31662,POINT (981848.6609912371 204698.1404409656),GREENWICH STREET,King Street,West Houston Street,NB
39743,Manhattan,2026,1,16,20,45,19,31662,POINT (981848.6609912371 204698.1404409656),GREENWICH STREET,King Street,West Houston Street,NB
39743,Manhattan,2026,1,16,21,0,8,31662,POINT (981848.6609912371 204698.1404409656),GREENWICH STREET,King Street,West Houston Street,NB
39743,Manhattan,2026,1,16,21,15,14,31662,POINT (981848.6609912371 204698.1404409656),GREENWICH STREET,King Street,West Houston Street,NB
39743,Manhattan,2026,1,16,21,30,9,31662,POINT (981848.6609912371 204698.1404409656),GREENWICH STREET,King Street,West Houston Street,NB
39743,Manhattan,2026,1,16,21,45,14,31662,POINT (981848.6609912371 204698.1404409656),GREENWICH STREET,King Street,West Houston Street,NB
39743,Manhattan,2026,1,16,22,0,5,31662,POINT (981848.6609912371 204698.1404409656),GREENWICH STREET,King Street,West Houston Street,NB
39743,Manhattan,2026,1,16,22,15,14,31662,POINT (981848.6609912371 204698.1404409656),GREENWICH STREET,King Street,West Houston Street,NB
39743,Manhattan,2026,1,16,22,30,12,31662,POINT (981848.6609912371 204698.1404409656),GREENWICH STREET,King Street,West Houston Street,NB
39743,Manhattan,2026,1,16,22,45,17,31662,POINT (981848.6609912371 204698.1404409656),GREENWICH STREET,King Street,West Houston Street,NB
39743,Manhattan,2026,1,16,23,0,14,31662,POINT (981848.6609912371 204698.1404409656),GREENWICH STREET,King Street,West Houston Street,NB
39743,Manhattan,2026,1,16,23,15,2,31662,POINT (981848.6609912371 204698.1404409656),GREENWICH STREET,King Street,West Houston Street,NB
39743,Manhattan,2026,1,16,23,30,7,31662,POINT (981848.6609912371 204698.1404409656),GREENWICH STREET,King Street,West Houston Street,NB
39743,Manhattan,2026,1,16,23,45,5,31662,POINT (981848.6609912371 204698.1404409656),GREENWICH STREET,King Street,West Houston Street,NB
38417,Manhattan,2025,1,10,7,45,46,73021,POINT (1008609.6594247529 256511.52191156909),9 AVENUE,West 218 Street,West 219 Street,SB
38417,Manhattan,2025,1,10,8,0,18,73021,POINT (1008609.6594247529 256511.52191156909),9 AVENUE,West 218 Street,West 219 Street,SB
38417,Manhattan,2025,1,10,8,15,18,73021,POINT (1008609.6594247529 256511.52191156909),9 AVENUE,West 218 Street,West 219 Street,SB
38417,Manhattan,2025,1,10,8,30,12,73021,POINT (1008609.6594247529 256511.52191156909),9 AVENUE,West 218 Street,West 219 Street,SB
38417,Manhattan,2025,1,10,8,45,18,73021,POINT (1008609.6594247529 256511.52191156909),9 AVENUE,West 218 Street,West 219 Street,SB
38417,Manhattan,2025,1,10,9,0,23,73021,POINT (1008609.6594247529 256511.52191156909),9 AVENUE,West 218 Street,West 219 Street,SB
38417,Manhattan,2025,1,10,9,15,12,73021,POINT (1008609.6594247529 256511.52191156909),9 AVENUE,West 218 Street,West 219 Street,SB
38417,Manhattan,2025,1,10,9,30,11,73021,POINT (1008609.6594247529 256511.52191156909),9 AVENUE,West 218 Street,West 219 Street,SB
38417,Manhattan,2025,1,10,9,45,24,73021,POINT (1008609.6594247529 256511.52191156909),9 AVENUE,West 218 Street,West 219 Street,SB
38417,Manhattan,2025,1,10,10,0,15,73021,POINT (1008609.6594247529 256511.52191156909),9 AVENUE,West 218 Street,West 219 Street,SB
38417,Manhattan,2025,1,10,10,15,14,73021,POINT (1008609.6594247529 256511.52191156909),9 AVENUE,West 218 Street,West 219 Street,SB
38417,Manhattan,2025,1,10,10,30,18,73021,POINT (1008609.6594247529 256511.52191156909),9 AVENUE,West 218 Street,West 219 Street,SB
38417,Manhattan,2025,1,10,10,45,16,73021,POINT (1008609.6594247529 256511.52191156909),9 AVENUE,West 218 Street,West 219 Street,SB
38417,Manhattan,2025,1,10,11,0,18,73021,POINT (1008609.6594247529 256511.52191156909),9 AVENUE,West 218 Street,West 219 Street,SB
38417,Manhattan,2025,1,10,11,15,23,73021,POINT (1008609.6594247529 256511.52191156909),9 AVENUE,West 218 Street,West 219 Street,SB
38417,Manhattan,2025,1,10,11,30,10,73021,POINT (1008609.6594247529 256511.52191156909),9 AVENUE,West 218 Street,West 219 Street,SB
38417,Manhattan,2025,1,10,11,45,18,73021,POINT (1008609.6594247529 256511.52191156909),9 AVENUE,West 218 Street,West 219 Street,SB
38417,Manhattan,2025,1,10,12,0,18,73021,POINT (1008609.6594247529 256511.52191156909),9 AVENUE,West 218 Street,West 219 Street,SB
38417,Manhattan,2025,1,10,12,15,18,73021,POINT (1008609.6594247529 256511.52191156909),9 AVENUE,West 218 Street,West 219 Street,SB
38417,Manhattan,2025,1,10,12,30,19,73021,POINT (1008609.6594247529 256511.52191156909),9 AVENUE,West 218 Street,West 219 Street,SB
38417,Manhattan,2025,1,10,12,45,16,73021,POINT (1008609.6594247529 256511.52191156909),9 AVENUE,West 218 Street,West 219 Street,SB
38417,Manhattan,2025,1,10,13,0,14,73021,POINT (1008609.6594247529 256511.52191156909),9 AVENUE,West 218 Street,West 219 Street,SB
38417,Manhattan,2025,1,10,13,15,19,73021,POINT (1008609.6594247529 256511.52191156909),9 AVENUE,West 218 Street,West 219 Street,SB
38417,Manhattan,2025,1,10,13,30,14,73021,POINT (1008609.6594247529 256511.52191156909),9 AVENUE,West 218 Street,West 219 Street,SB
38417,Manhattan,2025,1,10,13,45,32,73021,POINT (1008609.6594247529 256511.52191156909),9 AVENUE,West 218 Street,West 219 Street,SB
38417,Manhattan,2025,1,10,14,0,31,73021,POINT (1008609.6594247529 256511.52191156909),9 AVENUE,West 218 Street,West 219 Street,SB
38417,Manhattan,2025,1,10,14,15,20,73021,POINT (1008609.6594247529 256511.52191156909),9 AVENUE,West 218 Street,West 219 Street,SB
38417,Manhattan,2025,1,10,14,30,30,73021,POINT (1008609.6594247529 256511.52191156909),9 AVENUE,West 218 Street,West 219 Street,SB
38417,Manhattan,2025,1,10,14,45,35,73021,POINT (1008609.6594247529 256511.52191156909),9 AVENUE,West 218 Street,West 219 Street,SB
38417,Manhattan,2025,1,10,15,0,32,73021,POINT (1008609.6594247529 256511.52191156909),9 AVENUE,West 218 Street,West 219 Street,SB
38417,Manhattan,2025,1,10,15,15,55,73021,POINT (1008609.6594247529 256511.52191156909),9 AVENUE,West 218 Street,West 219 Street,SB
38417,Manhattan,2025,1,10,15,30,54,73021,POINT (1008609.6594247529 256511.52191156909),9 AVENUE,West 218 Street,West 219 Street,SB
38417,Manhattan,2025,1,10,15,45,41,73021,POINT (1008609.6594247529 256511.52191156909),9 AVENUE,West 218 Street,West 219 Street,SB
38417,Manhattan,2025,1,10,16,0,35,73021,POINT (1008609.6594247529 256511.52191156909),9 AVENUE,West 218 Street,West 219 Street,SB
38417,Manhattan,2025,1,10,16,15,39,73021,POINT (1008609.6594247529 256511.52191156909),9 AVENUE,West 218 Street,West 219 Street,SB
38417,Manhattan,2025,1,10,16,30,36,73021,POINT (1008609.6594247529 256511.52191156909),9 AVENUE,West 218 Street,West 219 Street,SB
38417,Manhattan,2025,1,10,16,45,23,73021,POINT (1008609.6594247529 256511.52191156909),9 AVENUE,West 218 Street,West 219 Street,SB
38417,Manhattan,2025,1,10,17,0,20,73021,POINT (1008609.6594247529 256511.52191156909),9 AVENUE,West 218 Street,West 219 Street,SB
38417,Manhattan,2025,1,10,17,15,17,73021,POINT (1008609.6594247529 256511.52191156909),9 AVENUE,West 218 Street,West 219 Street,SB
38417,Manhattan,2025,1,10,17,30,19,73021,POINT (1008609.6594247529 256511.52191156909),9 AVENUE,West 218 Street,West 219 Street,SB
38417,Manhattan,2025,1,10,17,45,16,73021,POINT (1008609.6594247529 256511.52191156909),9 AVENUE,West 218 Street,West 219 Street,SB
38417,Manhattan,2025,1,10,18,0,17,73021,POINT (1008609.6594247529 256511.52191156909),9 AVENUE,West 218 Street,West 219 Street,SB
38417,Manhattan,2025,1,10,18,15,21,73021,POINT (1008609.6594247529 256511.52191156909),9 AVENUE,West 218 Street,West 219 Street,SB
38417,Manhattan,2025,1,10,18,30,14,73021,POINT (1008609.6594247529 256511.52191156909),9 AVENUE,West 218 Street,West 219 Street,SB
38417,Manhattan,2025,1,10,18,45,13,73021,POINT (1008609.6594247529 256511.52191156909),9 AVENUE,West 218 Street,West 219 Street,SB
38417,Manhattan,2025,1,10,19,0,14,73021,POINT (1008609.6594247529 256511.52191156909),9 AVENUE,West 218 Street,West 219 Street,SB
38417,Manhattan,2025,1,10,19,15,7,73021,POINT (1008609.6594247529 256511.52191156909),9 AVENUE,West 218 Street,West 219 Street,SB
38417,Manhattan,2025,1,10,19,30,9,73021,POINT (1008609.6594247529 256511.52191156909),9 AVENUE,West 218 Street,West 219 Street,SB
38417,Manhattan,2025,1,10,19,45,9,73021,POINT (1008609.6594247529 256511.52191156909),9 AVENUE,West 218 Street,West 219 Street,SB
38417,Manhattan,2025,1,10,20,0,8,73021,POINT (1008609.6594247529 256511.52191156909),9 AVENUE,West 218 Street,West 219 Street,SB
38417,Manhattan,2025,1,10,20,15,8,73021,POINT (1008609.6594247529 256511.52191156909),9 AVENUE,West 218 Street,West 219 Street,SB
38417,Manhattan,2025,1,10,20,30,8,73021,POINT (1008609.6594247529 256511.52191156909),9 AVENUE,West 218 Street,West 219 Street,SB
38417,Manhattan,2025,1,10,20,45,5,73021,POINT (1008609.6594247529 256511.52191156909),9 AVENUE,West 218 Street,West 219 Street,SB
38417,Manhattan,2025,1,10,21,0,5,73021,POINT (1008609.6594247529 256511.52191156909),9 AVENUE,West 218 Street,West 219 Street,SB
38417,Manhattan,2025,1,10,21,15,10,73021,POINT (1008609.6594247529 256511.52191156909),9 AVENUE,West 218 Street,West 219 Street,SB
38417,Manhattan,2025,1,10,21,30,9,73021,POINT (1008609.6594247529 256511.52191156909),9 AVENUE,West 218 Street,West 219 Street,SB
38417,Manhattan,2025,1,10,21,45,9,73021,POINT (1008609.6594247529 256511.52191156909),9 AVENUE,West 218 Street,West 219 Street,SB
38417,Manhattan,2025,1,10,22,0,7,73021,POINT (1008609.6594247529 256511.52191156909),9 AVENUE,West 218 Street,West 219 Street,SB
38417,Manhattan,2025,1,10,22,15,9,73021,POINT (1008609.6594247529 256511.52191156909),9 AVENUE,West 218 Street,West 219 Street,SB
38417,Manhattan,2025,1,10,22,30,7,73021,POINT (1008609.6594247529 256511.52191156909),9 AVENUE,West 218 Street,West 219 Street,SB
38417,Manhattan,2025,1,10,22,45,8,73021,POINT (1008609.6594247529 256511.52191156909),9 AVENUE,West 218 Street,West 219 Street,SB
38417,Manhattan,2025,1,10,23,0,10,73021,POINT (1008609.6594247529 256511.52191156909),9 AVENUE,West 218 Street,West 219 Street,SB
38417,Manhattan,2025,1,10,23,15,11,73021,POINT (1008609.6594247529 256511.52191156909),9 AVENUE,West 218 Street,West 219 Street,SB
38417,Manhattan,2025,1,10,23,30,12,73021,POINT (1008609.6594247529 256511.52191156909),9 AVENUE,West 218 Street,West 219 Street,SB
38417,Manhattan,2025,1,10,23,45,9,73021,POINT (1008609.6594247529 256511.52191156909),9 AVENUE,West 218 Street,West 219 Street,SB
38417,Manhattan,2025,1,11,0,0,7,73021,POINT (1008609.6594247529 256511.52191156909),9 AVENUE,West 218 Street,West 219 Street,SB
38417,Manhattan,2025,1,11,0,15,5,73021,POINT (1008609.6594247529 256511.52191156909),9 AVENUE,West 218 Street,West 219 Street,SB
38417,Manhattan,2025,1,11,0,30,4,73021,POINT (1008609.6594247529 256511.52191156909),9 AVENUE,West 218 Street,West 219 Street,SB
38417,Manhattan,2025,1,11,0,45,2,73021,POINT (1008609.6594247529 256511.52191156909),9 AVENUE,West 218 Street,West 219 Street,SB
38417,Manhattan,2025,1,11,1,0,3,73021,POINT (1008609.6594247529 256511.52191156909),9 AVENUE,West 218 Street,West 219 Street,SB
38417,Manhattan,2025,1,11,1,15,3,73021,POINT (1008609.6594247529 256511.52191156909),9 AVENUE,West 218 Street,West 219 Street,SB
38417,Manhattan,2025,1,11,1,30,4,73021,POINT (1008609.6594247529 256511.52191156909),9 AVENUE,West 218 Street,West 219 Street,SB
38417,Manhattan,2025,1,11,1,45,1,73021,POINT (1008609.6594247529 256511.52191156909),9 AVENUE,West 218 Street,West 219 Street,SB
38417,Manhattan,2025,1,11,2,0,3,73021,POINT (1008609.6594247529 256511.52191156909),9 AVENUE,West 218 Street,West 219 Street,SB
38417,Manhattan,2025,1,11,2,15,4,73021,POINT (1008609.6594247529 256511.52191156909),9 AVENUE,West 218 Street,West 219 Street,SB
38417,Manhattan,2025,1,11,2,30,1,73021,POINT (1008609.6594247529 256511.52191156909),9 AVENUE,West 218 Street,West 219 Street,SB
38417,Manhattan,2025,1,11,2,45,0,73021,POINT (1008609.6594247529 256511.52191156909),9 AVENUE,West 218 Street,West 219 Street,SB
38417,Manhattan,2025,1,11,3,0,1,73021,POINT (1008609.6594247529 256511.52191156909),9 AVENUE,West 218 Street,West 219 Street,SB
38417,Manhattan,2025,1,11,3,15,1,73021,POINT (1008609.6594247529 256511.52191156909),9 AVENUE,West 218 Street,West 219 Street,SB
38417,Manhattan,2025,1,11,3,30,5,73021,POINT (1008609.6594247529 256511.52191156909),9 AVENUE,West 218 Street,West 219 Street,SB
38417,Manhattan,2025,1,11,3,45,0,73021,POINT (1008609.6594247529 256511.52191156909),9 AVENUE,West 218 Street,West 219 Street,SB
38417,Manhattan,2025,1,11,4,0,0,73021,POINT (1008609.6594247529 256511.52191156909),9 AVENUE,West 218 Street,West 219 Street,SB
38417,Manhattan,2025,1,11,4,15,5,73021,POINT (1008609.6594247529 256511.52191156909),9 AVENUE,West 218 Street,West 219 Street,SB
38417,Manhattan,2025,1,11,4,30,3,73021,POINT (1008609.6594247529 256511.52191156909),9 AVENUE,West 218 Street,West 219 Street,SB
38417,Manhattan,2025,1,11,4,45,8,73021,POINT (1008609.6594247529 256511.52191156909),9 AVENUE,West 218 Street,West 219 Street,SB
38417,Manhattan,2025,1,11,5,0,5,73021,POINT (1008609.6594247529 256511.52191156909),9 AVENUE,West 218 Street,West 219 Street,SB
38417,Manhattan,2025,1,11,5,15,8,73021,POINT (1008609.6594247529 256511.52191156909),9 AVENUE,West 218 Street,West 219 Street,SB
38417,Manhattan,2025,1,11,5,30,12,73021,POINT (1008609.6594247529 256511.52191156909),9 AVENUE,West 218 Street,West 219 Street,SB
38417,Manhattan,2025,1,11,5,45,16,73021,POINT (1008609.6594247529 256511.52191156909),9 AVENUE,West 218 Street,West 219 Street,SB
38417,Manhattan,2025,1,11,6,0,12,73021,POINT (1008609.6594247529 256511.52191156909),9 AVENUE,West 218 Street,West 219 Street,SB
38417,Manhattan,2025,1,11,6,15,1,73021,POINT (1008609.6594247529 256511.52191156909),9 AVENUE,West 218 Street,West 219 Street,SB
38417,Manhattan,2025,1,11,6,30,6,73021,POINT (1008609.6594247529 256511.52191156909),9 AVENUE,West 218 Street,West 219 Street,SB
38417,Manhattan,2025,1,11,6,45,5,73021,POINT (1008609.6594247529 256511.52191156909),9 AVENUE,West 218 Street,West 219 Street,SB
38417,Manhattan,2025,1,11,7,0,6,73021,POINT (1008609.6594247529 256511.52191156909),9 AVENUE,West 218 Street,West 219 Street,SB
38417,Manhattan,2025,1,11,7,15,7,73021,POINT (1008609.6594247529 256511.52191156909),9 AVENUE,West 218 Street,West 219 Street,SB
38417,Manhattan,2025,1,11,7,30,12,73021,POINT (1008609.6594247529 256511.52191156909),9 AVENUE,West 218 Street,West 219 Street,SB
38417,Manhattan,2025,1,11,7,45,5,73021,POINT (1008609.6594247529 256511.52191156909),9 AVENUE,West 218 Street,West 219 Street,SB
38417,Manhattan,2025,1,11,8,0,8,73021,POINT (1008609.6594247529 256511.52191156909),9 AVENUE,West 218 Street,West 219 Street,SB
38417,Manhattan,2025,1,11,8,15,5,73021,POINT (1008609.6594247529 256511.52191156909),9 AVENUE,West 218 Street,West 219 Street,SB
38417,Manhattan,2025,1,11,8,30,6,73021,POINT (1008609.6594247529 256511.52191156909),9 AVENUE,West 218 Street,West 219 Street,SB
38417,Manhattan,2025,1,11,8,45,5,73021,POINT (1008609.6594247529 256511.52191156909),9 AVENUE,West 218 Street,West 219 Street,SB
38417,Manhattan,2025,1,11,9,0,6,73021,POINT (1008609.6594247529 256511.52191156909),9 AVENUE,West 218 Street,West 219 Street,SB
38417,Manhattan,2025,1,11,9,15,11,73021,POINT (1008609.6594247529 256511.52191156909),9 AVENUE,West 218 Street,West 219 Street,SB
38417,Manhattan,2025,1,11,9,30,15,73021,POINT (1008609.6594247529 256511.52191156909),9 AVENUE,West 218 Street,West 219 Street,SB
38417,Manhattan,2025,1,11,9,45,6,73021,POINT (1008609.6594247529 256511.52191156909),9 AVENUE,West 218 Street,West 219 Street,SB
38417,Manhattan,2025,1,8,19,0,7,73023,POINT (1008740.073465875 256746.7455227563),9 AVENUE,West 219 Street,West 220 Street,NB
38417,Manhattan,2025,1,8,19,15,4,73023,POINT (1008740.073465875 256746.7455227563),9 AVENUE,West 219 Street,West 220 Street,NB
38417,Manhattan,2025,1,8,19,30,4,73023,POINT (1008740.073465875 256746.7455227563),9 AVENUE,West 219 Street,West 220 Street,NB
38417,Manhattan,2025,1,8,19,45,8,73023,POINT (1008740.073465875 256746.7455227563),9 AVENUE,West 219 Street,West 220 Street,NB
38417,Manhattan,2025,1,8,20,0,12,73023,POINT (1008740.073465875 256746.7455227563),9 AVENUE,West 219 Street,West 220 Street,NB
38417,Manhattan,2025,1,8,20,15,1,73023,POINT (1008740.073465875 256746.7455227563),9 AVENUE,West 219 Street,West 220 Street,NB
38417,Manhattan,2025,1,8,20,30,7,73023,POINT (1008740.073465875 256746.7455227563),9 AVENUE,West 219 Street,West 220 Street,NB
38417,Manhattan,2025,1,8,20,45,11,73023,POINT (1008740.073465875 256746.7455227563),9 AVENUE,West 219 Street,West 220 Street,NB
38417,Manhattan,2025,1,8,21,0,11,73023,POINT (1008740.073465875 256746.7455227563),9 AVENUE,West 219 Street,West 220 Street,NB
38417,Manhattan,2025,1,8,21,15,1,73023,POINT (1008740.073465875 256746.7455227563),9 AVENUE,West 219 Street,West 220 Street,NB
38417,Manhattan,2025,1,8,21,30,3,73023,POINT (1008740.073465875 256746.7455227563),9 AVENUE,West 219 Street,West 220 Street,NB
38417,Manhattan,2025,1,8,21,45,13,73023,POINT (1008740.073465875 256746.7455227563),9 AVENUE,West 219 Street,West 220 Street,NB
38417,Manhattan,2025,1,8,22,0,2,73023,POINT (1008740.073465875 256746.7455227563),9 AVENUE,West 219 Street,West 220 Street,NB
38417,Manhattan,2025,1,8,22,15,4,73023,POINT (1008740.073465875 256746.7455227563),9 AVENUE,West 219 Street,West 220 Street,NB
38417,Manhattan,2025,1,8,22,30,2,73023,POINT (1008740.073465875 256746.7455227563),9 AVENUE,West 219 Street,West 220 Street,NB
38417,Manhattan,2025,1,8,22,45,7,73023,POINT (1008740.073465875 256746.7455227563),9 AVENUE,West 219 Street,West 220 Street,NB
38417,Manhattan,2025,1,8,23,0,3,73023,POINT (1008740.073465875 256746.7455227563),9 AVENUE,West 219 Street,West 220 Street,NB
38417,Manhattan,2025,1,8,23,15,4,73023,POINT (1008740.073465875 256746.7455227563),9 AVENUE,West 219 Street,West 220 Street,NB
38417,Manhattan,2025,1,8,23,30,4,73023,POINT (1008740.073465875 256746.7455227563),9 AVENUE,West 219 Street,West 220 Street,NB
38417,Manhattan,2025,1,8,23,45,8,73023,POINT (1008740.073465875 256746.7455227563),9 AVENUE,West 219 Street,West 220 Street,NB
38417,Manhattan,2025,1,9,0,0,3,73023,POINT (1008740.073465875 256746.7455227563),9 AVENUE,West 219 Street,West 220 Street,NB
38417,Manhattan,2025,1,9,0,15,3,73023,POINT (1008740.073465875 256746.7455227563),9 AVENUE,West 219 Street,West 220 Street,NB
38417,Manhattan,2025,1,9,0,30,4,73023,POINT (1008740.073465875 256746.7455227563),9 AVENUE,West 219 Street,West 220 Street,NB
38417,Manhattan,2025,1,9,0,45,6,73023,POINT (1008740.073465875 256746.7455227563),9 AVENUE,West 219 Street,West 220 Street,NB
38417,Manhattan,2025,1,9,1,0,4,73023,POINT (1008740.073465875 256746.7455227563),9 AVENUE,West 219 Street,West 220 Street,NB
38417,Manhattan,2025,1,9,1,15,1,73023,POINT (1008740.073465875 256746.7455227563),9 AVENUE,West 219 Street,West 220 Street,NB
38417,Manhattan,2025,1,9,1,30,1,73023,POINT (1008740.073465875 256746.7455227563),9 AVENUE,West 219 Street,West 220 Street,NB
38417,Manhattan,2025,1,9,1,45,2,73023,POINT (1008740.073465875 256746.7455227563),9 AVENUE,West 219 Street,West 220 Street,NB
38417,Manhattan,2025,1,9,2,0,3,73023,POINT (1008740.073465875 256746.7455227563),9 AVENUE,West 219 Street,West 220 Street,NB
38417,Manhattan,2025,1,9,2,15,1,73023,POINT (1008740.073465875 256746.7455227563),9 AVENUE,West 219 Street,West 220 Street,NB
38417,Manhattan,2025,1,9,2,30,2,73023,POINT (1008740.073465875 256746.7455227563),9 AVENUE,West 219 Street,West 220 Street,NB
38417,Manhattan,2025,1,9,2,45,4,73023,POINT (1008740.073465875 256746.7455227563),9 AVENUE,West 219 Street,West 220 Street,NB
38417,Manhattan,2025,1,9,3,0,5,73023,POINT (1008740.073465875 256746.7455227563),9 AVENUE,West 219 Street,West 220 Street,NB
38417,Manhattan,2025,1,9,3,15,1,73023,POINT (1008740.073465875 256746.7455227563),9 AVENUE,West 219 Street,West 220 Street,NB
38417,Manhattan,2025,1,9,3,30,0,73023,POINT (1008740.073465875 256746.7455227563),9 AVENUE,West 219 Street,West 220 Street,NB
38417,Manhattan,2025,1,9,3,45,2,73023,POINT (1008740.073465875 256746.7455227563),9 AVENUE,West 219 Street,West 220 Street,NB
38417,Manhattan,2025,1,9,4,0,5,73023,POINT (1008740.073465875 256746.7455227563),9 AVENUE,West 219 Street,West 220 Street,NB
38417,Manhattan,2025,1,9,4,15,2,73023,POINT (1008740.073465875 256746.7455227563),9 AVENUE,West 219 Street,West 220 Street,NB
38417,Manhattan,2025,1,9,4,30,3,73023,POINT (1008740.073465875 256746.7455227563),9 AVENUE,West 219 Street,West 220 Street,NB
38417,Manhattan,2025,1,9,4,45,8,73023,POINT (1008740.073465875 256746.7455227563),9 AVENUE,West 219 Street,West 220 Street,NB
38417,Manhattan,2025,1,9,5,0,7,73023,POINT (1008740.073465875 256746.7455227563),9 AVENUE,West 219 Street,West 220 Street,NB
38417,Manhattan,2025,1,9,5,15,9,73023,POINT (1008740.073465875 256746.7455227563),9 AVENUE,West 219 Street,West 220 Street,NB
38417,Manhattan,2025,1,9,5,30,15,73023,POINT (1008740.073465875 256746.7455227563),9 AVENUE,West 219 Street,West 220 Street,NB
38417,Manhattan,2025,1,9,5,45,29,73023,POINT (1008740.073465875 256746.7455227563),9 AVENUE,West 219 Street,West 220 Street,NB
38417,Manhattan,2025,1,9,6,0,12,73023,POINT (1008740.073465875 256746.7455227563),9 AVENUE,West 219 Street,West 220 Street,NB
38417,Manhattan,2025,1,9,6,15,13,73023,POINT (1008740.073465875 256746.7455227563),9 AVENUE,West 219 Street,West 220 Street,NB
38417,Manhattan,2025,1,9,6,30,35,73023,POINT (1008740.073465875 256746.7455227563),9 AVENUE,West 219 Street,West 220 Street,NB
38417,Manhattan,2025,1,9,6,45,12,73023,POINT (1008740.073465875 256746.7455227563),9 AVENUE,West 219 Street,West 220 Street,NB
38417,Manhattan,2025,1,9,7,0,8,73023,POINT (1008740.073465875 256746.7455227563),9 AVENUE,West 219 Street,West 220 Street,NB
38417,Manhattan,2025,1,9,7,15,11,73023,POINT (1008740.073465875 256746.7455227563),9 AVENUE,West 219 Street,West 220 Street,NB
38417,Manhattan,2025,1,9,7,30,12,73023,POINT (1008740.073465875 256746.7455227563),9 AVENUE,West 219 Street,West 220 Street,NB
38417,Manhattan,2025,1,9,7,45,21,73023,POINT (1008740.073465875 256746.7455227563),9 AVENUE,West 219 Street,West 220 Street,NB
38417,Manhattan,2025,1,9,8,0,10,73023,POINT (1008740.073465875 256746.7455227563),9 AVENUE,West 219 Street,West 220 Street,NB
38417,Manhattan,2025,1,9,8,15,6,73023,POINT (1008740.073465875 256746.7455227563),9 AVENUE,West 219 Street,West 220 Street,NB
38417,Manhattan,2025,1,9,8,30,7,73023,POINT (1008740.073465875 256746.7455227563),9 AVENUE,West 219 Street,West 220 Street,NB
38417,Manhattan,2025,1,9,8,45,13,73023,POINT (1008740.073465875 256746.7455227563),9 AVENUE,West 219 Street,West 220 Street,NB
38417,Manhattan,2025,1,9,9,0,3,73023,POINT (1008740.073465875 256746.7455227563),9 AVENUE,West 219 Street,West 220 Street,NB
38417,Manhattan,2025,1,9,9,15,6,73023,POINT (1008740.073465875 256746.7455227563),9 AVENUE,West 219 Street,West 220 Street,NB
38417,Manhattan,2025,1,9,9,30,8,73023,POINT (1008740.073465875 256746.7455227563),9 AVENUE,West 219 Street,West 220 Street,NB
38417,Manhattan,2025,1,9,9,45,13,73023,POINT (1008740.073465875 256746.7455227563),9 AVENUE,West 219 Street,West 220 Street,NB
38417,Manhattan,2025,1,9,10,0,8,73023,POINT (1008740.073465875 256746.7455227563),9 AVENUE,West 219 Street,West 220 Street,NB
38417,Manhattan,2025,1,9,10,15,13,73023,POINT (1008740.073465875 256746.7455227563),9 AVENUE,West 219 Street,West 220 Street,NB
38417,Manhattan,2025,1,9,10,30,7,73023,POINT (1008740.073465875 256746.7455227563),9 AVENUE,West 219 Street,West 220 Street,NB
38417,Manhattan,2025,1,9,10,45,6,73023,POINT (1008740.073465875 256746.7455227563),9 AVENUE,West 219 Street,West 220 Street,NB
38417,Manhattan,2025,1,9,11,0,8,73023,POINT (1008740.073465875 256746.7455227563),9 AVENUE,West 219 Street,West 220 Street,NB
38417,Manhattan,2025,1,9,11,15,9,73023,POINT (1008740.073465875 256746.7455227563),9 AVENUE,West 219 Street,West 220 Street,NB
38417,Manhattan,2025,1,9,11,30,9,73023,POINT (1008740.073465875 256746.7455227563),9 AVENUE,West 219 Street,West 220 Street,NB
38417,Manhattan,2025,1,9,11,45,14,73023,POINT (1008740.073465875 256746.7455227563),9 AVENUE,West 219 Street,West 220 Street,NB
38417,Manhattan,2025,1,9,12,0,14,73023,POINT (1008740.073465875 256746.7455227563),9 AVENUE,West 219 Street,West 220 Street,NB
38417,Manhattan,2025,1,9,12,15,9,73023,POINT (1008740.073465875 256746.7455227563),9 AVENUE,West 219 Street,West 220 Street,NB
38417,Manhattan,2025,1,9,12,30,5,73023,POINT (1008740.073465875 256746.7455227563),9 AVENUE,West 219 Street,West 220 Street,NB
38417,Manhattan,2025,1,9,12,45,17,73023,POINT (1008740.073465875 256746.7455227563),9 AVENUE,West 219 Street,West 220 Street,NB
38417,Manhattan,2025,1,9,13,0,8,73023,POINT (1008740.073465875 256746.7455227563),9 AVENUE,West 219 Street,West 220 Street,NB
38417,Manhattan,2025,1,9,13,15,12,73023,POINT (1008740.073465875 256746.7455227563),9 AVENUE,West 219 Street,West 220 Street,NB
38417,Manhattan,2025,1,9,13,30,17,73023,POINT (1008740.073465875 256746.7455227563),9 AVENUE,West 219 Street,West 220 Street,NB
38417,Manhattan,2025,1,9,13,45,36,73023,POINT (1008740.073465875 256746.7455227563),9 AVENUE,West 219 Street,West 220 Street,NB
38417,Manhattan,2025,1,9,14,0,29,73023,POINT (1008740.073465875 256746.7455227563),9 AVENUE,West 219 Street,West 220 Street,NB
38417,Manhattan,2025,1,9,14,15,20,73023,POINT (1008740.073465875 256746.7455227563),9 AVENUE,West 219 Street,West 220 Street,NB
38417,Manhattan,2025,1,9,14,30,26,73023,POINT (1008740.073465875 256746.7455227563),9 AVENUE,West 219 Street,West 220 Street,NB
38417,Manhattan,2025,1,9,14,45,21,73023,POINT (1008740.073465875 256746.7455227563),9 AVENUE,West 219 Street,West 220 Street,NB
38417,Manhattan,2025,1,9,15,0,11,73023,POINT (1008740.073465875 256746.7455227563),9 AVENUE,West 219 Street,West 220 Street,NB
38417,Manhattan,2025,1,9,15,15,6,73023,POINT (1008740.073465875 256746.7455227563),9 AVENUE,West 219 Street,West 220 Street,NB
38417,Manhattan,2025,1,9,15,30,4,73023,POINT (1008740.073465875 256746.7455227563),9 AVENUE,West 219 Street,West 220 Street,NB
38417,Manhattan,2025,1,9,15,45,19,73023,POINT (1008740.073465875 256746.7455227563),9 AVENUE,West 219 Street,West 220 Street,NB
38417,Manhattan,2025,1,9,16,0,28,73023,POINT (1008740.073465875 256746.7455227563),9 AVENUE,West 219 Street,West 220 Street,NB
38417,Manhattan,2025,1,9,16,15,9,73023,POINT (1008740.073465875 256746.7455227563),9 AVENUE,West 219 Street,West 220 Street,NB
38417,Manhattan,2025,1,9,16,30,25,73023,POINT (1008740.073465875 256746.7455227563),9 AVENUE,West 219 Street,West 220 Street,NB
38417,Manhattan,2025,1,9,16,45,22,73023,POINT (1008740.073465875 256746.7455227563),9 AVENUE,West 219 Street,West 220 Street,NB
38417,Manhattan,2025,1,9,17,0,10,73023,POINT (1008740.073465875 256746.7455227563),9 AVENUE,West 219 Street,West 220 Street,NB
38417,Manhattan,2025,1,9,17,15,12,73023,POINT (1008740.073465875 256746.7455227563),9 AVENUE,West 219 Street,West 220 Street,NB
38417,Manhattan,2025,1,9,17,30,10,73023,POINT (1008740.073465875 256746.7455227563),9 AVENUE,West 219 Street,West 220 Street,NB
38417,Manhattan,2025,1,9,17,45,6,73023,POINT (1008740.073465875 256746.7455227563),9 AVENUE,West 219 Street,West 220 Street,NB
38417,Manhattan,2025,1,9,18,0,11,73023,POINT (1008740.073465875 256746.7455227563),9 AVENUE,West 219 Street,West 220 Street,NB
38417,Manhattan,2025,1,9,18,15,8,73023,POINT (1008740.073465875 256746.7455227563),9 AVENUE,West 219 Street,West 220 Street,NB
38417,Manhattan,2025,1,9,18,30,8,73023,POINT (1008740.073465875 256746.7455227563),9 AVENUE,West 219 Street,West 220 Street,NB
38417,Manhattan,2025,1,9,18,45,8,73023,POINT (1008740.073465875 256746.7455227563),9 AVENUE,West 219 Street,West 220 Street,NB
38417,Manhattan,2025,1,9,19,0,9,73023,POINT (1008740.073465875 256746.7455227563),9 AVENUE,West 219 Street,West 220 Street,NB
38417,Manhattan,2025,1,9,19,15,5,73023,POINT (1008740.073465875 256746.7455227563),9 AVENUE,West 219 Street,West 220 Street,NB
38417,Manhattan,2025,1,9,19,30,8,73023,POINT (1008740.073465875 256746.7455227563),9 AVENUE,West 219 Street,West 220 Street,NB
38417,Manhattan,2025,1,9,19,45,7,73023,POINT (1008740.073465875 256746.7455227563),9 AVENUE,West 219 Street,West 220 Street,NB
38417,Manhattan,2025,1,9,20,0,2,73023,POINT (1008740.073465875 256746.7455227563),9 AVENUE,West 219 Street,West 220 Street,NB
38417,Manhattan,2025,1,9,20,15,3,73023,POINT (1008740.073465875 256746.7455227563),9 AVENUE,West 219 Street,West 220 Street,NB
38417,Manhattan,2025,1,9,20,30,6,73023,POINT (1008740.073465875 256746.7455227563),9 AVENUE,West 219 Street,West 220 Street,NB
38417,Manhattan,2025,1,9,20,45,8,73023,POINT (1008740.073465875 256746.7455227563),9 AVENUE,West 219 Street,West 220 Street,NB
38417,Manhattan,2025,1,9,21,0,7,73023,POINT (1008740.073465875 256746.7455227563),9 AVENUE,West 219 Street,West 220 Street,NB
38417,Manhattan,2024,1,7,6,15,18,73023,POINT (1008740.073465875 256746.7455227563),9 AVENUE,West 219 Street,West 220 Street,SB
38417,Manhattan,2024,1,7,6,30,27,73023,POINT (1008740.073465875 256746.7455227563),9 AVENUE,West 219 Street,West 220 Street,SB
38417,Manhattan,2024,1,7,6,45,43,73023,POINT (1008740.073465875 256746.7455227563),9 AVENUE,West 219 Street,West 220 Street,SB
38417,Manhattan,2024,1,7,7,0,79,73023,POINT (1008740.073465875 256746.7455227563),9 AVENUE,West 219 Street,West 220 Street,SB
38417,Manhattan,2024,1,7,7,15,109,73023,POINT (1008740.073465875 256746.7455227563),9 AVENUE,West 219 Street,West 220 Street,SB
38417,Manhattan,2024,1,7,7,30,134,73023,POINT (1008740.073465875 256746.7455227563),9 AVENUE,West 219 Street,West 220 Street,SB
38417,Manhattan,2024,1,7,7,45,48,73023,POINT (1008740.073465875 256746.7455227563),9 AVENUE,West 219 Street,West 220 Street,SB
38417,Manhattan,2024,1,7,8,0,16,73023,POINT (1008740.073465875 256746.7455227563),9 AVENUE,West 219 Street,West 220 Street,SB
38417,Manhattan,2024,1,7,8,15,21,73023,POINT (1008740.073465875 256746.7455227563),9 AVENUE,West 219 Street,West 220 Street,SB
38417,Manhattan,2024,1,7,8,30,22,73023,POINT (1008740.073465875 256746.7455227563),9 AVENUE,West 219 Street,West 220 Street,SB
38417,Manhattan,2024,1,7,8,45,25,73023,POINT (1008740.073465875 256746.7455227563),9 AVENUE,West 219 Street,West 220 Street,SB
38417,Manhattan,2024,1,7,9,0,24,73023,POINT (1008740.073465875 256746.7455227563),9 AVENUE,West 219 Street,West 220 Street,SB
38417,Manhattan,2024,1,7,9,15,19,73023,POINT (1008740.073465875 256746.7455227563),9 AVENUE,West 219 Street,West 220 Street,SB
38417,Manhattan,2024,1,7,9,30,25,73023,POINT (1008740.073465875 256746.7455227563),9 AVENUE,West 219 Street,West 220 Street,SB
38417,Manhattan,2024,1,7,9,45,33,73023,POINT (1008740.073465875 256746.7455227563),9 AVENUE,West 219 Street,West 220 Street,SB
38417,Manhattan,2024,1,7,10,0,21,73023,POINT (1008740.073465875 256746.7455227563),9 AVENUE,West 219 Street,West 220 Street,SB
38417,Manhattan,2024,1,7,10,15,28,73023,POINT (1008740.073465875 256746.7455227563),9 AVENUE,West 219 Street,West 220 Street,SB
38417,Manhattan,2024,1,7,10,30,14,73023,POINT (1008740.073465875 256746.7455227563),9 AVENUE,West 219 Street,West 220 Street,SB
38417,Manhattan,2024,1,7,10,45,20,73023,POINT (1008740.073465875 256746.7455227563),9 AVENUE,West 219 Street,West 220 Street,SB
38417,Manhattan,2024,1,7,11,0,17,73023,POINT (1008740.073465875 256746.7455227563),9 AVENUE,West 219 Street,West 220 Street,SB
38417,Manhattan,2024,1,7,11,15,28,73023,POINT (1008740.073465875 256746.7455227563),9 AVENUE,West 219 Street,West 220 Street,SB
38417,Manhattan,2024,1,7,11,30,25,73023,POINT (1008740.073465875 256746.7455227563),9 AVENUE,West 219 Street,West 220 Street,SB
38417,Manhattan,2024,1,7,11,45,17,73023,POINT (1008740.073465875 256746.7455227563),9 AVENUE,West 219 Street,West 220 Street,SB
38417,Manhattan,2024,1,7,12,0,26,73023,POINT (1008740.073465875 256746.7455227563),9 AVENUE,West 219 Street,West 220 Street,SB
38417,Manhattan,2024,1,7,12,15,27,73023,POINT (1008740.073465875 256746.7455227563),9 AVENUE,West 219 Street,West 220 Street,SB
38417,Manhattan,2024,1,7,12,30,27,73023,POINT (1008740.073465875 256746.7455227563),9 AVENUE,West 219 Street,West 220 Street,SB
38417,Manhattan,2024,1,7,12,45,24,73023,POINT (1008740.073465875 256746.7455227563),9 AVENUE,West 219 Street,West 220 Street,SB
38417,Manhattan,2024,1,7,13,0,17,73023,POINT (1008740.073465875 256746.7455227563),9 AVENUE,West 219 Street,West 220 Street,SB
38417,Manhattan,2024,1,7,13,15,38,73023,POINT (1008740.073465875 256746.7455227563),9 AVENUE,West 219 Street,West 220 Street,SB
38417,Manhattan,2024,1,7,13,30,35,73023,POINT (1008740.073465875 256746.7455227563),9 AVENUE,West 219 Street,West 220 Street,SB
38417,Manhattan,2024,1,7,13,45,26,73023,POINT (1008740.073465875 256746.7455227563),9 AVENUE,West 219 Street,West 220 Street,SB
38417,Manhattan,2024,1,7,14,0,25,73023,POINT (1008740.073465875 256746.7455227563),9 AVENUE,West 219 Street,West 220 Street,SB
38417,Manhattan,2024,1,7,14,15,24,73023,POINT (1008740.073465875 256746.7455227563),9 AVENUE,West 219 Street,West 220 Street,SB
38417,Manhattan,2024,1,7,14,30,34,73023,POINT (1008740.073465875 256746.7455227563),9 AVENUE,West 219 Street,West 220 Street,SB
38417,Manhattan,2024,1,7,14,45,40,73023,POINT (1008740.073465875 256746.7455227563),9 AVENUE,West 219 Street,West 220 Street,SB
38417,Manhattan,2024,1,7,15,0,62,73023,POINT (1008740.073465875 256746.7455227563),9 AVENUE,West 219 Street,West 220 Street,SB
38417,Manhattan,2024,1,7,15,15,69,73023,POINT (1008740.073465875 256746.7455227563),9 AVENUE,West 219 Street,West 220 Street,SB
38417,Manhattan,2024,1,7,15,30,70,73023,POINT (1008740.073465875 256746.7455227563),9 AVENUE,West 219 Street,West 220 Street,SB
38417,Manhattan,2024,1,7,15,45,53,73023,POINT (1008740.073465875 256746.7455227563),9 AVENUE,West 219 Street,West 220 Street,SB
38417,Manhattan,2024,1,7,16,0,39,73023,POINT (1008740.073465875 256746.7455227563),9 AVENUE,West 219 Street,West 220 Street,SB
38417,Manhattan,2024,1,7,16,15,38,73023,POINT (1008740.073465875 256746.7455227563),9 AVENUE,West 219 Street,West 220 Street,SB
38417,Manhattan,2024,1,7,16,30,41,73023,POINT (1008740.073465875 256746.7455227563),9 AVENUE,West 219 Street,West 220 Street,SB
38417,Manhattan,2024,1,7,16,45,26,73023,POINT (1008740.073465875 256746.7455227563),9 AVENUE,West 219 Street,West 220 Street,SB
38417,Manhattan,2024,1,7,17,0,22,73023,POINT (1008740.073465875 256746.7455227563),9 AVENUE,West 219 Street,West 220 Street,SB
38417,Manhattan,2024,1,7,17,15,22,73023,POINT (1008740.073465875 256746.7455227563),9 AVENUE,West 219 Street,West 220 Street,SB
38417,Manhattan,2024,1,7,17,30,27,73023,POINT (1008740.073465875 256746.7455227563),9 AVENUE,West 219 Street,West 220 Street,SB
38417,Manhattan,2024,1,7,17,45,14,73023,POINT (1008740.073465875 256746.7455227563),9 AVENUE,West 219 Street,West 220 Street,SB
38417,Manhattan,2024,1,7,18,0,22,73023,POINT (1008740.073465875 256746.7455227563),9 AVENUE,West 219 Street,West 220 Street,SB
38417,Manhattan,2024,1,7,18,15,17,73023,POINT (1008740.073465875 256746.7455227563),9 AVENUE,West 219 Street,West 220 Street,SB
38417,Manhattan,2024,1,7,18,30,16,73023,POINT (1008740.073465875 256746.7455227563),9 AVENUE,West 219 Street,West 220 Street,SB
38417,Manhattan,2024,1,7,18,45,20,73023,POINT (1008740.073465875 256746.7455227563),9 AVENUE,West 219 Street,West 220 Street,SB
38417,Manhattan,2024,1,7,19,0,19,73023,POINT (1008740.073465875 256746.7455227563),9 AVENUE,West 219 Street,West 220 Street,SB
38417,Manhattan,2024,1,7,19,15,13,73023,POINT (1008740.073465875 256746.7455227563),9 AVENUE,West 219 Street,West 220 Street,SB
38417,Manhattan,2024,1,7,19,30,17,73023,POINT (1008740.073465875 256746.7455227563),9 AVENUE,West 219 Street,West 220 Street,SB
38417,Manhattan,2024,1,7,19,45,11,73023,POINT (1008740.073465875 256746.7455227563),9 AVENUE,West 219 Street,West 220 Street,SB
38417,Manhattan,2024,1,7,20,0,6,73023,POINT (1008740.073465875 256746.7455227563),9 AVENUE,West 219 Street,West 220 Street,SB
38417,Manhattan,2024,1,7,20,15,17,73023,POINT (1008740.073465875 256746.7455227563),9 AVENUE,West 219 Street,West 220 Street,SB
38417,Manhattan,2024,1,7,20,30,2,73023,POINT (1008740.073465875 256746.7455227563),9 AVENUE,West 219 Street,West 220 Street,SB
38417,Manhattan,2024,1,7,20,45,0,73023,POINT (1008740.073465875 256746.7455227563),9 AVENUE,West 219 Street,West 220 Street,SB
38417,Manhattan,2024,1,7,21,0,6,73023,POINT (1008740.073465875 256746.7455227563),9 AVENUE,West 219 Street,West 220 Street,SB
38417,Manhattan,2024,1,7,21,15,11,73023,POINT (1008740.073465875 256746.7455227563),9 AVENUE,West 219 Street,West 220 Street,SB
38417,Manhattan,2024,1,7,21,30,8,73023,POINT (1008740.073465875 256746.7455227563),9 AVENUE,West 219 Street,West 220 Street,SB
38417,Manhattan,2024,1,7,21,45,14,73023,POINT (1008740.073465875 256746.7455227563),9 AVENUE,West 219 Street,West 220 Street,SB
38417,Manhattan,2024,1,7,22,0,7,73023,POINT (1008740.073465875 256746.7455227563),9 AVENUE,West 219 Street,West 220 Street,SB
38417,Manhattan,2024,1,7,22,15,5,73023,POINT (1008740.073465875 256746.7455227563),9 AVENUE,West 219 Street,West 220 Street,SB
38417,Manhattan,2024,1,7,22,30,11,73023,POINT (1008740.073465875 256746.7455227563),9 AVENUE,West 219 Street,West 220 Street,SB
38417,Manhattan,2024,1,7,22,45,11,73023,POINT (1008740.073465875 256746.7455227563),9 AVENUE,West 219 Street,West 220 Street,SB
38417,Manhattan,2024,1,7,23,0,17,73023,POINT (1008740.073465875 256746.7455227563),9 AVENUE,West 219 Street,West 220 Street,SB
38417,Manhattan,2024,1,7,23,15,13,73023,POINT (1008740.073465875 256746.7455227563),9 AVENUE,West 219 Street,West 220 Street,SB
38417,Manhattan,2024,1,7,23,30,10,73023,POINT (1008740.073465875 256746.7455227563),9 AVENUE,West 219 Street,West 220 Street,SB
38417,Manhattan,2024,1,7,23,45,6,73023,POINT (1008740.073465875 256746.7455227563),9 AVENUE,West 219 Street,West 220 Street,SB
38417,Manhattan,2024,1,8,0,0,20,73023,POINT (1008740.073465875 256746.7455227563),9 AVENUE,West 219 Street,West 220 Street,SB
38417,Manhattan,2024,1,8,0,15,8,73023,POINT (1008740.073465875 256746.7455227563),9 AVENUE,West 219 Street,West 220 Street,SB
38417,Manhattan,2024,1,8,0,30,12,73023,POINT (1008740.073465875 256746.7455227563),9 AVENUE,West 219 Street,West 220 Street,SB
38417,Manhattan,2024,1,8,0,45,5,73023,POINT (1008740.073465875 256746.7455227563),9 AVENUE,West 219 Street,West 220 Street,SB
38417,Manhattan,2024,1,8,1,0,3,73023,POINT (1008740.073465875 256746.7455227563),9 AVENUE,West 219 Street,West 220 Street,SB
38417,Manhattan,2024,1,8,1,15,4,73023,POINT (1008740.073465875 256746.7455227563),9 AVENUE,West 219 Street,West 220 Street,SB
38417,Manhattan,2024,1,8,1,30,4,73023,POINT (1008740.073465875 256746.7455227563),9 AVENUE,West 219 Street,West 220 Street,SB
38417,Manhattan,2024,1,8,1,45,0,73023,POINT (1008740.073465875 256746.7455227563),9 AVENUE,West 219 Street,West 220 Street,SB
38417,Manhattan,2024,1,8,2,0,2,73023,POINT (1008740.073465875 256746.7455227563),9 AVENUE,West 219 Street,West 220 Street,SB
38417,Manhattan,2024,1,8,2,15,2,73023,POINT (1008740.073465875 256746.7455227563),9 AVENUE,West 219 Street,West 220 Street,SB
38417,Manhattan,2024,1,8,2,30,6,73023,POINT (1008740.073465875 256746.7455227563),9 AVENUE,West 219 Street,West 220 Street,SB
38417,Manhattan,2024,1,8,2,45,1,73023,POINT (1008740.073465875 256746.7455227563),9 AVENUE,West 219 Street,West 220 Street,SB
38417,Manhattan,2024,1,8,3,0,1,73023,POINT (1008740.073465875 256746.7455227563),9 AVENUE,West 219 Street,West 220 Street,SB
38417,Manhattan,2024,1,8,3,15,4,73023,POINT (1008740.073465875 256746.7455227563),9 AVENUE,West 219 Street,West 220 Street,SB
38417,Manhattan,2024,1,8,3,30,3,73023,POINT (1008740.073465875 256746.7455227563),9 AVENUE,West 219 Street,West 220 Street,SB
38417,Manhattan,2024,1,8,3,45,2,73023,POINT (1008740.073465875 256746.7455227563),9 AVENUE,West 219 Street,West 220 Street,SB
38417,Manhattan,2024,1,8,4,0,5,73023,POINT (1008740.073465875 256746.7455227563),9 AVENUE,West 219 Street,West 220 Street,SB
38417,Manhattan,2024,1,8,4,15,3,73023,POINT (1008740.073465875 256746.7455227563),9 AVENUE,West 219 Street,West 220 Street,SB
38417,Manhattan,2024,1,8,4,30,14,73023,POINT (1008740.073465875 256746.7455227563),9 AVENUE,West 219 Street,West 220 Street,SB
38417,Manhattan,2024,1,8,4,45,11,73023,POINT (1008740.073465875 256746.7455227563),9 AVENUE,West 219 Street,West 220 Street,SB
38417,Manhattan,2024,1,8,5,0,10,73023,POINT (1008740.073465875 256746.7455227563),9 AVENUE,West 219 Street,West 220 Street,SB
38417,Manhattan,2024,1,8,5,15,13,73023,POINT (1008740.073465875 256746.7455227563),9 AVENUE,West 219 Street,West 220 Street,SB
38417,Manhattan,2024,1,8,5,30,27,73023,POINT (1008740.073465875 256746.7455227563),9 AVENUE,West 219 Street,West 220 Street,SB
38417,Manhattan,2024,1,8,5,45,27,73023,POINT (1008740.073465875 256746.7455227563),9 AVENUE,West 219 Street,West 220 Street,SB
38417,Manhattan,2024,1,8,6,0,28,73023,POINT (1008740.073465875 256746.7455227563),9 AVENUE,West 219 Street,West 220 Street,SB
38417,Manhattan,2024,1,8,6,15,18,73023,POINT (1008740.073465875 256746.7455227563),9 AVENUE,West 219 Street,West 220 Street,SB
38417,Manhattan,2024,1,8,6,30,27,73023,POINT (1008740.073465875 256746.7455227563),9 AVENUE,West 219 Street,West 220 Street,SB
38417,Manhattan,2024,1,8,6,45,38,73023,POINT (1008740.073465875 256746.7455227563),9 AVENUE,West 219 Street,West 220 Street,SB
38417,Manhattan,2024,1,8,7,0,54,73023,POINT (1008740.073465875 256746.7455227563),9 AVENUE,West 219 Street,West 220 Street,SB
38417,Manhattan,2024,1,8,7,15,137,73023,POINT (1008740.073465875 256746.7455227563),9 AVENUE,West 219 Street,West 220 Street,SB
38417,Manhattan,2024,1,8,7,30,126,73023,POINT (1008740.073465875 256746.7455227563),9 AVENUE,West 219 Street,West 220 Street,SB
38417,Manhattan,2024,1,8,7,45,37,73023,POINT (1008740.073465875 256746.7455227563),9 AVENUE,West 219 Street,West 220 Street,SB
38417,Manhattan,2024,1,8,8,0,20,73023,POINT (1008740.073465875 256746.7455227563),9 AVENUE,West 219 Street,West 220 Street,SB
38417,Manhattan,2024,1,8,8,15,17,73023,POINT (1008740.073465875 256746.7455227563),9 AVENUE,West 219 Street,West 220 Street,SB
38417,Manhattan,2025,1,9,3,30,1,270732,POINT (1008459.9025107967 256754.97560910846),WEST 219 STREET,9 Avenue,Broadway,WB
38417,Manhattan,2025,1,9,3,45,0,270732,POINT (1008459.9025107967 256754.97560910846),WEST 219 STREET,9 Avenue,Broadway,WB
38417,Manhattan,2025,1,9,4,0,0,270732,POINT (1008459.9025107967 256754.97560910846),WEST 219 STREET,9 Avenue,Broadway,WB
38417,Manhattan,2025,1,9,4,15,0,270732,POINT (1008459.9025107967 256754.97560910846),WEST 219 STREET,9 Avenue,Broadway,WB
38417,Manhattan,2025,1,9,4,30,3,270732,POINT (1008459.9025107967 256754.97560910846),WEST 219 STREET,9 Avenue,Broadway,WB
38417,Manhattan,2025,1,9,4,45,0,270732,POINT (1008459.9025107967 256754.97560910846),WEST 219 STREET,9 Avenue,Broadway,WB
38417,Manhattan,2025,1,9,5,0,1,270732,POINT (1008459.9025107967 256754.97560910846),WEST 219 STREET,9 Avenue,Broadway,WB
38417,Manhattan,2025,1,9,5,15,5,270732,POINT (1008459.9025107967 256754.97560910846),WEST 219 STREET,9 Avenue,Broadway,WB
38417,Manhattan,2025,1,9,5,30,2,270732,POINT (1008459.9025107967 256754.97560910846),WEST 219 STREET,9 Avenue,Broadway,WB
38417,Manhattan,2025,1,9,5,45,6,270732,POINT (1008459.9025107967 256754.97560910846),WEST 219 STREET,9 Avenue,Broadway,WB
38417,Manhattan,2025,1,9,6,0,8,270732,POINT (1008459.9025107967 256754.97560910846),WEST 219 STREET,9 Avenue,Broadway,WB
38417,Manhattan,2025,1,9,6,15,9,270732,POINT (1008459.9025107967 256754.97560910846),WEST 219 STREET,9 Avenue,Broadway,WB
38417,Manhattan,2025,1,9,6,30,5,270732,POINT (1008459.9025107967 256754.97560910846),WEST 219 STREET,9 Avenue,Broadway,WB
38417,Manhattan,2025,1,9,6,45,14,270732,POINT (1008459.9025107967 256754.97560910846),WEST 219 STREET,9 Avenue,Broadway,WB
38417,Manhattan,2025,1,9,7,0,8,270732,POINT (1008459.9025107967 256754.97560910846),WEST 219 STREET,9 Avenue,Broadway,WB
38417,Manhattan,2025,1,9,7,15,24,270732,POINT (1008459.9025107967 256754.97560910846),WEST 219 STREET,9 Avenue,Broadway,WB
38417,Manhattan,2025,1,9,7,30,36,270732,POINT (1008459.9025107967 256754.97560910846),WEST 219 STREET,9 Avenue,Broadway,WB
38417,Manhattan,2025,1,9,7,45,10,270732,POINT (1008459.9025107967 256754.97560910846),WEST 219 STREET,9 Avenue,Broadway,WB
38417,Manhattan,2025,1,9,8,0,4,270732,POINT (1008459.9025107967 256754.97560910846),WEST 219 STREET,9 Avenue,Broadway,WB
38417,Manhattan,2025,1,9,8,15,6,270732,POINT (1008459.9025107967 256754.97560910846),WEST 219 STREET,9 Avenue,Broadway,WB
38417,Manhattan,2025,1,9,8,30,8,270732,POINT (1008459.9025107967 256754.97560910846),WEST 219 STREET,9 Avenue,Broadway,WB
38417,Manhattan,2025,1,9,8,45,10,270732,POINT (1008459.9025107967 256754.97560910846),WEST 219 STREET,9 Avenue,Broadway,WB
38417,Manhattan,2025,1,9,9,0,1,270732,POINT (1008459.9025107967 256754.97560910846),WEST 219 STREET,9 Avenue,Broadway,WB
38417,Manhattan,2025,1,9,9,15,2,270732,POINT (1008459.9025107967 256754.97560910846),WEST 219 STREET,9 Avenue,Broadway,WB
38417,Manhattan,2025,1,9,9,30,7,270732,POINT (1008459.9025107967 256754.97560910846),WEST 219 STREET,9 Avenue,Broadway,WB
38417,Manhattan,2025,1,9,9,45,8,270732,POINT (1008459.9025107967 256754.97560910846),WEST 219 STREET,9 Avenue,Broadway,WB
38417,Manhattan,2025,1,9,10,0,8,270732,POINT (1008459.9025107967 256754.97560910846),WEST 219 STREET,9 Avenue,Broadway,WB
38417,Manhattan,2025,1,9,10,15,5,270732,POINT (1008459.9025107967 256754.97560910846),WEST 219 STREET,9 Avenue,Broadway,WB
38417,Manhattan,2025,1,9,10,30,2,270732,POINT (1008459.9025107967 256754.97560910846),WEST 219 STREET,9 Avenue,Broadway,WB
38417,Manhattan,2025,1,9,10,45,7,270732,POINT (1008459.9025107967 256754.97560910846),WEST 219 STREET,9 Avenue,Broadway,WB
38417,Manhattan,2025,1,9,11,0,5,270732,POINT (1008459.9025107967 256754.97560910846),WEST 219 STREET,9 Avenue,Broadway,WB
38417,Manhattan,2025,1,9,11,15,6,270732,POINT (1008459.9025107967 256754.97560910846),WEST 219 STREET,9 Avenue,Broadway,WB
38417,Manhattan,2025,1,9,11,30,7,270732,POINT (1008459.9025107967 256754.97560910846),WEST 219 STREET,9 Avenue,Broadway,WB
38417,Manhattan,2025,1,9,11,45,7,270732,POINT (1008459.9025107967 256754.97560910846),WEST 219 STREET,9 Avenue,Broadway,WB
38417,Manhattan,2025,1,9,12,0,9,270732,POINT (1008459.9025107967 256754.97560910846),WEST 219 STREET,9 Avenue,Broadway,WB
38417,Manhattan,2025,1,9,12,15,7,270732,POINT (1008459.9025107967 256754.97560910846),WEST 219 STREET,9 Avenue,Broadway,WB
38417,Manhattan,2025,1,9,12,30,8,270732,POINT (1008459.9025107967 256754.97560910846),WEST 219 STREET,9 Avenue,Broadway,WB
38417,Manhattan,2025,1,9,12,45,8,270732,POINT (1008459.9025107967 256754.97560910846),WEST 219 STREET,9 Avenue,Broadway,WB
38417,Manhattan,2025,1,9,13,0,4,270732,POINT (1008459.9025107967 256754.97560910846),WEST 219 STREET,9 Avenue,Broadway,WB
38417,Manhattan,2025,1,9,13,15,9,270732,POINT (1008459.9025107967 256754.97560910846),WEST 219 STREET,9 Avenue,Broadway,WB
38417,Manhattan,2025,1,9,13,30,8,270732,POINT (1008459.9025107967 256754.97560910846),WEST 219 STREET,9 Avenue,Broadway,WB
38417,Manhattan,2025,1,9,13,45,9,270732,POINT (1008459.9025107967 256754.97560910846),WEST 219 STREET,9 Avenue,Broadway,WB
38417,Manhattan,2025,1,9,14,0,10,270732,POINT (1008459.9025107967 256754.97560910846),WEST 219 STREET,9 Avenue,Broadway,WB
38417,Manhattan,2025,1,9,14,15,9,270732,POINT (1008459.9025107967 256754.97560910846),WEST 219 STREET,9 Avenue,Broadway,WB
38417,Manhattan,2025,1,9,14,30,16,270732,POINT (1008459.9025107967 256754.97560910846),WEST 219 STREET,9 Avenue,Broadway,WB
38417,Manhattan,2025,1,9,14,45,7,270732,POINT (1008459.9025107967 256754.97560910846),WEST 219 STREET,9 Avenue,Broadway,WB
38417,Manhattan,2025,1,9,15,0,12,270732,POINT (1008459.9025107967 256754.97560910846),WEST 219 STREET,9 Avenue,Broadway,WB
38417,Manhattan,2025,1,9,15,15,22,270732,POINT (1008459.9025107967 256754.97560910846),WEST 219 STREET,9 Avenue,Broadway,WB
38417,Manhattan,2025,1,9,15,30,26,270732,POINT (1008459.9025107967 256754.97560910846),WEST 219 STREET,9 Avenue,Broadway,WB
38417,Manhattan,2025,1,9,15,45,15,270732,POINT (1008459.9025107967 256754.97560910846),WEST 219 STREET,9 Avenue,Broadway,WB
38417,Manhattan,2025,1,9,16,0,12,270732,POINT (1008459.9025107967 256754.97560910846),WEST 219 STREET,9 Avenue,Broadway,WB
38417,Manhattan,2025,1,9,16,15,9,270732,POINT (1008459.9025107967 256754.97560910846),WEST 219 STREET,9 Avenue,Broadway,WB
38417,Manhattan,2025,1,9,16,30,5,270732,POINT (1008459.9025107967 256754.97560910846),WEST 219 STREET,9 Avenue,Broadway,WB
38417,Manhattan,2025,1,9,16,45,5,270732,POINT (1008459.9025107967 256754.97560910846),WEST 219 STREET,9 Avenue,Broadway,WB
38417,Manhattan,2025,1,9,17,0,4,270732,POINT (1008459.9025107967 256754.97560910846),WEST 219 STREET,9 Avenue,Broadway,WB
38417,Manhattan,2025,1,9,17,15,4,270732,POINT (1008459.9025107967 256754.97560910846),WEST 219 STREET,9 Avenue,Broadway,WB
38417,Manhattan,2025,1,9,17,30,4,270732,POINT (1008459.9025107967 256754.97560910846),WEST 219 STREET,9 Avenue,Broadway,WB
38417,Manhattan,2025,1,9,17,45,3,270732,POINT (1008459.9025107967 256754.97560910846),WEST 219 STREET,9 Avenue,Broadway,WB
38417,Manhattan,2025,1,9,18,0,7,270732,POINT (1008459.9025107967 256754.97560910846),WEST 219 STREET,9 Avenue,Broadway,WB
38417,Manhattan,2025,1,9,18,15,3,270732,POINT (1008459.9025107967 256754.97560910846),WEST 219 STREET,9 Avenue,Broadway,WB
38417,Manhattan,2025,1,9,18,30,2,270732,POINT (1008459.9025107967 256754.97560910846),WEST 219 STREET,9 Avenue,Broadway,WB
38417,Manhattan,2025,1,9,18,45,2,270732,POINT (1008459.9025107967 256754.97560910846),WEST 219 STREET,9 Avenue,Broadway,WB
38417,Manhattan,2025,1,9,19,0,2,270732,POINT (1008459.9025107967 256754.97560910846),WEST 219 STREET,9 Avenue,Broadway,WB
38417,Manhattan,2025,1,9,19,15,2,270732,POINT (1008459.9025107967 256754.97560910846),WEST 219 STREET,9 Avenue,Broadway,WB
38417,Manhattan,2025,1,9,19,30,2,270732,POINT (1008459.9025107967 256754.97560910846),WEST 219 STREET,9 Avenue,Broadway,WB
38417,Manhattan,2025,1,9,19,45,2,270732,POINT (1008459.9025107967 256754.97560910846),WEST 219 STREET,9 Avenue,Broadway,WB
38417,Manhattan,2025,1,9,20,0,0,270732,POINT (1008459.9025107967 256754.97560910846),WEST 219 STREET,9 Avenue,Broadway,WB
38417,Manhattan,2025,1,9,20,15,3,270732,POINT (1008459.9025107967 256754.97560910846),WEST 219 STREET,9 Avenue,Broadway,WB
38417,Manhattan,2025,1,9,20,30,0,270732,POINT (1008459.9025107967 256754.97560910846),WEST 219 STREET,9 Avenue,Broadway,WB
38417,Manhattan,2025,1,9,20,45,1,270732,POINT (1008459.9025107967 256754.97560910846),WEST 219 STREET,9 Avenue,Broadway,WB
38417,Manhattan,2025,1,9,21,0,1,270732,POINT (1008459.9025107967 256754.97560910846),WEST 219 STREET,9 Avenue,Broadway,WB
38417,Manhattan,2025,1,9,21,15,3,270732,POINT (1008459.9025107967 256754.97560910846),WEST 219 STREET,9 Avenue,Broadway,WB
38417,Manhattan,2025,1,9,21,30,1,270732,POINT (1008459.9025107967 256754.97560910846),WEST 219 STREET,9 Avenue,Broadway,WB
38417,Manhattan,2025,1,9,21,45,2,270732,POINT (1008459.9025107967 256754.97560910846),WEST 219 STREET,9 Avenue,Broadway,WB
38417,Manhattan,2025,1,9,22,0,3,270732,POINT (1008459.9025107967 256754.97560910846),WEST 219 STREET,9 Avenue,Broadway,WB
38417,Manhattan,2025,1,9,22,15,2,270732,POINT (1008459.9025107967 256754.97560910846),WEST 219 STREET,9 Avenue,Broadway,WB
38417,Manhattan,2025,1,9,22,30,3,270732,POINT (1008459.9025107967 256754.97560910846),WEST 219 STREET,9 Avenue,Broadway,WB
38417,Manhattan,2025,1,9,22,45,5,270732,POINT (1008459.9025107967 256754.97560910846),WEST 219 STREET,9 Avenue,Broadway,WB
38417,Manhattan,2025,1,9,23,0,0,270732,POINT (1008459.9025107967 256754.97560910846),WEST 219 STREET,9 Avenue,Broadway,WB
38417,Manhattan,2025,1,9,23,15,2,270732,POINT (1008459.9025107967 256754.97560910846),WEST 219 STREET,9 Avenue,Broadway,WB
38417,Manhattan,2025,1,9,23,30,1,270732,POINT (1008459.9025107967 256754.97560910846),WEST 219 STREET,9 Avenue,Broadway,WB
38417,Manhattan,2025,1,9,23,45,1,270732,POINT (1008459.9025107967 256754.97560910846),WEST 219 STREET,9 Avenue,Broadway,WB
38417,Manhattan,2025,1,10,0,0,0,270732,POINT (1008459.9025107967 256754.97560910846),WEST 219 STREET,9 Avenue,Broadway,WB
38417,Manhattan,2025,1,10,0,15,3,270732,POINT (1008459.9025107967 256754.97560910846),WEST 219 STREET,9 Avenue,Broadway,WB
38417,Manhattan,2025,1,10,0,30,1,270732,POINT (1008459.9025107967 256754.97560910846),WEST 219 STREET,9 Avenue,Broadway,WB
38417,Manhattan,2025,1,10,0,45,1,270732,POINT (1008459.9025107967 256754.97560910846),WEST 219 STREET,9 Avenue,Broadway,WB
38417,Manhattan,2025,1,10,1,0,1,270732,POINT (1008459.9025107967 256754.97560910846),WEST 219 STREET,9 Avenue,Broadway,WB
38417,Manhattan,2025,1,10,1,15,2,270732,POINT (1008459.9025107967 256754.97560910846),WEST 219 STREET,9 Avenue,Broadway,WB
38417,Manhattan,2025,1,10,1,30,0,270732,POINT (1008459.9025107967 256754.97560910846),WEST 219 STREET,9 Avenue,Broadway,WB
38417,Manhattan,2025,1,10,1,45,2,270732,POINT (1008459.9025107967 256754.97560910846),WEST 219 STREET,9 Avenue,Broadway,WB
38417,Manhattan,2025,1,10,2,0,2,270732,POINT (1008459.9025107967 256754.97560910846),WEST 219 STREET,9 Avenue,Broadway,WB
38417,Manhattan,2025,1,10,2,15,1,270732,POINT (1008459.9025107967 256754.97560910846),WEST 219 STREET,9 Avenue,Broadway,WB
38417,Manhattan,2025,1,10,2,30,1,270732,POINT (1008459.9025107967 256754.97560910846),WEST 219 STREET,9 Avenue,Broadway,WB
38417,Manhattan,2025,1,10,2,45,0,270732,POINT (1008459.9025107967 256754.97560910846),WEST 219 STREET,9 Avenue,Broadway,WB
38417,Manhattan,2025,1,10,3,0,0,270732,POINT (1008459.9025107967 256754.97560910846),WEST 219 STREET,9 Avenue,Broadway,WB
38417,Manhattan,2025,1,10,3,15,0,270732,POINT (1008459.9025107967 256754.97560910846),WEST 219 STREET,9 Avenue,Broadway,WB
38417,Manhattan,2025,1,10,3,30,0,270732,POINT (1008459.9025107967 256754.97560910846),WEST 219 STREET,9 Avenue,Broadway,WB
38417,Manhattan,2025,1,10,3,45,1,270732,POINT (1008459.9025107967 256754.97560910846),WEST 219 STREET,9 Avenue,Broadway,WB
38417,Manhattan,2025,1,10,4,0,0,270732,POINT (1008459.9025107967 256754.97560910846),WEST 219 STREET,9 Avenue,Broadway,WB
38417,Manhattan,2025,1,10,4,15,0,270732,POINT (1008459.9025107967 256754.97560910846),WEST 219 STREET,9 Avenue,Broadway,WB
38417,Manhattan,2025,1,10,4,30,1,270732,POINT (1008459.9025107967 256754.97560910846),WEST 219 STREET,9 Avenue,Broadway,WB
38417,Manhattan,2025,1,10,4,45,0,270732,POINT (1008459.9025107967 256754.97560910846),WEST 219 STREET,9 Avenue,Broadway,WB
38417,Manhattan,2025,1,10,5,0,0,270732,POINT (1008459.9025107967 256754.97560910846),WEST 219 STREET,9 Avenue,Broadway,WB
38417,Manhattan,2025,1,10,5,15,1,270732,POINT (1008459.9025107967 256754.97560910846),WEST 219 STREET,9 Avenue,Broadway,WB
38417,Manhattan,2025,1,10,5,30,2,270732,POINT (1008459.9025107967 256754.97560910846),WEST 219 STREET,9 Avenue,Broadway,WB
38417,Manhattan,2024,1,12,17,30,21,73023,POINT (1008740.073465875 256746.7455227563),9 AVENUE,West 219 Street,West 220 Street,SB
38417,Manhattan,2024,1,12,17,45,8,73023,POINT (1008740.073465875 256746.7455227563),9 AVENUE,West 219 Street,West 220 Street,SB
38417,Manhattan,2024,1,12,18,0,12,73023,POINT (1008740.073465875 256746.7455227563),9 AVENUE,West 219 Street,West 220 Street,SB
38417,Manhattan,2024,1,12,18,15,13,73023,POINT (1008740.073465875 256746.7455227563),9 AVENUE,West 219 Street,West 220 Street,SB
38417,Manhattan,2024,1,12,18,30,6,73023,POINT (1008740.073465875 256746.7455227563),9 AVENUE,West 219 Street,West 220 Street,SB
38417,Manhattan,2024,1,12,18,45,10,73023,POINT (1008740.073465875 256746.7455227563),9 AVENUE,West 219 Street,West 220 Street,SB
38417,Manhattan,2024,1,12,19,0,5,73023,POINT (1008740.073465875 256746.7455227563),9 AVENUE,West 219 Street,West 220 Street,SB
38417,Manhattan,2024,1,12,19,15,10,73023,POINT (1008740.073465875 256746.7455227563),9 AVENUE,West 219 Street,West 220 Street,SB
38417,Manhattan,2024,1,12,19,30,15,73023,POINT (1008740.073465875 256746.7455227563),9 AVENUE,West 219 Street,West 220 Street,SB
38417,Manhattan,2024,1,12,19,45,15,73023,POINT (1008740.073465875 256746.7455227563),9 AVENUE,West 219 Street,West 220 Street,SB
38417,Manhattan,2024,1,12,20,0,7,73023,POINT (1008740.073465875 256746.7455227563),9 AVENUE,West 219 Street,West 220 Street,SB
38417,Manhattan,2024,1,12,20,15,3,73023,POINT (1008740.073465875 256746.7455227563),9 AVENUE,West 219 Street,West 220 Street,SB
38417,Manhattan,2024,1,12,20,30,5,73023,POINT (1008740.073465875 256746.7455227563),9 AVENUE,West 219 Street,West 220 Street,SB
38417,Manhattan,2024,1,12,20,45,10,73023,POINT (1008740.073465875 256746.7455227563),9 AVENUE,West 219 Street,West 220 Street,SB
38417,Manhattan,2024,1,12,21,0,6,73023,POINT (1008740.073465875 256746.7455227563),9 AVENUE,West 219 Street,West 220 Street,SB
38417,Manhattan,2024,1,12,21,15,5,73023,POINT (1008740.073465875 256746.7455227563),9 AVENUE,West 219 Street,West 220 Street,SB
38417,Manhattan,2024,1,12,21,30,10,73023,POINT (1008740.073465875 256746.7455227563),9 AVENUE,West 219 Street,West 220 Street,SB
38417,Manhattan,2024,1,12,21,45,8,73023,POINT (1008740.073465875 256746.7455227563),9 AVENUE,West 219 Street,West 220 Street,SB
38417,Manhattan,2024,1,12,22,0,8,73023,POINT (1008740.073465875 256746.7455227563),9 AVENUE,West 219 Street,West 220 Street,SB
38417,Manhattan,2024,1,12,22,15,9,73023,POINT (1008740.073465875 256746.7455227563),9 AVENUE,West 219 Street,West 220 Street,SB
38417,Manhattan,2024,1,12,22,30,5,73023,POINT (1008740.073465875 256746.7455227563),9 AVENUE,West 219 Street,West 220 Street,SB
38417,Manhattan,2024,1,12,22,45,9,73023,POINT (1008740.073465875 256746.7455227563),9 AVENUE,West 219 Street,West 220 Street,SB
38417,Manhattan,2024,1,12,23,0,5,73023,POINT (1008740.073465875 256746.7455227563),9 AVENUE,West 219 Street,West 220 Street,SB
38417,Manhattan,2024,1,12,23,15,1,73023,POINT (1008740.073465875 256746.7455227563),9 AVENUE,West 219 Street,West 220 Street,SB
38417,Manhattan,2024,1,12,23,30,9,73023,POINT (1008740.073465875 256746.7455227563),9 AVENUE,West 219 Street,West 220 Street,SB
38417,Manhattan,2024,1,12,23,45,7,73023,POINT (1008740.073465875 256746.7455227563),9 AVENUE,West 219 Street,West 220 Street,SB
39743,Manhattan,2026,1,15,8,30,37,31662,POINT (981848.6609912371 204698.1404409656),GREENWICH STREET,King Street,West Houston Street,NB
39743,Manhattan,2026,1,15,8,45,46,31662,POINT (981848.6609912371 204698.1404409656),GREENWICH STREET,King Street,West Houston Street,NB
39743,Manhattan,2026,1,15,9,0,56,31662,POINT (981848.6609912371 204698.1404409656),GREENWICH STREET,King Street,West Houston Street,NB
39743,Manhattan,2026,1,15,9,15,50,31662,POINT (981848.6609912371 204698.1404409656),GREENWICH STREET,King Street,West Houston Street,NB
39743,Manhattan,2026,1,15,9,30,65,31662,POINT (981848.6609912371 204698.1404409656),GREENWICH STREET,King Street,West Houston Street,NB
39743,Manhattan,2026,1,15,9,45,52,31662,POINT (981848.6609912371 204698.1404409656),GREENWICH STREET,King Street,West Houston Street,NB
39743,Manhattan,2026,1,15,10,0,46,31662,POINT (981848.6609912371 204698.1404409656),GREENWICH STREET,King Street,West Houston Street,NB
39743,Manhattan,2026,1,15,10,15,65,31662,POINT (981848.6609912371 204698.1404409656),GREENWICH STREET,King Street,West Houston Street,NB
39743,Manhattan,2026,1,15,10,30,49,31662,POINT (981848.6609912371 204698.1404409656),GREENWICH STREET,King Street,West Houston Street,NB
39743,Manhattan,2026,1,15,10,45,44,31662,POINT (981848.6609912371 204698.1404409656),GREENWICH STREET,King Street,West Houston Street,NB
39743,Manhattan,2026,1,15,11,0,50,31662,POINT (981848.6609912371 204698.1404409656),GREENWICH STREET,King Street,West Houston Street,NB
39743,Manhattan,2026,1,15,11,15,40,31662,POINT (981848.6609912371 204698.1404409656),GREENWICH STREET,King Street,West Houston Street,NB
39743,Manhattan,2026,1,15,11,30,46,31662,POINT (981848.6609912371 204698.1404409656),GREENWICH STREET,King Street,West Houston Street,NB
39743,Manhattan,2026,1,15,11,45,39,31662,POINT (981848.6609912371 204698.1404409656),GREENWICH STREET,King Street,West Houston Street,NB
39743,Manhattan,2026,1,15,12,0,38,31662,POINT (981848.6609912371 204698.1404409656),GREENWICH STREET,King Street,West Houston Street,NB
39743,Manhattan,2026,1,15,12,15,47,31662,POINT (981848.6609912371 204698.1404409656),GREENWICH STREET,King Street,West Houston Street,NB
39743,Manhattan,2026,1,15,12,30,49,31662,POINT (981848.6609912371 204698.1404409656),GREENWICH STREET,King Street,West Houston Street,NB
39743,Manhattan,2026,1,15,12,45,41,31662,POINT (981848.6609912371 204698.1404409656),GREENWICH STREET,King Street,West Houston Street,NB
39743,Manhattan,2026,1,15,13,0,33,31662,POINT (981848.6609912371 204698.1404409656),GREENWICH STREET,King Street,West Houston Street,NB
39743,Manhattan,2026,1,15,13,15,35,31662,POINT (981848.6609912371 204698.1404409656),GREENWICH STREET,King Street,West Houston Street,NB
39743,Manhattan,2026,1,15,13,30,54,31662,POINT (981848.6609912371 204698.1404409656),GREENWICH STREET,King Street,West Houston Street,NB
39743,Manhattan,2026,1,15,13,45,44,31662,POINT (981848.6609912371 204698.1404409656),GREENWICH STREET,King Street,West Houston Street,NB
39743,Manhattan,2026,1,15,14,0,39,31662,POINT (981848.6609912371 204698.1404409656),GREENWICH STREET,King Street,West Houston Street,NB
39743,Manhattan,2026,1,15,14,15,31,31662,POINT (981848.6609912371 204698.1404409656),GREENWICH STREET,King Street,West Houston Street,NB
39743,Manhattan,2026,1,15,14,30,39,31662,POINT (981848.6609912371 204698.1404409656),GREENWICH STREET,King Street,West Houston Street,NB
39743,Manhattan,2026,1,15,14,45,33,31662,POINT (981848.6609912371 204698.1404409656),GREENWICH STREET,King Street,West Houston Street,NB
39743,Manhattan,2026,1,15,15,0,31,31662,POINT (981848.6609912371 204698.1404409656),GREENWICH STREET,King Street,West Houston Street,NB
39743,Manhattan,2026,1,15,15,15,37,31662,POINT (981848.6609912371 204698.1404409656),GREENWICH STREET,King Street,West Houston Street,NB
39743,Manhattan,2026,1,15,15,30,37,31662,POINT (981848.6609912371 204698.1404409656),GREENWICH STREET,King Street,West Houston Street,NB
39743,Manhattan,2026,1,15,15,45,37,31662,POINT (981848.6609912371 204698.1404409656),GREENWICH STREET,King Street,West Houston Street,NB
39743,Manhattan,2026,1,15,16,0,33,31662,POINT (981848.6609912371 204698.1404409656),GREENWICH STREET,King Street,West Houston Street,NB
39743,Manhattan,2026,1,15,16,15,29,31662,POINT (981848.6609912371 204698.1404409656),GREENWICH STREET,King Street,West Houston Street,NB
39743,Manhattan,2026,1,15,16,30,31,31662,POINT (981848.6609912371 204698.1404409656),GREENWICH STREET,King Street,West Houston Street,NB
39743,Manhattan,2026,1,15,16,45,20,31662,POINT (981848.6609912371 204698.1404409656),GREENWICH STREET,King Street,West Houston Street,NB
39743,Manhattan,2026,1,15,17,0,33,31662,POINT (981848.6609912371 204698.1404409656),GREENWICH STREET,King Street,West Houston Street,NB
39743,Manhattan,2026,1,15,17,15,33,31662,POINT (981848.6609912371 204698.1404409656),GREENWICH STREET,King Street,West Houston Street,NB
39743,Manhattan,2026,1,15,17,30,24,31662,POINT (981848.6609912371 204698.1404409656),GREENWICH STREET,King Street,West Houston Street,NB
39743,Manhattan,2026,1,15,17,45,27,31662,POINT (981848.6609912371 204698.1404409656),GREENWICH STREET,King Street,West Houston Street,NB
39743,Manhattan,2026,1,15,18,0,30,31662,POINT (981848.6609912371 204698.1404409656),GREENWICH STREET,King Street,West Houston Street,NB
39743,Manhattan,2026,1,15,18,15,29,31662,POINT (981848.6609912371 204698.1404409656),GREENWICH STREET,King Street,West Houston Street,NB
39743,Manhattan,2026,1,15,18,30,35,31662,POINT (981848.6609912371 204698.1404409656),GREENWICH STREET,King Street,West Houston Street,NB
39743,Manhattan,2026,1,15,18,45,22,31662,POINT (981848.6609912371 204698.1404409656),GREENWICH STREET,King Street,West Houston Street,NB
39743,Manhattan,2026,1,15,19,0,32,31662,POINT (981848.6609912371 204698.1404409656),GREENWICH STREET,King Street,West Houston Street,NB
39743,Manhattan,2026,1,15,19,15,23,31662,POINT (981848.6609912371 204698.1404409656),GREENWICH STREET,King Street,West Houston Street,NB
39743,Manhattan,2026,1,15,19,30,35,31662,POINT (981848.6609912371 204698.1404409656),GREENWICH STREET,King Street,West Houston Street,NB
39743,Manhattan,2026,1,15,19,45,33,31662,POINT (981848.6609912371 204698.1404409656),GREENWICH STREET,King Street,West Houston Street,NB
39743,Manhattan,2026,1,15,20,0,35,31662,POINT (981848.6609912371 204698.1404409656),GREENWICH STREET,King Street,West Houston Street,NB
39743,Manhattan,2026,1,15,20,15,20,31662,POINT (981848.6609912371 204698.1404409656),GREENWICH STREET,King Street,West Houston Street,NB
39743,Manhattan,2026,1,15,20,30,30,31662,POINT (981848.6609912371 204698.1404409656),GREENWICH STREET,King Street,West Houston Street,NB
39743,Manhattan,2026,1,15,20,45,33,31662,POINT (981848.6609912371 204698.1404409656),GREENWICH STREET,King Street,West Houston Street,NB
39743,Manhattan,2026,1,15,21,0,26,31662,POINT (981848.6609912371 204698.1404409656),GREENWICH STREET,King Street,West Houston Street,NB
39743,Manhattan,2026,1,15,21,15,17,31662,POINT (981848.6609912371 204698.1404409656),GREENWICH STREET,King Street,West Houston Street,NB
39743,Manhattan,2026,1,15,21,30,24,31662,POINT (981848.6609912371 204698.1404409656),GREENWICH STREET,King Street,West Houston Street,NB
39743,Manhattan,2026,1,15,21,45,22,31662,POINT (981848.6609912371 204698.1404409656),GREENWICH STREET,King Street,West Houston Street,NB
39743,Manhattan,2026,1,15,22,0,22,31662,POINT (981848.6609912371 204698.1404409656),GREENWICH STREET,King Street,West Houston Street,NB
39743,Manhattan,2026,1,15,22,15,13,31662,POINT (981848.6609912371 204698.1404409656),GREENWICH STREET,King Street,West Houston Street,NB
39743,Manhattan,2026,1,15,22,30,11,31662,POINT (981848.6609912371 204698.1404409656),GREENWICH STREET,King Street,West Houston Street,NB
39743,Manhattan,2026,1,15,22,45,15,31662,POINT (981848.6609912371 204698.1404409656),GREENWICH STREET,King Street,West Houston Street,NB
39743,Manhattan,2026,1,15,23,0,12,31662,POINT (981848.6609912371 204698.1404409656),GREENWICH STREET,King Street,West Houston Street,NB
39743,Manhattan,2026,1,15,23,15,13,31662,POINT (981848.6609912371 204698.1404409656),GREENWICH STREET,King Street,West Houston Street,NB
39743,Manhattan,2026,1,15,23,30,18,31662,POINT (981848.6609912371 204698.1404409656),GREENWICH STREET,King Street,West Houston Street,NB
39743,Manhattan,2026,1,15,23,45,16,31662,POINT (981848.6609912371 204698.1404409656),GREENWICH STREET,King Street,West Houston Street,NB
39743,Manhattan,2026,1,16,0,0,12,31662,POINT (981848.6609912371 204698.1404409656),GREENWICH STREET,King Street,West Houston Street,NB
39743,Manhattan,2026,1,16,0,15,13,31662,POINT (981848.6609912371 204698.1404409656),GREENWICH STREET,King Street,West Houston Street,NB
39743,Manhattan,2026,1,16,0,30,8,31662,POINT (981848.6609912371 204698.1404409656),GREENWICH STREET,King Street,West Houston Street,NB
39743,Manhattan,2026,1,16,0,45,4,31662,POINT (981848.6609912371 204698.1404409656),GREENWICH STREET,King Street,West Houston Street,NB
39743,Manhattan,2026,1,16,1,0,5,31662,POINT (981848.6609912371 204698.1404409656),GREENWICH STREET,King Street,West Houston Street,NB
39743,Manhattan,2026,1,16,1,15,4,31662,POINT (981848.6609912371 204698.1404409656),GREENWICH STREET,King Street,West Houston Street,NB
39743,Manhattan,2026,1,16,1,30,4,31662,POINT (981848.6609912371 204698.1404409656),GREENWICH STREET,King Street,West Houston Street,NB
39743,Manhattan,2026,1,16,1,45,6,31662,POINT (981848.6609912371 204698.1404409656),GREENWICH STREET,King Street,West Houston Street,NB
39743,Manhattan,2026,1,16,2,0,3,31662,POINT (981848.6609912371 204698.1404409656),GREENWICH STREET,King Street,West Houston Street,NB
39743,Manhattan,2026,1,16,2,15,5,31662,POINT (981848.6609912371 204698.1404409656),GREENWICH STREET,King Street,West Houston Street,NB
39743,Manhattan,2026,1,16,2,30,7,31662,POINT (981848.6609912371 204698.1404409656),GREENWICH STREET,King Street,West Houston Street,NB
39743,Manhattan,2026,1,16,2,45,9,31662,POINT (981848.6609912371 204698.1404409656),GREENWICH STREET,King Street,West Houston Street,NB
39743,Manhattan,2026,1,16,3,0,4,31662,POINT (981848.6609912371 204698.1404409656),GREENWICH STREET,King Street,West Houston Street,NB
39743,Manhattan,2026,1,16,3,15,7,31662,POINT (981848.6609912371 204698.1404409656),GREENWICH STREET,King Street,West Houston Street,NB
39743,Manhattan,2026,1,16,3,30,6,31662,POINT (981848.6609912371 204698.1404409656),GREENWICH STREET,King Street,West Houston Street,NB
39743,Manhattan,2026,1,16,3,45,8,31662,POINT (981848.6609912371 204698.1404409656),GREENWICH STREET,King Street,West Houston Street,NB
39743,Manhattan,2026,1,16,4,0,12,31662,POINT (981848.6609912371 204698.1404409656),GREENWICH STREET,King Street,West Houston Street,NB
39743,Manhattan,2026,1,16,4,15,11,31662,POINT (981848.6609912371 204698.1404409656),GREENWICH STREET,King Street,West Houston Street,NB
39743,Manhattan,2026,1,16,4,30,12,31662,POINT (981848.6609912371 204698.1404409656),GREENWICH STREET,King Street,West Houston Street,NB
39743,Manhattan,2026,1,16,4,45,9,31662,POINT (981848.6609912371 204698.1404409656),GREENWICH STREET,King Street,West Houston Street,NB
39743,Manhattan,2026,1,16,5,0,12,31662,POINT (981848.6609912371 204698.1404409656),GREENWICH STREET,King Street,West Houston Street,NB
39743,Manhattan,2026,1,16,5,15,8,31662,POINT (981848.6609912371 204698.1404409656),GREENWICH STREET,King Street,West Houston Street,NB
39743,Manhattan,2026,1,16,5,30,13,31662,POINT (981848.6609912371 204698.1404409656),GREENWICH STREET,King Street,West Houston Street,NB
39743,Manhattan,2026,1,16,5,45,10,31662,POINT (981848.6609912371 204698.1404409656),GREENWICH STREET,King Street,West Houston Street,NB
39743,Manhattan,2026,1,16,6,0,13,31662,POINT (981848.6609912371 204698.1404409656),GREENWICH STREET,King Street,West Houston Street,NB
39743,Manhattan,2026,1,16,6,15,12,31662,POINT (981848.6609912371 204698.1404409656),GREENWICH STREET,King Street,West Houston Street,NB
39743,Manhattan,2026,1,16,6,30,23,31662,POINT (981848.6609912371 204698.1404409656),GREENWICH STREET,King Street,West Houston Street,NB
39743,Manhattan,2026,1,16,6,45,24,31662,POINT (981848.6609912371 204698.1404409656),GREENWICH STREET,King Street,West Houston Street,NB
39743,Manhattan,2026,1,16,7,0,30,31662,POINT (981848.6609912371 204698.1404409656),GREENWICH STREET,King Street,West Houston Street,NB
39743,Manhattan,2026,1,16,7,15,33,31662,POINT (981848.6609912371 204698.1404409656),GREENWICH STREET,King Street,West Houston Street,NB
39743,Manhattan,2026,1,16,7,30,29,31662,POINT (981848.6609912371 204698.1404409656),GREENWICH STREET,King Street,West Houston Street,NB
39743,Manhattan,2026,1,16,7,45,28,31662,POINT (981848.6609912371 204698.1404409656),GREENWICH STREET,King Street,West Houston Street,NB
39743,Manhattan,2026,1,16,8,0,28,31662,POINT (981848.6609912371 204698.1404409656),GREENWICH STREET,King Street,West Houston Street,NB
39743,Manhattan,2026,1,16,8,15,25,31662,POINT (981848.6609912371 204698.1404409656),GREENWICH STREET,King Street,West Houston Street,NB
39743,Manhattan,2026,1,16,8,30,37,31662,POINT (981848.6609912371 204698.1404409656),GREENWICH STREET,King Street,West Houston Street,NB
39743,Manhattan,2026,1,16,8,45,33,31662,POINT (981848.6609912371 204698.1404409656),GREENWICH STREET,King Street,West Houston Street,NB
39743,Manhattan,2026,1,16,9,0,28,31662,POINT (981848.6609912371 204698.1404409656),GREENWICH STREET,King Street,West Houston Street,NB
39743,Manhattan,2026,1,16,9,15,28,31662,POINT (981848.6609912371 204698.1404409656),GREENWICH STREET,King Street,West Houston Street,NB
39743,Manhattan,2026,1,16,9,30,53,31662,POINT (981848.6609912371 204698.1404409656),GREENWICH STREET,King Street,West Houston Street,NB
39743,Manhattan,2026,1,16,9,45,41,31662,POINT (981848.6609912371 204698.1404409656),GREENWICH STREET,King Street,West Houston Street,NB
39743,Manhattan,2026,1,16,10,0,37,31662,POINT (981848.6609912371 204698.1404409656),GREENWICH STREET,King Street,West Houston Street,NB
39743,Manhattan,2026,1,16,10,15,33,31662,POINT (981848.6609912371 204698.1404409656),GREENWICH STREET,King Street,West Houston Street,NB
39743,Manhattan,2026,1,16,10,30,27,31662,POINT (981848.6609912371 204698.1404409656),GREENWICH STREET,King Street,West Houston Street,NB
38417,Manhattan,2025,1,9,14,45,30,270737,POINT (1008596.5182406532 256975.83816137625),WEST 220 STREET,Broadway,9 Avenue,EB
38417,Manhattan,2025,1,9,15,0,66,270737,POINT (1008596.5182406532 256975.83816137625),WEST 220 STREET,Broadway,9 Avenue,EB
38417,Manhattan,2025,1,9,15,15,87,270737,POINT (1008596.5182406532 256975.83816137625),WEST 220 STREET,Broadway,9 Avenue,EB
38417,Manhattan,2025,1,9,15,30,78,270737,POINT (1008596.5182406532 256975.83816137625),WEST 220 STREET,Broadway,9 Avenue,EB
38417,Manhattan,2025,1,9,15,45,61,270737,POINT (1008596.5182406532 256975.83816137625),WEST 220 STREET,Broadway,9 Avenue,EB
38417,Manhattan,2025,1,9,16,0,33,270737,POINT (1008596.5182406532 256975.83816137625),WEST 220 STREET,Broadway,9 Avenue,EB
38417,Manhattan,2025,1,9,16,15,37,270737,POINT (1008596.5182406532 256975.83816137625),WEST 220 STREET,Broadway,9 Avenue,EB
38417,Manhattan,2025,1,9,16,30,26,270737,POINT (1008596.5182406532 256975.83816137625),WEST 220 STREET,Broadway,9 Avenue,EB
38417,Manhattan,2025,1,9,16,45,19,270737,POINT (1008596.5182406532 256975.83816137625),WEST 220 STREET,Broadway,9 Avenue,EB
38417,Manhattan,2025,1,9,17,0,11,270737,POINT (1008596.5182406532 256975.83816137625),WEST 220 STREET,Broadway,9 Avenue,EB
38417,Manhattan,2025,1,9,17,15,14,270737,POINT (1008596.5182406532 256975.83816137625),WEST 220 STREET,Broadway,9 Avenue,EB
38417,Manhattan,2025,1,9,17,30,8,270737,POINT (1008596.5182406532 256975.83816137625),WEST 220 STREET,Broadway,9 Avenue,EB
38417,Manhattan,2025,1,9,17,45,16,270737,POINT (1008596.5182406532 256975.83816137625),WEST 220 STREET,Broadway,9 Avenue,EB
38417,Manhattan,2025,1,9,18,0,14,270737,POINT (1008596.5182406532 256975.83816137625),WEST 220 STREET,Broadway,9 Avenue,EB
38417,Manhattan,2025,1,9,18,15,20,270737,POINT (1008596.5182406532 256975.83816137625),WEST 220 STREET,Broadway,9 Avenue,EB
38417,Manhattan,2025,1,9,18,30,15,270737,POINT (1008596.5182406532 256975.83816137625),WEST 220 STREET,Broadway,9 Avenue,EB
38417,Manhattan,2025,1,9,18,45,14,270737,POINT (1008596.5182406532 256975.83816137625),WEST 220 STREET,Broadway,9 Avenue,EB
38417,Manhattan,2025,1,9,19,0,10,270737,POINT (1008596.5182406532 256975.83816137625),WEST 220 STREET,Broadway,9 Avenue,EB
38417,Manhattan,2025,1,9,19,15,4,270737,POINT (1008596.5182406532 256975.83816137625),WEST 220 STREET,Broadway,9 Avenue,EB
38417,Manhattan,2025,1,9,19,30,6,270737,POINT (1008596.5182406532 256975.83816137625),WEST 220 STREET,Broadway,9 Avenue,EB
38417,Manhattan,2025,1,9,19,45,6,270737,POINT (1008596.5182406532 256975.83816137625),WEST 220 STREET,Broadway,9 Avenue,EB
38417,Manhattan,2025,1,9,20,0,8,270737,POINT (1008596.5182406532 256975.83816137625),WEST 220 STREET,Broadway,9 Avenue,EB
38417,Manhattan,2025,1,9,20,15,8,270737,POINT (1008596.5182406532 256975.83816137625),WEST 220 STREET,Broadway,9 Avenue,EB
38417,Manhattan,2025,1,9,20,30,5,270737,POINT (1008596.5182406532 256975.83816137625),WEST 220 STREET,Broadway,9 Avenue,EB
38417,Manhattan,2025,1,9,20,45,5,270737,POINT (1008596.5182406532 256975.83816137625),WEST 220 STREET,Broadway,9 Avenue,EB
38417,Manhattan,2025,1,9,21,0,8,270737,POINT (1008596.5182406532 256975.83816137625),WEST 220 STREET,Broadway,9 Avenue,EB
38417,Manhattan,2025,1,9,21,15,3,270737,POINT (1008596.5182406532 256975.83816137625),WEST 220 STREET,Broadway,9 Avenue,EB
38417,Manhattan,2025,1,9,21,30,14,270737,POINT (1008596.5182406532 256975.83816137625),WEST 220 STREET,Broadway,9 Avenue,EB
38417,Manhattan,2025,1,9,21,45,14,270737,POINT (1008596.5182406532 256975.83816137625),WEST 220 STREET,Broadway,9 Avenue,EB
38417,Manhattan,2025,1,9,22,0,6,270737,POINT (1008596.5182406532 256975.83816137625),WEST 220 STREET,Broadway,9 Avenue,EB
38417,Manhattan,2025,1,9,22,15,7,270737,POINT (1008596.5182406532 256975.83816137625),WEST 220 STREET,Broadway,9 Avenue,EB
38417,Manhattan,2025,1,9,22,30,3,270737,POINT (1008596.5182406532 256975.83816137625),WEST 220 STREET,Broadway,9 Avenue,EB
38417,Manhattan,2025,1,9,22,45,13,270737,POINT (1008596.5182406532 256975.83816137625),WEST 220 STREET,Broadway,9 Avenue,EB
38417,Manhattan,2025,1,9,23,0,9,270737,POINT (1008596.5182406532 256975.83816137625),WEST 220 STREET,Broadway,9 Avenue,EB
38417,Manhattan,2025,1,9,23,15,11,270737,POINT (1008596.5182406532 256975.83816137625),WEST 220 STREET,Broadway,9 Avenue,EB
38417,Manhattan,2025,1,9,23,30,10,270737,POINT (1008596.5182406532 256975.83816137625),WEST 220 STREET,Broadway,9 Avenue,EB
38417,Manhattan,2025,1,9,23,45,9,270737,POINT (1008596.5182406532 256975.83816137625),WEST 220 STREET,Broadway,9 Avenue,EB
38417,Manhattan,2025,1,10,0,0,3,270737,POINT (1008596.5182406532 256975.83816137625),WEST 220 STREET,Broadway,9 Avenue,EB
38417,Manhattan,2025,1,10,0,15,5,270737,POINT (1008596.5182406532 256975.83816137625),WEST 220 STREET,Broadway,9 Avenue,EB
38417,Manhattan,2025,1,10,0,30,2,270737,POINT (1008596.5182406532 256975.83816137625),WEST 220 STREET,Broadway,9 Avenue,EB
38417,Manhattan,2025,1,10,0,45,1,270737,POINT (1008596.5182406532 256975.83816137625),WEST 220 STREET,Broadway,9 Avenue,EB
38417,Manhattan,2025,1,10,1,0,3,270737,POINT (1008596.5182406532 256975.83816137625),WEST 220 STREET,Broadway,9 Avenue,EB
38417,Manhattan,2025,1,10,1,15,3,270737,POINT (1008596.5182406532 256975.83816137625),WEST 220 STREET,Broadway,9 Avenue,EB
38417,Manhattan,2025,1,10,1,30,1,270737,POINT (1008596.5182406532 256975.83816137625),WEST 220 STREET,Broadway,9 Avenue,EB
38417,Manhattan,2025,1,10,1,45,2,270737,POINT (1008596.5182406532 256975.83816137625),WEST 220 STREET,Broadway,9 Avenue,EB
38417,Manhattan,2025,1,10,2,0,5,270737,POINT (1008596.5182406532 256975.83816137625),WEST 220 STREET,Broadway,9 Avenue,EB
38417,Manhattan,2025,1,10,2,15,3,270737,POINT (1008596.5182406532 256975.83816137625),WEST 220 STREET,Broadway,9 Avenue,EB
38417,Manhattan,2025,1,10,2,30,1,270737,POINT (1008596.5182406532 256975.83816137625),WEST 220 STREET,Broadway,9 Avenue,EB
38417,Manhattan,2025,1,10,2,45,0,270737,POINT (1008596.5182406532 256975.83816137625),WEST 220 STREET,Broadway,9 Avenue,EB
38417,Manhattan,2025,1,10,3,0,0,270737,POINT (1008596.5182406532 256975.83816137625),WEST 220 STREET,Broadway,9 Avenue,EB
38417,Manhattan,2025,1,10,3,15,4,270737,POINT (1008596.5182406532 256975.83816137625),WEST 220 STREET,Broadway,9 Avenue,EB
38417,Manhattan,2025,1,10,3,30,3,270737,POINT (1008596.5182406532 256975.83816137625),WEST 220 STREET,Broadway,9 Avenue,EB
38417,Manhattan,2025,1,10,3,45,2,270737,POINT (1008596.5182406532 256975.83816137625),WEST 220 STREET,Broadway,9 Avenue,EB
38417,Manhattan,2025,1,10,4,0,3,270737,POINT (1008596.5182406532 256975.83816137625),WEST 220 STREET,Broadway,9 Avenue,EB
38417,Manhattan,2025,1,10,4,15,5,270737,POINT (1008596.5182406532 256975.83816137625),WEST 220 STREET,Broadway,9 Avenue,EB
38417,Manhattan,2025,1,10,4,30,11,270737,POINT (1008596.5182406532 256975.83816137625),WEST 220 STREET,Broadway,9 Avenue,EB
38417,Manhattan,2025,1,10,4,45,9,270737,POINT (1008596.5182406532 256975.83816137625),WEST 220 STREET,Broadway,9 Avenue,EB
38417,Manhattan,2025,1,10,5,0,9,270737,POINT (1008596.5182406532 256975.83816137625),WEST 220 STREET,Broadway,9 Avenue,EB
38417,Manhattan,2025,1,10,5,15,13,270737,POINT (1008596.5182406532 256975.83816137625),WEST 220 STREET,Broadway,9 Avenue,EB
38417,Manhattan,2025,1,10,5,30,30,270737,POINT (1008596.5182406532 256975.83816137625),WEST 220 STREET,Broadway,9 Avenue,EB
38417,Manhattan,2025,1,10,5,45,32,270737,POINT (1008596.5182406532 256975.83816137625),WEST 220 STREET,Broadway,9 Avenue,EB
38417,Manhattan,2025,1,10,6,0,27,270737,POINT (1008596.5182406532 256975.83816137625),WEST 220 STREET,Broadway,9 Avenue,EB
38417,Manhattan,2025,1,10,6,15,33,270737,POINT (1008596.5182406532 256975.83816137625),WEST 220 STREET,Broadway,9 Avenue,EB
38417,Manhattan,2025,1,10,6,30,31,270737,POINT (1008596.5182406532 256975.83816137625),WEST 220 STREET,Broadway,9 Avenue,EB
38417,Manhattan,2025,1,10,6,45,52,270737,POINT (1008596.5182406532 256975.83816137625),WEST 220 STREET,Broadway,9 Avenue,EB
38417,Manhattan,2025,1,10,7,0,70,270737,POINT (1008596.5182406532 256975.83816137625),WEST 220 STREET,Broadway,9 Avenue,EB
38417,Manhattan,2025,1,10,7,15,136,270737,POINT (1008596.5182406532 256975.83816137625),WEST 220 STREET,Broadway,9 Avenue,EB
38417,Manhattan,2025,1,10,7,30,118,270737,POINT (1008596.5182406532 256975.83816137625),WEST 220 STREET,Broadway,9 Avenue,EB
38417,Manhattan,2025,1,10,7,45,56,270737,POINT (1008596.5182406532 256975.83816137625),WEST 220 STREET,Broadway,9 Avenue,EB
38417,Manhattan,2025,1,10,8,0,30,270737,POINT (1008596.5182406532 256975.83816137625),WEST 220 STREET,Broadway,9 Avenue,EB
38417,Manhattan,2025,1,10,8,15,24,270737,POINT (1008596.5182406532 256975.83816137625),WEST 220 STREET,Broadway,9 Avenue,EB
38417,Manhattan,2025,1,10,8,30,15,270737,POINT (1008596.5182406532 256975.83816137625),WEST 220 STREET,Broadway,9 Avenue,EB
38417,Manhattan,2025,1,10,8,45,26,270737,POINT (1008596.5182406532 256975.83816137625),WEST 220 STREET,Broadway,9 Avenue,EB
38417,Manhattan,2025,1,10,9,0,27,270737,POINT (1008596.5182406532 256975.83816137625),WEST 220 STREET,Broadway,9 Avenue,EB
38417,Manhattan,2025,1,10,9,15,22,270737,POINT (1008596.5182406532 256975.83816137625),WEST 220 STREET,Broadway,9 Avenue,EB
38417,Manhattan,2025,1,10,9,30,14,270737,POINT (1008596.5182406532 256975.83816137625),WEST 220 STREET,Broadway,9 Avenue,EB
38417,Manhattan,2025,1,10,9,45,38,270737,POINT (1008596.5182406532 256975.83816137625),WEST 220 STREET,Broadway,9 Avenue,EB
38417,Manhattan,2025,1,10,10,0,18,270737,POINT (1008596.5182406532 256975.83816137625),WEST 220 STREET,Broadway,9 Avenue,EB
38417,Manhattan,2025,1,10,10,15,14,270737,POINT (1008596.5182406532 256975.83816137625),WEST 220 STREET,Broadway,9 Avenue,EB
38417,Manhattan,2025,1,10,10,30,20,270737,POINT (1008596.5182406532 256975.83816137625),WEST 220 STREET,Broadway,9 Avenue,EB
38417,Manhattan,2025,1,10,10,45,27,270737,POINT (1008596.5182406532 256975.83816137625),WEST 220 STREET,Broadway,9 Avenue,EB
38417,Manhattan,2025,1,10,11,0,25,270737,POINT (1008596.5182406532 256975.83816137625),WEST 220 STREET,Broadway,9 Avenue,EB
38417,Manhattan,2025,1,10,11,15,25,270737,POINT (1008596.5182406532 256975.83816137625),WEST 220 STREET,Broadway,9 Avenue,EB
38417,Manhattan,2025,1,10,11,30,19,270737,POINT (1008596.5182406532 256975.83816137625),WEST 220 STREET,Broadway,9 Avenue,EB
38417,Manhattan,2025,1,10,11,45,17,270737,POINT (1008596.5182406532 256975.83816137625),WEST 220 STREET,Broadway,9 Avenue,EB
38417,Manhattan,2025,1,10,12,0,16,270737,POINT (1008596.5182406532 256975.83816137625),WEST 220 STREET,Broadway,9 Avenue,EB
38417,Manhattan,2025,1,10,12,15,20,270737,POINT (1008596.5182406532 256975.83816137625),WEST 220 STREET,Broadway,9 Avenue,EB
38417,Manhattan,2025,1,10,12,30,30,270737,POINT (1008596.5182406532 256975.83816137625),WEST 220 STREET,Broadway,9 Avenue,EB
38417,Manhattan,2025,1,10,12,45,19,270737,POINT (1008596.5182406532 256975.83816137625),WEST 220 STREET,Broadway,9 Avenue,EB
38417,Manhattan,2025,1,10,13,0,19,270737,POINT (1008596.5182406532 256975.83816137625),WEST 220 STREET,Broadway,9 Avenue,EB
38417,Manhattan,2025,1,10,13,15,22,270737,POINT (1008596.5182406532 256975.83816137625),WEST 220 STREET,Broadway,9 Avenue,EB
38417,Manhattan,2025,1,10,13,30,25,270737,POINT (1008596.5182406532 256975.83816137625),WEST 220 STREET,Broadway,9 Avenue,EB
38417,Manhattan,2025,1,10,13,45,25,270737,POINT (1008596.5182406532 256975.83816137625),WEST 220 STREET,Broadway,9 Avenue,EB
38417,Manhattan,2025,1,10,14,0,22,270737,POINT (1008596.5182406532 256975.83816137625),WEST 220 STREET,Broadway,9 Avenue,EB
38417,Manhattan,2025,1,10,14,15,27,270737,POINT (1008596.5182406532 256975.83816137625),WEST 220 STREET,Broadway,9 Avenue,EB
38417,Manhattan,2025,1,10,14,30,41,270737,POINT (1008596.5182406532 256975.83816137625),WEST 220 STREET,Broadway,9 Avenue,EB
38417,Manhattan,2025,1,10,14,45,55,270737,POINT (1008596.5182406532 256975.83816137625),WEST 220 STREET,Broadway,9 Avenue,EB
38417,Manhattan,2025,1,10,15,0,52,270737,POINT (1008596.5182406532 256975.83816137625),WEST 220 STREET,Broadway,9 Avenue,EB
38417,Manhattan,2025,1,10,15,15,71,270737,POINT (1008596.5182406532 256975.83816137625),WEST 220 STREET,Broadway,9 Avenue,EB
38417,Manhattan,2025,1,10,15,30,79,270737,POINT (1008596.5182406532 256975.83816137625),WEST 220 STREET,Broadway,9 Avenue,EB
38417,Manhattan,2025,1,10,15,45,56,270737,POINT (1008596.5182406532 256975.83816137625),WEST 220 STREET,Broadway,9 Avenue,EB
38417,Manhattan,2025,1,10,16,0,48,270737,POINT (1008596.5182406532 256975.83816137625),WEST 220 STREET,Broadway,9 Avenue,EB
38417,Manhattan,2025,1,10,16,15,39,270737,POINT (1008596.5182406532 256975.83816137625),WEST 220 STREET,Broadway,9 Avenue,EB
38417,Manhattan,2025,1,10,16,30,40,270737,POINT (1008596.5182406532 256975.83816137625),WEST 220 STREET,Broadway,9 Avenue,EB
38417,Manhattan,2025,1,10,16,45,19,270737,POINT (1008596.5182406532 256975.83816137625),WEST 220 STREET,Broadway,9 Avenue,EB
38417,Manhattan,2025,1,6,0,0,0,270732,POINT (1008459.9025107967 256754.97560910846),WEST 219 STREET,9 Avenue,Broadway,WB
38417,Manhattan,2025,1,6,0,15,0,270732,POINT (1008459.9025107967 256754.97560910846),WEST 219 STREET,9 Avenue,Broadway,WB
38417,Manhattan,2025,1,6,0,30,0,270732,POINT (1008459.9025107967 256754.97560910846),WEST 219 STREET,9 Avenue,Broadway,WB
38417,Manhattan,2025,1,6,0,45,3,270732,POINT (1008459.9025107967 256754.97560910846),WEST 219 STREET,9 Avenue,Broadway,WB
38417,Manhattan,2025,1,6,1,0,1,270732,POINT (1008459.9025107967 256754.97560910846),WEST 219 STREET,9 Avenue,Broadway,WB
38417,Manhattan,2025,1,6,1,15,0,270732,POINT (1008459.9025107967 256754.97560910846),WEST 219 STREET,9 Avenue,Broadway,WB
38417,Manhattan,2025,1,6,1,30,1,270732,POINT (1008459.9025107967 256754.97560910846),WEST 219 STREET,9 Avenue,Broadway,WB
38417,Manhattan,2025,1,6,1,45,1,270732,POINT (1008459.9025107967 256754.97560910846),WEST 219 STREET,9 Avenue,Broadway,WB
38417,Manhattan,2025,1,6,2,0,0,270732,POINT (1008459.9025107967 256754.97560910846),WEST 219 STREET,9 Avenue,Broadway,WB
38417,Manhattan,2025,1,6,2,15,1,270732,POINT (1008459.9025107967 256754.97560910846),WEST 219 STREET,9 Avenue,Broadway,WB
38417,Manhattan,2025,1,6,2,30,2,270732,POINT (1008459.9025107967 256754.97560910846),WEST 219 STREET,9 Avenue,Broadway,WB
38417,Manhattan,2025,1,6,2,45,1,270732,POINT (1008459.9025107967 256754.97560910846),WEST 219 STREET,9 Avenue,Broadway,WB
38417,Manhattan,2025,1,6,3,0,0,270732,POINT (1008459.9025107967 256754.97560910846),WEST 219 STREET,9 Avenue,Broadway,WB
38417,Manhattan,2025,1,6,3,15,0,270732,POINT (1008459.9025107967 256754.97560910846),WEST 219 STREET,9 Avenue,Broadway,WB
38417,Manhattan,2025,1,6,3,30,0,270732,POINT (1008459.9025107967 256754.97560910846),WEST 219 STREET,9 Avenue,Broadway,WB
38417,Manhattan,2025,1,6,3,45,2,270732,POINT (1008459.9025107967 256754.97560910846),WEST 219 STREET,9 Avenue,Broadway,WB
38417,Manhattan,2025,1,6,4,0,0,270732,POINT (1008459.9025107967 256754.97560910846),WEST 219 STREET,9 Avenue,Broadway,WB
38417,Manhattan,2025,1,6,4,15,0,270732,POINT (1008459.9025107967 256754.97560910846),WEST 219 STREET,9 Avenue,Broadway,WB
38417,Manhattan,2025,1,6,4,30,0,270732,POINT (1008459.9025107967 256754.97560910846),WEST 219 STREET,9 Avenue,Broadway,WB
38417,Manhattan,2025,1,6,4,45,0,270732,POINT (1008459.9025107967 256754.97560910846),WEST 219 STREET,9 Avenue,Broadway,WB
38417,Manhattan,2025,1,6,5,0,2,270732,POINT (1008459.9025107967 256754.97560910846),WEST 219 STREET,9 Avenue,Broadway,WB
38417,Manhattan,2025,1,6,5,15,3,270732,POINT (1008459.9025107967 256754.97560910846),WEST 219 STREET,9 Avenue,Broadway,WB
38417,Manhattan,2025,1,6,5,30,3,270732,POINT (1008459.9025107967 256754.97560910846),WEST 219 STREET,9 Avenue,Broadway,WB
38417,Manhattan,2025,1,6,5,45,4,270732,POINT (1008459.9025107967 256754.97560910846),WEST 219 STREET,9 Avenue,Broadway,WB
38417,Manhattan,2025,1,6,6,0,7,270732,POINT (1008459.9025107967 256754.97560910846),WEST 219 STREET,9 Avenue,Broadway,WB
38417,Manhattan,2025,1,6,6,15,8,270732,POINT (1008459.9025107967 256754.97560910846),WEST 219 STREET,9 Avenue,Broadway,WB
38417,Manhattan,2025,1,6,6,30,4,270732,POINT (1008459.9025107967 256754.97560910846),WEST 219 STREET,9 Avenue,Broadway,WB
38417,Manhattan,2025,1,6,6,45,7,270732,POINT (1008459.9025107967 256754.97560910846),WEST 219 STREET,9 Avenue,Broadway,WB
38417,Manhattan,2025,1,6,7,0,12,270732,POINT (1008459.9025107967 256754.97560910846),WEST 219 STREET,9 Avenue,Broadway,WB
38417,Manhattan,2025,1,6,7,15,31,270732,POINT (1008459.9025107967 256754.97560910846),WEST 219 STREET,9 Avenue,Broadway,WB
38417,Manhattan,2025,1,6,7,30,26,270732,POINT (1008459.9025107967 256754.97560910846),WEST 219 STREET,9 Avenue,Broadway,WB
38417,Manhattan,2025,1,6,7,45,14,270732,POINT (1008459.9025107967 256754.97560910846),WEST 219 STREET,9 Avenue,Broadway,WB
38417,Manhattan,2025,1,6,8,0,7,270732,POINT (1008459.9025107967 256754.97560910846),WEST 219 STREET,9 Avenue,Broadway,WB
38417,Manhattan,2025,1,6,8,15,4,270732,POINT (1008459.9025107967 256754.97560910846),WEST 219 STREET,9 Avenue,Broadway,WB
38417,Manhattan,2025,1,6,8,30,5,270732,POINT (1008459.9025107967 256754.97560910846),WEST 219 STREET,9 Avenue,Broadway,WB
38417,Manhattan,2025,1,6,8,45,8,270732,POINT (1008459.9025107967 256754.97560910846),WEST 219 STREET,9 Avenue,Broadway,WB
38417,Manhattan,2025,1,6,9,0,3,270732,POINT (1008459.9025107967 256754.97560910846),WEST 219 STREET,9 Avenue,Broadway,WB
38417,Manhattan,2025,1,6,9,15,5,270732,POINT (1008459.9025107967 256754.97560910846),WEST 219 STREET,9 Avenue,Broadway,WB
38417,Manhattan,2025,1,6,9,30,9,270732,POINT (1008459.9025107967 256754.97560910846),WEST 219 STREET,9 Avenue,Broadway,WB
38417,Manhattan,2025,1,6,9,45,4,270732,POINT (1008459.9025107967 256754.97560910846),WEST 219 STREET,9 Avenue,Broadway,WB
38417,Manhattan,2025,1,6,10,0,3,270732,POINT (1008459.9025107967 256754.97560910846),WEST 219 STREET,9 Avenue,Broadway,WB
38417,Manhattan,2025,1,6,10,15,7,270732,POINT (1008459.9025107967 256754.97560910846),WEST 219 STREET,9 Avenue,Broadway,WB
38417,Manhattan,2025,1,6,10,30,7,270732,POINT (1008459.9025107967 256754.97560910846),WEST 219 STREET,9 Avenue,Broadway,WB
38417,Manhattan,2025,1,6,10,45,5,270732,POINT (1008459.9025107967 256754.97560910846),WEST 219 STREET,9 Avenue,Broadway,WB
38417,Manhattan,2025,1,6,11,0,1,270732,POINT (1008459.9025107967 256754.97560910846),WEST 219 STREET,9 Avenue,Broadway,WB
38417,Manhattan,2025,1,6,11,15,3,270732,POINT (1008459.9025107967 256754.97560910846),WEST 219 STREET,9 Avenue,Broadway,WB
38417,Manhattan,2025,1,6,11,30,2,270732,POINT (1008459.9025107967 256754.97560910846),WEST 219 STREET,9 Avenue,Broadway,WB
38417,Manhattan,2025,1,6,11,45,4,270732,POINT (1008459.9025107967 256754.97560910846),WEST 219 STREET,9 Avenue,Broadway,WB
38417,Manhattan,2025,1,6,12,0,7,270732,POINT (1008459.9025107967 256754.97560910846),WEST 219 STREET,9 Avenue,Broadway,WB
38417,Manhattan,2025,1,6,12,15,1,270732,POINT (1008459.9025107967 256754.97560910846),WEST 219 STREET,9 Avenue,Broadway,WB
38417,Manhattan,2025,1,6,12,30,5,270732,POINT (1008459.9025107967 256754.97560910846),WEST 219 STREET,9 Avenue,Broadway,WB
38417,Manhattan,2025,1,6,12,45,7,270732,POINT (1008459.9025107967 256754.97560910846),WEST 219 STREET,9 Avenue,Broadway,WB
38417,Manhattan,2025,1,6,13,0,5,270732,POINT (1008459.9025107967 256754.97560910846),WEST 219 STREET,9 Avenue,Broadway,WB
38417,Manhattan,2025,1,6,13,15,6,270732,POINT (1008459.9025107967 256754.97560910846),WEST 219 STREET,9 Avenue,Broadway,WB
38417,Manhattan,2025,1,6,13,30,4,270732,POINT (1008459.9025107967 256754.97560910846),WEST 219 STREET,9 Avenue,Broadway,WB
38417,Manhattan,2025,1,6,13,45,8,270732,POINT (1008459.9025107967 256754.97560910846),WEST 219 STREET,9 Avenue,Broadway,WB
38417,Manhattan,2025,1,6,14,0,2,270732,POINT (1008459.9025107967 256754.97560910846),WEST 219 STREET,9 Avenue,Broadway,WB
38417,Manhattan,2025,1,6,14,15,11,270732,POINT (1008459.9025107967 256754.97560910846),WEST 219 STREET,9 Avenue,Broadway,WB
38417,Manhattan,2025,1,6,14,30,7,270732,POINT (1008459.9025107967 256754.97560910846),WEST 219 STREET,9 Avenue,Broadway,WB
38417,Manhattan,2025,1,6,14,45,11,270732,POINT (1008459.9025107967 256754.97560910846),WEST 219 STREET,9 Avenue,Broadway,WB
38417,Manhattan,2025,1,6,15,0,18,270732,POINT (1008459.9025107967 256754.97560910846),WEST 219 STREET,9 Avenue,Broadway,WB
38417,Manhattan,2025,1,6,15,15,34,270732,POINT (1008459.9025107967 256754.97560910846),WEST 219 STREET,9 Avenue,Broadway,WB
38417,Manhattan,2025,1,6,15,30,33,270732,POINT (1008459.9025107967 256754.97560910846),WEST 219 STREET,9 Avenue,Broadway,WB
38417,Manhattan,2025,1,6,15,45,15,270732,POINT (1008459.9025107967 256754.97560910846),WEST 219 STREET,9 Avenue,Broadway,WB
38417,Manhattan,2025,1,6,16,0,9,270732,POINT (1008459.9025107967 256754.97560910846),WEST 219 STREET,9 Avenue,Broadway,WB
38417,Manhattan,2025,1,6,16,15,6,270732,POINT (1008459.9025107967 256754.97560910846),WEST 219 STREET,9 Avenue,Broadway,WB
38417,Manhattan,2025,1,6,16,30,7,270732,POINT (1008459.9025107967 256754.97560910846),WEST 219 STREET,9 Avenue,Broadway,WB
38417,Manhattan,2025,1,6,16,45,6,270732,POINT (1008459.9025107967 256754.97560910846),WEST 219 STREET,9 Avenue,Broadway,WB
38417,Manhattan,2025,1,6,17,0,5,270732,POINT (1008459.9025107967 256754.97560910846),WEST 219 STREET,9 Avenue,Broadway,WB
38417,Manhattan,2025,1,6,17,15,3,270732,POINT (1008459.9025107967 256754.97560910846),WEST 219 STREET,9 Avenue,Broadway,WB
38417,Manhattan,2025,1,6,17,30,4,270732,POINT (1008459.9025107967 256754.97560910846),WEST 219 STREET,9 Avenue,Broadway,WB
38417,Manhattan,2025,1,6,17,45,4,270732,POINT (1008459.9025107967 256754.97560910846),WEST 219 STREET,9 Avenue,Broadway,WB
38417,Manhattan,2025,1,6,18,0,6,270732,POINT (1008459.9025107967 256754.97560910846),WEST 219 STREET,9 Avenue,Broadway,WB
38417,Manhattan,2025,1,6,18,15,2,270732,POINT (1008459.9025107967 256754.97560910846),WEST 219 STREET,9 Avenue,Broadway,WB
38417,Manhattan,2025,1,6,18,30,2,270732,POINT (1008459.9025107967 256754.97560910846),WEST 219 STREET,9 Avenue,Broadway,WB
38417,Manhattan,2025,1,6,18,45,3,270732,POINT (1008459.9025107967 256754.97560910846),WEST 219 STREET,9 Avenue,Broadway,WB
38417,Manhattan,2025,1,6,19,0,3,270732,POINT (1008459.9025107967 256754.97560910846),WEST 219 STREET,9 Avenue,Broadway,WB
38417,Manhattan,2025,1,6,19,15,4,270732,POINT (1008459.9025107967 256754.97560910846),WEST 219 STREET,9 Avenue,Broadway,WB
38417,Manhattan,2025,1,6,19,30,5,270732,POINT (1008459.9025107967 256754.97560910846),WEST 219 STREET,9 Avenue,Broadway,WB
38417,Manhattan,2025,1,6,19,45,2,270732,POINT (1008459.9025107967 256754.97560910846),WEST 219 STREET,9 Avenue,Broadway,WB
38417,Manhattan,2025,1,6,20,0,0,270732,POINT (1008459.9025107967 256754.97560910846),WEST 219 STREET,9 Avenue,Broadway,WB
38417,Manhattan,2025,1,6,20,15,4,270732,POINT (1008459.9025107967 256754.97560910846),WEST 219 STREET,9 Avenue,Broadway,WB
38417,Manhattan,2025,1,6,20,30,4,270732,POINT (1008459.9025107967 256754.97560910846),WEST 219 STREET,9 Avenue,Broadway,WB
38417,Manhattan,2025,1,6,20,45,3,270732,POINT (1008459.9025107967 256754.97560910846),WEST 219 STREET,9 Avenue,Broadway,WB
38417,Manhattan,2025,1,6,21,0,3,270732,POINT (1008459.9025107967 256754.97560910846),WEST 219 STREET,9 Avenue,Broadway,WB
38417,Manhattan,2025,1,6,21,15,1,270732,POINT (1008459.9025107967 256754.97560910846),WEST 219 STREET,9 Avenue,Broadway,WB
38417,Manhattan,2025,1,6,21,30,3,270732,POINT (1008459.9025107967 256754.97560910846),WEST 219 STREET,9 Avenue,Broadway,WB
38417,Manhattan,2025,1,6,21,45,4,270732,POINT (1008459.9025107967 256754.97560910846),WEST 219 STREET,9 Avenue,Broadway,WB
38417,Manhattan,2025,1,6,22,0,1,270732,POINT (1008459.9025107967 256754.97560910846),WEST 219 STREET,9 Avenue,Broadway,WB
38417,Manhattan,2025,1,6,22,15,2,270732,POINT (1008459.9025107967 256754.97560910846),WEST 219 STREET,9 Avenue,Broadway,WB
38417,Manhattan,2025,1,6,22,30,7,270732,POINT (1008459.9025107967 256754.97560910846),WEST 219 STREET,9 Avenue,Broadway,WB
38417,Manhattan,2025,1,6,22,45,2,270732,POINT (1008459.9025107967 256754.97560910846),WEST 219 STREET,9 Avenue,Broadway,WB
38417,Manhattan,2025,1,6,23,0,4,270732,POINT (1008459.9025107967 256754.97560910846),WEST 219 STREET,9 Avenue,Broadway,WB
38417,Manhattan,2025,1,6,23,15,4,270732,POINT (1008459.9025107967 256754.97560910846),WEST 219 STREET,9 Avenue,Broadway,WB
38417,Manhattan,2025,1,6,23,30,4,270732,POINT (1008459.9025107967 256754.97560910846),WEST 219 STREET,9 Avenue,Broadway,WB
38417,Manhattan,2025,1,6,23,45,0,270732,POINT (1008459.9025107967 256754.97560910846),WEST 219 STREET,9 Avenue,Broadway,WB
38417,Manhattan,2025,1,7,0,0,3,270732,POINT (1008459.9025107967 256754.97560910846),WEST 219 STREET,9 Avenue,Broadway,WB
38417,Manhattan,2025,1,7,0,15,3,270732,POINT (1008459.9025107967 256754.97560910846),WEST 219 STREET,9 Avenue,Broadway,WB
38417,Manhattan,2025,1,7,0,30,2,270732,POINT (1008459.9025107967 256754.97560910846),WEST 219 STREET,9 Avenue,Broadway,WB
38417,Manhattan,2025,1,7,0,45,1,270732,POINT (1008459.9025107967 256754.97560910846),WEST 219 STREET,9 Avenue,Broadway,WB
38417,Manhattan,2025,1,7,1,0,0,270732,POINT (1008459.9025107967 256754.97560910846),WEST 219 STREET,9 Avenue,Broadway,WB
38417,Manhattan,2025,1,7,1,15,1,270732,POINT (1008459.9025107967 256754.97560910846),WEST 219 STREET,9 Avenue,Broadway,WB
38417,Manhattan,2025,1,7,1,30,1,270732,POINT (1008459.9025107967 256754.97560910846),WEST 219 STREET,9 Avenue,Broadway,WB
38417,Manhattan,2025,1,7,1,45,0,270732,POINT (1008459.9025107967 256754.97560910846),WEST 219 STREET,9 Avenue,Broadway,WB
38417,Manhattan,2025,1,7,2,0,1,270732,POINT (1008459.9025107967 256754.97560910846),WEST 219 STREET,9 Avenue,Broadway,WB
38417,Manhattan,2025,1,7,2,15,0,270732,POINT (1008459.9025107967 256754.97560910846),WEST 219 STREET,9 Avenue,Broadway,WB
38417,Manhattan,2025,1,7,2,30,0,270732,POINT (1008459.9025107967 256754.97560910846),WEST 219 STREET,9 Avenue,Broadway,WB
38417,Manhattan,2025,1,7,2,45,1,270732,POINT (1008459.9025107967 256754.97560910846),WEST 219 STREET,9 Avenue,Broadway,WB
38417,Manhattan,2025,1,7,3,0,1,270732,POINT (1008459.9025107967 256754.97560910846),WEST 219 STREET,9 Avenue,Broadway,WB
38417,Manhattan,2025,1,7,3,15,0,270732,POINT (1008459.9025107967 256754.97560910846),WEST 219 STREET,9 Avenue,Broadway,WB
38417,Manhattan,2025,1,7,3,30,1,270732,POINT (1008459.9025107967 256754.97560910846),WEST 219 STREET,9 Avenue,Broadway,WB
38417,Manhattan,2025,1,7,3,45,2,270732,POINT (1008459.9025107967 256754.97560910846),WEST 219 STREET,9 Avenue,Broadway,WB
38417,Manhattan,2025,1,7,4,0,1,270732,POINT (1008459.9025107967 256754.97560910846),WEST 219 STREET,9 Avenue,Broadway,WB
38417,Manhattan,2025,1,7,4,15,0,270732,POINT (1008459.9025107967 256754.97560910846),WEST 219 STREET,9 Avenue,Broadway,WB
38417,Manhattan,2025,1,7,4,30,1,270732,POINT (1008459.9025107967 256754.97560910846),WEST 219 STREET,9 Avenue,Broadway,WB
38417,Manhattan,2025,1,7,4,45,0,270732,POINT (1008459.9025107967 256754.97560910846),WEST 219 STREET,9 Avenue,Broadway,WB
38417,Manhattan,2025,1,7,5,0,3,270732,POINT (1008459.9025107967 256754.97560910846),WEST 219 STREET,9 Avenue,Broadway,WB
38417,Manhattan,2025,1,7,5,15,3,270732,POINT (1008459.9025107967 256754.97560910846),WEST 219 STREET,9 Avenue,Broadway,WB
38417,Manhattan,2025,1,7,5,30,1,270732,POINT (1008459.9025107967 256754.97560910846),WEST 219 STREET,9 Avenue,Broadway,WB
38417,Manhattan,2025,1,7,5,45,5,270732,POINT (1008459.9025107967 256754.97560910846),WEST 219 STREET,9 Avenue,Broadway,WB
38417,Manhattan,2025,1,7,6,0,4,270732,POINT (1008459.9025107967 256754.97560910846),WEST 219 STREET,9 Avenue,Broadway,WB
38417,Manhattan,2025,1,7,6,15,6,270732,POINT (1008459.9025107967 256754.97560910846),WEST 219 STREET,9 Avenue,Broadway,WB
38417,Manhattan,2025,1,7,6,30,11,270732,POINT (1008459.9025107967 256754.97560910846),WEST 219 STREET,9 Avenue,Broadway,WB
38417,Manhattan,2025,1,7,6,45,18,270732,POINT (1008459.9025107967 256754.97560910846),WEST 219 STREET,9 Avenue,Broadway,WB
38417,Manhattan,2025,1,7,7,0,16,270732,POINT (1008459.9025107967 256754.97560910846),WEST 219 STREET,9 Avenue,Broadway,WB
38417,Manhattan,2025,1,7,7,15,27,270732,POINT (1008459.9025107967 256754.97560910846),WEST 219 STREET,9 Avenue,Broadway,WB
38417,Manhattan,2025,1,7,7,30,27,270732,POINT (1008459.9025107967 256754.97560910846),WEST 219 STREET,9 Avenue,Broadway,WB
38417,Manhattan,2025,1,7,7,45,10,270732,POINT (1008459.9025107967 256754.97560910846),WEST 219 STREET,9 Avenue,Broadway,WB
38417,Manhattan,2025,1,7,8,0,4,270732,POINT (1008459.9025107967 256754.97560910846),WEST 219 STREET,9 Avenue,Broadway,WB
38417,Manhattan,2025,1,7,8,15,5,270732,POINT (1008459.9025107967 256754.97560910846),WEST 219 STREET,9 Avenue,Broadway,WB
38417,Manhattan,2025,1,7,8,30,9,270732,POINT (1008459.9025107967 256754.97560910846),WEST 219 STREET,9 Avenue,Broadway,WB
38417,Manhattan,2025,1,7,8,45,4,270732,POINT (1008459.9025107967 256754.97560910846),WEST 219 STREET,9 Avenue,Broadway,WB
38417,Manhattan,2025,1,7,9,0,7,270732,POINT (1008459.9025107967 256754.97560910846),WEST 219 STREET,9 Avenue,Broadway,WB
38417,Manhattan,2025,1,7,9,15,7,270732,POINT (1008459.9025107967 256754.97560910846),WEST 219 STREET,9 Avenue,Broadway,WB
38417,Manhattan,2025,1,7,9,30,9,270732,POINT (1008459.9025107967 256754.97560910846),WEST 219 STREET,9 Avenue,Broadway,WB
38417,Manhattan,2025,1,7,9,45,11,270732,POINT (1008459.9025107967 256754.97560910846),WEST 219 STREET,9 Avenue,Broadway,WB
38417,Manhattan,2025,1,7,10,0,8,270732,POINT (1008459.9025107967 256754.97560910846),WEST 219 STREET,9 Avenue,Broadway,WB
38417,Manhattan,2025,1,7,10,15,11,270732,POINT (1008459.9025107967 256754.97560910846),WEST 219 STREET,9 Avenue,Broadway,WB
38417,Manhattan,2025,1,7,10,30,7,270732,POINT (1008459.9025107967 256754.97560910846),WEST 219 STREET,9 Avenue,Broadway,WB
38417,Manhattan,2025,1,7,10,45,9,270732,POINT (1008459.9025107967 256754.97560910846),WEST 219 STREET,9 Avenue,Broadway,WB
38417,Manhattan,2025,1,7,11,0,5,270732,POINT (1008459.9025107967 256754.97560910846),WEST 219 STREET,9 Avenue,Broadway,WB
38417,Manhattan,2025,1,7,11,15,11,270732,POINT (1008459.9025107967 256754.97560910846),WEST 219 STREET,9 Avenue,Broadway,WB
38417,Manhattan,2025,1,7,11,30,8,270732,POINT (1008459.9025107967 256754.97560910846),WEST 219 STREET,9 Avenue,Broadway,WB
38417,Manhattan,2025,1,7,11,45,6,270732,POINT (1008459.9025107967 256754.97560910846),WEST 219 STREET,9 Avenue,Broadway,WB
38417,Manhattan,2025,1,7,12,0,6,270732,POINT (1008459.9025107967 256754.97560910846),WEST 219 STREET,9 Avenue,Broadway,WB
38417,Manhattan,2025,1,7,12,15,11,270732,POINT (1008459.9025107967 256754.97560910846),WEST 219 STREET,9 Avenue,Broadway,WB
38417,Manhattan,2025,1,7,12,30,13,270732,POINT (1008459.9025107967 256754.97560910846),WEST 219 STREET,9 Avenue,Broadway,WB
38417,Manhattan,2025,1,7,12,45,9,270732,POINT (1008459.9025107967 256754.97560910846),WEST 219 STREET,9 Avenue,Broadway,WB
38417,Manhattan,2025,1,7,13,0,4,270732,POINT (1008459.9025107967 256754.97560910846),WEST 219 STREET,9 Avenue,Broadway,WB
38417,Manhattan,2025,1,7,13,15,12,270732,POINT (1008459.9025107967 256754.97560910846),WEST 219 STREET,9 Avenue,Broadway,WB
38417,Manhattan,2025,1,7,13,30,9,270732,POINT (1008459.9025107967 256754.97560910846),WEST 219 STREET,9 Avenue,Broadway,WB
38417,Manhattan,2025,1,7,13,45,5,270732,POINT (1008459.9025107967 256754.97560910846),WEST 219 STREET,9 Avenue,Broadway,WB
38417,Manhattan,2025,1,7,14,0,3,270732,POINT (1008459.9025107967 256754.97560910846),WEST 219 STREET,9 Avenue,Broadway,WB
38417,Manhattan,2025,1,7,14,15,6,270732,POINT (1008459.9025107967 256754.97560910846),WEST 219 STREET,9 Avenue,Broadway,WB
38417,Manhattan,2025,1,7,14,30,11,270732,POINT (1008459.9025107967 256754.97560910846),WEST 219 STREET,9 Avenue,Broadway,WB
38417,Manhattan,2025,1,7,14,45,17,270732,POINT (1008459.9025107967 256754.97560910846),WEST 219 STREET,9 Avenue,Broadway,WB
38417,Manhattan,2025,1,7,15,0,21,270732,POINT (1008459.9025107967 256754.97560910846),WEST 219 STREET,9 Avenue,Broadway,WB
38417,Manhattan,2025,1,7,15,15,20,270732,POINT (1008459.9025107967 256754.97560910846),WEST 219 STREET,9 Avenue,Broadway,WB
38417,Manhattan,2025,1,7,15,30,32,270732,POINT (1008459.9025107967 256754.97560910846),WEST 219 STREET,9 Avenue,Broadway,WB
38417,Manhattan,2025,1,7,15,45,18,270732,POINT (1008459.9025107967 256754.97560910846),WEST 219 STREET,9 Avenue,Broadway,WB
38417,Manhattan,2025,1,7,16,0,8,270732,POINT (1008459.9025107967 256754.97560910846),WEST 219 STREET,9 Avenue,Broadway,WB
38417,Manhattan,2025,1,7,16,15,3,270732,POINT (1008459.9025107967 256754.97560910846),WEST 219 STREET,9 Avenue,Broadway,WB
38417,Manhattan,2025,1,7,16,30,7,270732,POINT (1008459.9025107967 256754.97560910846),WEST 219 STREET,9 Avenue,Broadway,WB
38417,Manhattan,2025,1,7,16,45,5,270732,POINT (1008459.9025107967 256754.97560910846),WEST 219 STREET,9 Avenue,Broadway,WB
38417,Manhattan,2025,1,7,17,0,2,270732,POINT (1008459.9025107967 256754.97560910846),WEST 219 STREET,9 Avenue,Broadway,WB
38417,Manhattan,2025,1,7,17,15,3,270732,POINT (1008459.9025107967 256754.97560910846),WEST 219 STREET,9 Avenue,Broadway,WB
38417,Manhattan,2025,1,7,17,30,7,270732,POINT (1008459.9025107967 256754.97560910846),WEST 219 STREET,9 Avenue,Broadway,WB
38417,Manhattan,2025,1,7,17,45,4,270732,POINT (1008459.9025107967 256754.97560910846),WEST 219 STREET,9 Avenue,Broadway,WB
38417,Manhattan,2025,1,7,18,0,3,270732,POINT (1008459.9025107967 256754.97560910846),WEST 219 STREET,9 Avenue,Broadway,WB
38417,Manhattan,2025,1,7,18,15,3,270732,POINT (1008459.9025107967 256754.97560910846),WEST 219 STREET,9 Avenue,Broadway,WB
38417,Manhattan,2025,1,7,18,30,1,270732,POINT (1008459.9025107967 256754.97560910846),WEST 219 STREET,9 Avenue,Broadway,WB
38417,Manhattan,2025,1,7,18,45,6,270732,POINT (1008459.9025107967 256754.97560910846),WEST 219 STREET,9 Avenue,Broadway,WB
38417,Manhattan,2025,1,7,19,0,5,270732,POINT (1008459.9025107967 256754.97560910846),WEST 219 STREET,9 Avenue,Broadway,WB
38417,Manhattan,2025,1,7,19,15,1,270732,POINT (1008459.9025107967 256754.97560910846),WEST 219 STREET,9 Avenue,Broadway,WB
38417,Manhattan,2025,1,7,19,30,3,270732,POINT (1008459.9025107967 256754.97560910846),WEST 219 STREET,9 Avenue,Broadway,WB
38417,Manhattan,2025,1,7,19,45,3,270732,POINT (1008459.9025107967 256754.97560910846),WEST 219 STREET,9 Avenue,Broadway,WB
38417,Manhattan,2025,1,7,20,0,1,270732,POINT (1008459.9025107967 256754.97560910846),WEST 219 STREET,9 Avenue,Broadway,WB
38417,Manhattan,2025,1,7,20,15,4,270732,POINT (1008459.9025107967 256754.97560910846),WEST 219 STREET,9 Avenue,Broadway,WB
38417,Manhattan,2025,1,7,20,30,3,270732,POINT (1008459.9025107967 256754.97560910846),WEST 219 STREET,9 Avenue,Broadway,WB
38417,Manhattan,2025,1,7,20,45,0,270732,POINT (1008459.9025107967 256754.97560910846),WEST 219 STREET,9 Avenue,Broadway,WB
38417,Manhattan,2025,1,7,21,0,2,270732,POINT (1008459.9025107967 256754.97560910846),WEST 219 STREET,9 Avenue,Broadway,WB
38417,Manhattan,2025,1,7,21,15,3,270732,POINT (1008459.9025107967 256754.97560910846),WEST 219 STREET,9 Avenue,Broadway,WB
38417,Manhattan,2025,1,7,21,30,3,270732,POINT (1008459.9025107967 256754.97560910846),WEST 219 STREET,9 Avenue,Broadway,WB
38417,Manhattan,2025,1,7,21,45,5,270732,POINT (1008459.9025107967 256754.97560910846),WEST 219 STREET,9 Avenue,Broadway,WB
38417,Manhattan,2025,1,7,22,0,0,270732,POINT (1008459.9025107967 256754.97560910846),WEST 219 STREET,9 Avenue,Broadway,WB
38417,Manhattan,2025,1,7,22,15,1,270732,POINT (1008459.9025107967 256754.97560910846),WEST 219 STREET,9 Avenue,Broadway,WB
38417,Manhattan,2025,1,7,22,30,5,270732,POINT (1008459.9025107967 256754.97560910846),WEST 219 STREET,9 Avenue,Broadway,WB
38417,Manhattan,2025,1,7,22,45,4,270732,POINT (1008459.9025107967 256754.97560910846),WEST 219 STREET,9 Avenue,Broadway,WB
38417,Manhattan,2025,1,7,23,0,10,270732,POINT (1008459.9025107967 256754.97560910846),WEST 219 STREET,9 Avenue,Broadway,WB
38417,Manhattan,2025,1,7,23,15,4,270732,POINT (1008459.9025107967 256754.97560910846),WEST 219 STREET,9 Avenue,Broadway,WB
38417,Manhattan,2025,1,7,23,30,5,270732,POINT (1008459.9025107967 256754.97560910846),WEST 219 STREET,9 Avenue,Broadway,WB
38417,Manhattan,2025,1,7,23,45,1,270732,POINT (1008459.9025107967 256754.97560910846),WEST 219 STREET,9 Avenue,Broadway,WB
38417,Manhattan,2025,1,8,0,0,9,270732,POINT (1008459.9025107967 256754.97560910846),WEST 219 STREET,9 Avenue,Broadway,WB
38417,Manhattan,2025,1,8,0,15,6,270732,POINT (1008459.9025107967 256754.97560910846),WEST 219 STREET,9 Avenue,Broadway,WB
38417,Manhattan,2025,1,8,0,30,5,270732,POINT (1008459.9025107967 256754.97560910846),WEST 219 STREET,9 Avenue,Broadway,WB
38417,Manhattan,2025,1,8,0,45,2,270732,POINT (1008459.9025107967 256754.97560910846),WEST 219 STREET,9 Avenue,Broadway,WB
38417,Manhattan,2025,1,8,1,0,0,270732,POINT (1008459.9025107967 256754.97560910846),WEST 219 STREET,9 Avenue,Broadway,WB
38417,Manhattan,2025,1,8,1,15,1,270732,POINT (1008459.9025107967 256754.97560910846),WEST 219 STREET,9 Avenue,Broadway,WB
38417,Manhattan,2025,1,8,1,30,2,270732,POINT (1008459.9025107967 256754.97560910846),WEST 219 STREET,9 Avenue,Broadway,WB
38417,Manhattan,2025,1,8,1,45,0,270732,POINT (1008459.9025107967 256754.97560910846),WEST 219 STREET,9 Avenue,Broadway,WB
38417,Manhattan,2025,1,8,2,0,1,270732,POINT (1008459.9025107967 256754.97560910846),WEST 219 STREET,9 Avenue,Broadway,WB
38417,Manhattan,2025,1,8,2,15,1,270732,POINT (1008459.9025107967 256754.97560910846),WEST 219 STREET,9 Avenue,Broadway,WB
38417,Manhattan,2025,1,8,2,30,2,270732,POINT (1008459.9025107967 256754.97560910846),WEST 219 STREET,9 Avenue,Broadway,WB
38417,Manhattan,2025,1,8,2,45,1,270732,POINT (1008459.9025107967 256754.97560910846),WEST 219 STREET,9 Avenue,Broadway,WB
38417,Manhattan,2025,1,8,3,0,1,270732,POINT (1008459.9025107967 256754.97560910846),WEST 219 STREET,9 Avenue,Broadway,WB
38417,Manhattan,2025,1,8,3,15,1,270732,POINT (1008459.9025107967 256754.97560910846),WEST 219 STREET,9 Avenue,Broadway,WB
38417,Manhattan,2025,1,8,3,30,0,270732,POINT (1008459.9025107967 256754.97560910846),WEST 219 STREET,9 Avenue,Broadway,WB
38417,Manhattan,2025,1,8,3,45,1,270732,POINT (1008459.9025107967 256754.97560910846),WEST 219 STREET,9 Avenue,Broadway,WB
38417,Manhattan,2025,1,8,4,0,1,270732,POINT (1008459.9025107967 256754.97560910846),WEST 219 STREET,9 Avenue,Broadway,WB
38417,Manhattan,2025,1,8,4,15,0,270732,POINT (1008459.9025107967 256754.97560910846),WEST 219 STREET,9 Avenue,Broadway,WB
38417,Manhattan,2025,1,8,4,30,3,270732,POINT (1008459.9025107967 256754.97560910846),WEST 219 STREET,9 Avenue,Broadway,WB
38417,Manhattan,2025,1,8,4,45,0,270732,POINT (1008459.9025107967 256754.97560910846),WEST 219 STREET,9 Avenue,Broadway,WB
38417,Manhattan,2025,1,8,5,0,3,270732,POINT (1008459.9025107967 256754.97560910846),WEST 219 STREET,9 Avenue,Broadway,WB
38417,Manhattan,2025,1,8,5,15,0,270732,POINT (1008459.9025107967 256754.97560910846),WEST 219 STREET,9 Avenue,Broadway,WB
38417,Manhattan,2025,1,8,5,30,3,270732,POINT (1008459.9025107967 256754.97560910846),WEST 219 STREET,9 Avenue,Broadway,WB
38417,Manhattan,2025,1,8,5,45,8,270732,POINT (1008459.9025107967 256754.97560910846),WEST 219 STREET,9 Avenue,Broadway,WB
38417,Manhattan,2025,1,8,6,0,9,270732,POINT (1008459.9025107967 256754.97560910846),WEST 219 STREET,9 Avenue,Broadway,WB
38417,Manhattan,2025,1,8,6,15,5,270732,POINT (1008459.9025107967 256754.97560910846),WEST 219 STREET,9 Avenue,Broadway,WB
38417,Manhattan,2025,1,8,6,30,7,270732,POINT (1008459.9025107967 256754.97560910846),WEST 219 STREET,9 Avenue,Broadway,WB
38417,Manhattan,2025,1,8,6,45,8,270732,POINT (1008459.9025107967 256754.97560910846),WEST 219 STREET,9 Avenue,Broadway,WB
38417,Manhattan,2025,1,8,7,0,12,270732,POINT (1008459.9025107967 256754.97560910846),WEST 219 STREET,9 Avenue,Broadway,WB
38417,Manhattan,2025,1,8,7,15,26,270732,POINT (1008459.9025107967 256754.97560910846),WEST 219 STREET,9 Avenue,Broadway,WB
38417,Manhattan,2025,1,8,7,30,26,270732,POINT (1008459.9025107967 256754.97560910846),WEST 219 STREET,9 Avenue,Broadway,WB
38417,Manhattan,2025,1,8,7,45,9,270732,POINT (1008459.9025107967 256754.97560910846),WEST 219 STREET,9 Avenue,Broadway,WB
38417,Manhattan,2025,1,8,8,0,7,270732,POINT (1008459.9025107967 256754.97560910846),WEST 219 STREET,9 Avenue,Broadway,WB
38417,Manhattan,2025,1,8,8,15,6,270732,POINT (1008459.9025107967 256754.97560910846),WEST 219 STREET,9 Avenue,Broadway,WB
38417,Manhattan,2025,1,8,8,30,9,270732,POINT (1008459.9025107967 256754.97560910846),WEST 219 STREET,9 Avenue,Broadway,WB
38417,Manhattan,2025,1,8,8,45,8,270732,POINT (1008459.9025107967 256754.97560910846),WEST 219 STREET,9 Avenue,Broadway,WB
38417,Manhattan,2025,1,8,9,0,5,270732,POINT (1008459.9025107967 256754.97560910846),WEST 219 STREET,9 Avenue,Broadway,WB
38417,Manhattan,2025,1,8,9,15,7,270732,POINT (1008459.9025107967 256754.97560910846),WEST 219 STREET,9 Avenue,Broadway,WB
38417,Manhattan,2025,1,8,9,30,10,270732,POINT (1008459.9025107967 256754.97560910846),WEST 219 STREET,9 Avenue,Broadway,WB
38417,Manhattan,2025,1,8,9,45,9,270732,POINT (1008459.9025107967 256754.97560910846),WEST 219 STREET,9 Avenue,Broadway,WB
38417,Manhattan,2025,1,8,10,0,9,270732,POINT (1008459.9025107967 256754.97560910846),WEST 219 STREET,9 Avenue,Broadway,WB
38417,Manhattan,2025,1,8,10,15,6,270732,POINT (1008459.9025107967 256754.97560910846),WEST 219 STREET,9 Avenue,Broadway,WB
38417,Manhattan,2025,1,8,10,30,10,270732,POINT (1008459.9025107967 256754.97560910846),WEST 219 STREET,9 Avenue,Broadway,WB
38417,Manhattan,2025,1,8,10,45,11,270732,POINT (1008459.9025107967 256754.97560910846),WEST 219 STREET,9 Avenue,Broadway,WB
38417,Manhattan,2025,1,8,11,0,17,270732,POINT (1008459.9025107967 256754.97560910846),WEST 219 STREET,9 Avenue,Broadway,WB
38417,Manhattan,2025,1,8,11,15,9,270732,POINT (1008459.9025107967 256754.97560910846),WEST 219 STREET,9 Avenue,Broadway,WB
38417,Manhattan,2025,1,8,11,30,15,270732,POINT (1008459.9025107967 256754.97560910846),WEST 219 STREET,9 Avenue,Broadway,WB
38417,Manhattan,2025,1,8,11,45,13,270732,POINT (1008459.9025107967 256754.97560910846),WEST 219 STREET,9 Avenue,Broadway,WB
38417,Manhattan,2025,1,8,12,0,19,270732,POINT (1008459.9025107967 256754.97560910846),WEST 219 STREET,9 Avenue,Broadway,WB
38417,Manhattan,2025,1,8,12,15,27,270732,POINT (1008459.9025107967 256754.97560910846),WEST 219 STREET,9 Avenue,Broadway,WB
38417,Manhattan,2025,1,8,12,30,27,270732,POINT (1008459.9025107967 256754.97560910846),WEST 219 STREET,9 Avenue,Broadway,WB
38417,Manhattan,2025,1,8,12,45,9,270732,POINT (1008459.9025107967 256754.97560910846),WEST 219 STREET,9 Avenue,Broadway,WB
38417,Manhattan,2025,1,8,13,0,5,270732,POINT (1008459.9025107967 256754.97560910846),WEST 219 STREET,9 Avenue,Broadway,WB
38417,Manhattan,2025,1,8,13,15,5,270732,POINT (1008459.9025107967 256754.97560910846),WEST 219 STREET,9 Avenue,Broadway,WB
38417,Manhattan,2025,1,8,13,30,7,270732,POINT (1008459.9025107967 256754.97560910846),WEST 219 STREET,9 Avenue,Broadway,WB
38417,Manhattan,2025,1,8,13,45,14,270732,POINT (1008459.9025107967 256754.97560910846),WEST 219 STREET,9 Avenue,Broadway,WB
38417,Manhattan,2025,1,8,14,0,10,270732,POINT (1008459.9025107967 256754.97560910846),WEST 219 STREET,9 Avenue,Broadway,WB
38417,Manhattan,2025,1,8,14,15,5,270732,POINT (1008459.9025107967 256754.97560910846),WEST 219 STREET,9 Avenue,Broadway,WB
38417,Manhattan,2025,1,8,14,30,11,270732,POINT (1008459.9025107967 256754.97560910846),WEST 219 STREET,9 Avenue,Broadway,WB
38417,Manhattan,2025,1,8,14,45,6,270732,POINT (1008459.9025107967 256754.97560910846),WEST 219 STREET,9 Avenue,Broadway,WB
38417,Manhattan,2025,1,8,15,0,10,270732,POINT (1008459.9025107967 256754.97560910846),WEST 219 STREET,9 Avenue,Broadway,WB
38417,Manhattan,2025,1,8,15,15,5,270732,POINT (1008459.9025107967 256754.97560910846),WEST 219 STREET,9 Avenue,Broadway,WB
38417,Manhattan,2025,1,8,15,30,4,270732,POINT (1008459.9025107967 256754.97560910846),WEST 219 STREET,9 Avenue,Broadway,WB
38417,Manhattan,2025,1,8,15,45,5,270732,POINT (1008459.9025107967 256754.97560910846),WEST 219 STREET,9 Avenue,Broadway,WB
38417,Manhattan,2025,1,8,16,0,7,270732,POINT (1008459.9025107967 256754.97560910846),WEST 219 STREET,9 Avenue,Broadway,WB
38417,Manhattan,2025,1,8,16,15,7,270732,POINT (1008459.9025107967 256754.97560910846),WEST 219 STREET,9 Avenue,Broadway,WB
38417,Manhattan,2025,1,8,16,30,2,270732,POINT (1008459.9025107967 256754.97560910846),WEST 219 STREET,9 Avenue,Broadway,WB
38417,Manhattan,2025,1,8,16,45,1,270732,POINT (1008459.9025107967 256754.97560910846),WEST 219 STREET,9 Avenue,Broadway,WB
38417,Manhattan,2025,1,8,17,0,2,270732,POINT (1008459.9025107967 256754.97560910846),WEST 219 STREET,9 Avenue,Broadway,WB
38417,Manhattan,2025,1,8,17,15,1,270732,POINT (1008459.9025107967 256754.97560910846),WEST 219 STREET,9 Avenue,Broadway,WB
38417,Manhattan,2025,1,8,17,30,4,270732,POINT (1008459.9025107967 256754.97560910846),WEST 219 STREET,9 Avenue,Broadway,WB
38417,Manhattan,2025,1,8,17,45,3,270732,POINT (1008459.9025107967 256754.97560910846),WEST 219 STREET,9 Avenue,Broadway,WB
38417,Manhattan,2025,1,8,18,0,4,270732,POINT (1008459.9025107967 256754.97560910846),WEST 219 STREET,9 Avenue,Broadway,WB
38417,Manhattan,2025,1,8,18,15,4,270732,POINT (1008459.9025107967 256754.97560910846),WEST 219 STREET,9 Avenue,Broadway,WB
38417,Manhattan,2025,1,8,18,30,5,270732,POINT (1008459.9025107967 256754.97560910846),WEST 219 STREET,9 Avenue,Broadway,WB
38417,Manhattan,2025,1,8,18,45,7,270732,POINT (1008459.9025107967 256754.97560910846),WEST 219 STREET,9 Avenue,Broadway,WB
38417,Manhattan,2025,1,8,19,0,6,270732,POINT (1008459.9025107967 256754.97560910846),WEST 219 STREET,9 Avenue,Broadway,WB
38417,Manhattan,2025,1,8,19,15,5,270732,POINT (1008459.9025107967 256754.97560910846),WEST 219 STREET,9 Avenue,Broadway,WB
38417,Manhattan,2025,1,8,19,30,5,270732,POINT (1008459.9025107967 256754.97560910846),WEST 219 STREET,9 Avenue,Broadway,WB
38417,Manhattan,2025,1,8,19,45,1,270732,POINT (1008459.9025107967 256754.97560910846),WEST 219 STREET,9 Avenue,Broadway,WB
38417,Manhattan,2025,1,8,20,0,4,270732,POINT (1008459.9025107967 256754.97560910846),WEST 219 STREET,9 Avenue,Broadway,WB
38417,Manhattan,2025,1,8,20,15,7,270732,POINT (1008459.9025107967 256754.97560910846),WEST 219 STREET,9 Avenue,Broadway,WB
38417,Manhattan,2025,1,8,20,30,4,270732,POINT (1008459.9025107967 256754.97560910846),WEST 219 STREET,9 Avenue,Broadway,WB
38417,Manhattan,2025,1,8,20,45,3,270732,POINT (1008459.9025107967 256754.97560910846),WEST 219 STREET,9 Avenue,Broadway,WB
38417,Manhattan,2025,1,8,21,0,3,270732,POINT (1008459.9025107967 256754.97560910846),WEST 219 STREET,9 Avenue,Broadway,WB
38417,Manhattan,2025,1,8,21,15,2,270732,POINT (1008459.9025107967 256754.97560910846),WEST 219 STREET,9 Avenue,Broadway,WB
38417,Manhattan,2025,1,8,21,30,0,270732,POINT (1008459.9025107967 256754.97560910846),WEST 219 STREET,9 Avenue,Broadway,WB
38417,Manhattan,2025,1,8,21,45,1,270732,POINT (1008459.9025107967 256754.97560910846),WEST 219 STREET,9 Avenue,Broadway,WB
38417,Manhattan,2025,1,8,22,0,3,270732,POINT (1008459.9025107967 256754.97560910846),WEST 219 STREET,9 Avenue,Broadway,WB
38417,Manhattan,2025,1,8,22,15,2,270732,POINT (1008459.9025107967 256754.97560910846),WEST 219 STREET,9 Avenue,Broadway,WB
38417,Manhattan,2025,1,8,22,30,1,270732,POINT (1008459.9025107967 256754.97560910846),WEST 219 STREET,9 Avenue,Broadway,WB
38417,Manhattan,2025,1,8,22,45,1,270732,POINT (1008459.9025107967 256754.97560910846),WEST 219 STREET,9 Avenue,Broadway,WB
38417,Manhattan,2025,1,8,23,0,3,270732,POINT (1008459.9025107967 256754.97560910846),WEST 219 STREET,9 Avenue,Broadway,WB
38417,Manhattan,2025,1,8,23,15,6,270732,POINT (1008459.9025107967 256754.97560910846),WEST 219 STREET,9 Avenue,Broadway,WB
38417,Manhattan,2025,1,8,23,30,0,270732,POINT (1008459.9025107967 256754.97560910846),WEST 219 STREET,9 Avenue,Broadway,WB
38417,Manhattan,2025,1,8,23,45,3,270732,POINT (1008459.9025107967 256754.97560910846),WEST 219 STREET,9 Avenue,Broadway,WB
38417,Manhattan,2025,1,9,0,0,0,270732,POINT (1008459.9025107967 256754.97560910846),WEST 219 STREET,9 Avenue,Broadway,WB
38417,Manhattan,2025,1,9,0,15,1,270732,POINT (1008459.9025107967 256754.97560910846),WEST 219 STREET,9 Avenue,Broadway,WB
38417,Manhattan,2025,1,9,0,30,1,270732,POINT (1008459.9025107967 256754.97560910846),WEST 219 STREET,9 Avenue,Broadway,WB
38417,Manhattan,2025,1,9,0,45,0,270732,POINT (1008459.9025107967 256754.97560910846),WEST 219 STREET,9 Avenue,Broadway,WB
38417,Manhattan,2025,1,9,1,0,2,270732,POINT (1008459.9025107967 256754.97560910846),WEST 219 STREET,9 Avenue,Broadway,WB
38417,Manhattan,2025,1,9,1,15,0,270732,POINT (1008459.9025107967 256754.97560910846),WEST 219 STREET,9 Avenue,Broadway,WB
38417,Manhattan,2025,1,9,1,30,0,270732,POINT (1008459.9025107967 256754.97560910846),WEST 219 STREET,9 Avenue,Broadway,WB
38417,Manhattan,2025,1,9,1,45,0,270732,POINT (1008459.9025107967 256754.97560910846),WEST 219 STREET,9 Avenue,Broadway,WB
38417,Manhattan,2025,1,9,2,0,0,270732,POINT (1008459.9025107967 256754.97560910846),WEST 219 STREET,9 Avenue,Broadway,WB
38417,Manhattan,2025,1,9,2,15,0,270732,POINT (1008459.9025107967 256754.97560910846),WEST 219 STREET,9 Avenue,Broadway,WB
38417,Manhattan,2025,1,9,2,30,1,270732,POINT (1008459.9025107967 256754.97560910846),WEST 219 STREET,9 Avenue,Broadway,WB
38417,Manhattan,2025,1,9,2,45,0,270732,POINT (1008459.9025107967 256754.97560910846),WEST 219 STREET,9 Avenue,Broadway,WB
38417,Manhattan,2025,1,9,3,0,1,270732,POINT (1008459.9025107967 256754.97560910846),WEST 219 STREET,9 Avenue,Broadway,WB
38417,Manhattan,2025,1,9,3,15,0,270732,POINT (1008459.9025107967 256754.97560910846),WEST 219 STREET,9 Avenue,Broadway,WB
38417,Manhattan,2025,1,6,8,0,23,270737,POINT (1008596.5182406532 256975.83816137625),WEST 220 STREET,Broadway,9 Avenue,EB
38417,Manhattan,2025,1,6,8,15,18,270737,POINT (1008596.5182406532 256975.83816137625),WEST 220 STREET,Broadway,9 Avenue,EB
38417,Manhattan,2025,1,6,8,30,21,270737,POINT (1008596.5182406532 256975.83816137625),WEST 220 STREET,Broadway,9 Avenue,EB
38417,Manhattan,2025,1,6,8,45,27,270737,POINT (1008596.5182406532 256975.83816137625),WEST 220 STREET,Broadway,9 Avenue,EB
38417,Manhattan,2025,1,6,9,0,27,270737,POINT (1008596.5182406532 256975.83816137625),WEST 220 STREET,Broadway,9 Avenue,EB
38417,Manhattan,2025,1,6,9,15,23,270737,POINT (1008596.5182406532 256975.83816137625),WEST 220 STREET,Broadway,9 Avenue,EB
38417,Manhattan,2025,1,6,9,30,16,270737,POINT (1008596.5182406532 256975.83816137625),WEST 220 STREET,Broadway,9 Avenue,EB
38417,Manhattan,2025,1,6,9,45,16,270737,POINT (1008596.5182406532 256975.83816137625),WEST 220 STREET,Broadway,9 Avenue,EB
38417,Manhattan,2025,1,6,10,0,12,270737,POINT (1008596.5182406532 256975.83816137625),WEST 220 STREET,Broadway,9 Avenue,EB
38417,Manhattan,2025,1,6,10,15,11,270737,POINT (1008596.5182406532 256975.83816137625),WEST 220 STREET,Broadway,9 Avenue,EB
38417,Manhattan,2025,1,6,10,30,15,270737,POINT (1008596.5182406532 256975.83816137625),WEST 220 STREET,Broadway,9 Avenue,EB
38417,Manhattan,2025,1,6,10,45,20,270737,POINT (1008596.5182406532 256975.83816137625),WEST 220 STREET,Broadway,9 Avenue,EB
38417,Manhattan,2025,1,6,11,0,13,270737,POINT (1008596.5182406532 256975.83816137625),WEST 220 STREET,Broadway,9 Avenue,EB
38417,Manhattan,2025,1,6,11,15,15,270737,POINT (1008596.5182406532 256975.83816137625),WEST 220 STREET,Broadway,9 Avenue,EB
38417,Manhattan,2025,1,6,11,30,14,270737,POINT (1008596.5182406532 256975.83816137625),WEST 220 STREET,Broadway,9 Avenue,EB
38417,Manhattan,2025,1,6,11,45,9,270737,POINT (1008596.5182406532 256975.83816137625),WEST 220 STREET,Broadway,9 Avenue,EB
38417,Manhattan,2025,1,6,12,0,15,270737,POINT (1008596.5182406532 256975.83816137625),WEST 220 STREET,Broadway,9 Avenue,EB
38417,Manhattan,2025,1,6,12,15,14,270737,POINT (1008596.5182406532 256975.83816137625),WEST 220 STREET,Broadway,9 Avenue,EB
38417,Manhattan,2025,1,6,12,30,14,270737,POINT (1008596.5182406532 256975.83816137625),WEST 220 STREET,Broadway,9 Avenue,EB
38417,Manhattan,2025,1,6,12,45,17,270737,POINT (1008596.5182406532 256975.83816137625),WEST 220 STREET,Broadway,9 Avenue,EB
38417,Manhattan,2025,1,6,13,0,25,270737,POINT (1008596.5182406532 256975.83816137625),WEST 220 STREET,Broadway,9 Avenue,EB
38417,Manhattan,2025,1,6,13,15,24,270737,POINT (1008596.5182406532 256975.83816137625),WEST 220 STREET,Broadway,9 Avenue,EB
38417,Manhattan,2025,1,6,13,30,24,270737,POINT (1008596.5182406532 256975.83816137625),WEST 220 STREET,Broadway,9 Avenue,EB
38417,Manhattan,2025,1,6,13,45,20,270737,POINT (1008596.5182406532 256975.83816137625),WEST 220 STREET,Broadway,9 Avenue,EB
38417,Manhattan,2025,1,6,14,0,21,270737,POINT (1008596.5182406532 256975.83816137625),WEST 220 STREET,Broadway,9 Avenue,EB
38417,Manhattan,2025,1,6,14,15,28,270737,POINT (1008596.5182406532 256975.83816137625),WEST 220 STREET,Broadway,9 Avenue,EB
38417,Manhattan,2025,1,6,14,30,26,270737,POINT (1008596.5182406532 256975.83816137625),WEST 220 STREET,Broadway,9 Avenue,EB
38417,Manhattan,2025,1,6,14,45,40,270737,POINT (1008596.5182406532 256975.83816137625),WEST 220 STREET,Broadway,9 Avenue,EB
38417,Manhattan,2025,1,6,15,0,61,270737,POINT (1008596.5182406532 256975.83816137625),WEST 220 STREET,Broadway,9 Avenue,EB
38417,Manhattan,2025,1,6,15,15,83,270737,POINT (1008596.5182406532 256975.83816137625),WEST 220 STREET,Broadway,9 Avenue,EB
38417,Manhattan,2025,1,6,15,30,82,270737,POINT (1008596.5182406532 256975.83816137625),WEST 220 STREET,Broadway,9 Avenue,EB
38417,Manhattan,2025,1,6,15,45,44,270737,POINT (1008596.5182406532 256975.83816137625),WEST 220 STREET,Broadway,9 Avenue,EB
38417,Manhattan,2025,1,6,16,0,23,270737,POINT (1008596.5182406532 256975.83816137625),WEST 220 STREET,Broadway,9 Avenue,EB
38417,Manhattan,2025,1,6,16,15,32,270737,POINT (1008596.5182406532 256975.83816137625),WEST 220 STREET,Broadway,9 Avenue,EB
38417,Manhattan,2025,1,6,16,30,27,270737,POINT (1008596.5182406532 256975.83816137625),WEST 220 STREET,Broadway,9 Avenue,EB
38417,Manhattan,2025,1,6,16,45,16,270737,POINT (1008596.5182406532 256975.83816137625),WEST 220 STREET,Broadway,9 Avenue,EB
38417,Manhattan,2025,1,6,17,0,10,270737,POINT (1008596.5182406532 256975.83816137625),WEST 220 STREET,Broadway,9 Avenue,EB
38417,Manhattan,2025,1,6,17,15,7,270737,POINT (1008596.5182406532 256975.83816137625),WEST 220 STREET,Broadway,9 Avenue,EB
38417,Manhattan,2025,1,6,17,30,15,270737,POINT (1008596.5182406532 256975.83816137625),WEST 220 STREET,Broadway,9 Avenue,EB
38417,Manhattan,2025,1,6,17,45,14,270737,POINT (1008596.5182406532 256975.83816137625),WEST 220 STREET,Broadway,9 Avenue,EB
38417,Manhattan,2025,1,6,18,0,6,270737,POINT (1008596.5182406532 256975.83816137625),WEST 220 STREET,Broadway,9 Avenue,EB
38417,Manhattan,2025,1,6,18,15,11,270737,POINT (1008596.5182406532 256975.83816137625),WEST 220 STREET,Broadway,9 Avenue,EB
38417,Manhattan,2025,1,6,18,30,9,270737,POINT (1008596.5182406532 256975.83816137625),WEST 220 STREET,Broadway,9 Avenue,EB
38417,Manhattan,2025,1,6,18,45,12,270737,POINT (1008596.5182406532 256975.83816137625),WEST 220 STREET,Broadway,9 Avenue,EB
38417,Manhattan,2025,1,6,19,0,9,270737,POINT (1008596.5182406532 256975.83816137625),WEST 220 STREET,Broadway,9 Avenue,EB
38417,Manhattan,2025,1,6,19,15,7,270737,POINT (1008596.5182406532 256975.83816137625),WEST 220 STREET,Broadway,9 Avenue,EB
38417,Manhattan,2025,1,6,19,30,5,270737,POINT (1008596.5182406532 256975.83816137625),WEST 220 STREET,Broadway,9 Avenue,EB
38417,Manhattan,2025,1,6,19,45,5,270737,POINT (1008596.5182406532 256975.83816137625),WEST 220 STREET,Broadway,9 Avenue,EB
38417,Manhattan,2025,1,6,20,0,10,270737,POINT (1008596.5182406532 256975.83816137625),WEST 220 STREET,Broadway,9 Avenue,EB
38417,Manhattan,2025,1,6,20,15,8,270737,POINT (1008596.5182406532 256975.83816137625),WEST 220 STREET,Broadway,9 Avenue,EB
38417,Manhattan,2025,1,6,20,30,9,270737,POINT (1008596.5182406532 256975.83816137625),WEST 220 STREET,Broadway,9 Avenue,EB
38417,Manhattan,2025,1,6,20,45,11,270737,POINT (1008596.5182406532 256975.83816137625),WEST 220 STREET,Broadway,9 Avenue,EB
38417,Manhattan,2025,1,6,21,0,12,270737,POINT (1008596.5182406532 256975.83816137625),WEST 220 STREET,Broadway,9 Avenue,EB
38417,Manhattan,2025,1,6,21,15,12,270737,POINT (1008596.5182406532 256975.83816137625),WEST 220 STREET,Broadway,9 Avenue,EB
38417,Manhattan,2025,1,6,21,30,10,270737,POINT (1008596.5182406532 256975.83816137625),WEST 220 STREET,Broadway,9 Avenue,EB
38417,Manhattan,2025,1,6,21,45,12,270737,POINT (1008596.5182406532 256975.83816137625),WEST 220 STREET,Broadway,9 Avenue,EB
38417,Manhattan,2025,1,6,22,0,6,270737,POINT (1008596.5182406532 256975.83816137625),WEST 220 STREET,Broadway,9 Avenue,EB
38417,Manhattan,2025,1,6,22,15,6,270737,POINT (1008596.5182406532 256975.83816137625),WEST 220 STREET,Broadway,9 Avenue,EB
38417,Manhattan,2025,1,6,22,30,6,270737,POINT (1008596.5182406532 256975.83816137625),WEST 220 STREET,Broadway,9 Avenue,EB
38417,Manhattan,2025,1,6,22,45,6,270737,POINT (1008596.5182406532 256975.83816137625),WEST 220 STREET,Broadway,9 Avenue,EB
38417,Manhattan,2025,1,6,23,0,12,270737,POINT (1008596.5182406532 256975.83816137625),WEST 220 STREET,Broadway,9 Avenue,EB
38417,Manhattan,2025,1,6,23,15,7,270737,POINT (1008596.5182406532 256975.83816137625),WEST 220 STREET,Broadway,9 Avenue,EB
38417,Manhattan,2025,1,6,23,30,8,270737,POINT (1008596.5182406532 256975.83816137625),WEST 220 STREET,Broadway,9 Avenue,EB
38417,Manhattan,2025,1,6,23,45,8,270737,POINT (1008596.5182406532 256975.83816137625),WEST 220 STREET,Broadway,9 Avenue,EB
38417,Manhattan,2025,1,7,0,0,4,270737,POINT (1008596.5182406532 256975.83816137625),WEST 220 STREET,Broadway,9 Avenue,EB
38417,Manhattan,2025,1,7,0,15,3,270737,POINT (1008596.5182406532 256975.83816137625),WEST 220 STREET,Broadway,9 Avenue,EB
38417,Manhattan,2025,1,7,0,30,4,270737,POINT (1008596.5182406532 256975.83816137625),WEST 220 STREET,Broadway,9 Avenue,EB
38417,Manhattan,2025,1,7,0,45,3,270737,POINT (1008596.5182406532 256975.83816137625),WEST 220 STREET,Broadway,9 Avenue,EB
38417,Manhattan,2025,1,7,1,0,4,270737,POINT (1008596.5182406532 256975.83816137625),WEST 220 STREET,Broadway,9 Avenue,EB
38417,Manhattan,2025,1,7,1,15,4,270737,POINT (1008596.5182406532 256975.83816137625),WEST 220 STREET,Broadway,9 Avenue,EB
38417,Manhattan,2025,1,7,1,30,3,270737,POINT (1008596.5182406532 256975.83816137625),WEST 220 STREET,Broadway,9 Avenue,EB
38417,Manhattan,2025,1,7,1,45,1,270737,POINT (1008596.5182406532 256975.83816137625),WEST 220 STREET,Broadway,9 Avenue,EB
38417,Manhattan,2025,1,7,2,0,4,270737,POINT (1008596.5182406532 256975.83816137625),WEST 220 STREET,Broadway,9 Avenue,EB
38417,Manhattan,2025,1,7,2,15,1,270737,POINT (1008596.5182406532 256975.83816137625),WEST 220 STREET,Broadway,9 Avenue,EB
38417,Manhattan,2025,1,7,2,30,2,270737,POINT (1008596.5182406532 256975.83816137625),WEST 220 STREET,Broadway,9 Avenue,EB
38417,Manhattan,2025,1,7,2,45,2,270737,POINT (1008596.5182406532 256975.83816137625),WEST 220 STREET,Broadway,9 Avenue,EB
38417,Manhattan,2025,1,7,3,0,0,270737,POINT (1008596.5182406532 256975.83816137625),WEST 220 STREET,Broadway,9 Avenue,EB
38417,Manhattan,2025,1,7,3,15,3,270737,POINT (1008596.5182406532 256975.83816137625),WEST 220 STREET,Broadway,9 Avenue,EB
38417,Manhattan,2025,1,7,3,30,7,270737,POINT (1008596.5182406532 256975.83816137625),WEST 220 STREET,Broadway,9 Avenue,EB
38417,Manhattan,2025,1,7,3,45,3,270737,POINT (1008596.5182406532 256975.83816137625),WEST 220 STREET,Broadway,9 Avenue,EB
38417,Manhattan,2025,1,7,4,0,5,270737,POINT (1008596.5182406532 256975.83816137625),WEST 220 STREET,Broadway,9 Avenue,EB
38417,Manhattan,2025,1,7,4,15,5,270737,POINT (1008596.5182406532 256975.83816137625),WEST 220 STREET,Broadway,9 Avenue,EB
38417,Manhattan,2025,1,7,4,30,14,270737,POINT (1008596.5182406532 256975.83816137625),WEST 220 STREET,Broadway,9 Avenue,EB
38417,Manhattan,2025,1,7,4,45,8,270737,POINT (1008596.5182406532 256975.83816137625),WEST 220 STREET,Broadway,9 Avenue,EB
38417,Manhattan,2025,1,7,5,0,13,270737,POINT (1008596.5182406532 256975.83816137625),WEST 220 STREET,Broadway,9 Avenue,EB
38417,Manhattan,2025,1,7,5,15,19,270737,POINT (1008596.5182406532 256975.83816137625),WEST 220 STREET,Broadway,9 Avenue,EB
38417,Manhattan,2025,1,7,5,30,23,270737,POINT (1008596.5182406532 256975.83816137625),WEST 220 STREET,Broadway,9 Avenue,EB
38417,Manhattan,2025,1,7,5,45,39,270737,POINT (1008596.5182406532 256975.83816137625),WEST 220 STREET,Broadway,9 Avenue,EB
38417,Manhattan,2025,1,7,6,0,32,270737,POINT (1008596.5182406532 256975.83816137625),WEST 220 STREET,Broadway,9 Avenue,EB
38417,Manhattan,2025,1,7,6,15,32,270737,POINT (1008596.5182406532 256975.83816137625),WEST 220 STREET,Broadway,9 Avenue,EB
38417,Manhattan,2025,1,7,6,30,31,270737,POINT (1008596.5182406532 256975.83816137625),WEST 220 STREET,Broadway,9 Avenue,EB
38417,Manhattan,2025,1,7,6,45,50,270737,POINT (1008596.5182406532 256975.83816137625),WEST 220 STREET,Broadway,9 Avenue,EB
38417,Manhattan,2025,1,7,7,0,86,270737,POINT (1008596.5182406532 256975.83816137625),WEST 220 STREET,Broadway,9 Avenue,EB
38417,Manhattan,2025,1,7,7,15,122,270737,POINT (1008596.5182406532 256975.83816137625),WEST 220 STREET,Broadway,9 Avenue,EB
38417,Manhattan,2025,1,7,7,30,138,270737,POINT (1008596.5182406532 256975.83816137625),WEST 220 STREET,Broadway,9 Avenue,EB
38417,Manhattan,2025,1,7,7,45,46,270737,POINT (1008596.5182406532 256975.83816137625),WEST 220 STREET,Broadway,9 Avenue,EB
38417,Manhattan,2025,1,7,8,0,21,270737,POINT (1008596.5182406532 256975.83816137625),WEST 220 STREET,Broadway,9 Avenue,EB
38417,Manhattan,2025,1,7,8,15,26,270737,POINT (1008596.5182406532 256975.83816137625),WEST 220 STREET,Broadway,9 Avenue,EB
38417,Manhattan,2025,1,7,8,30,29,270737,POINT (1008596.5182406532 256975.83816137625),WEST 220 STREET,Broadway,9 Avenue,EB
38417,Manhattan,2025,1,7,8,45,29,270737,POINT (1008596.5182406532 256975.83816137625),WEST 220 STREET,Broadway,9 Avenue,EB
38417,Manhattan,2025,1,7,9,0,23,270737,POINT (1008596.5182406532 256975.83816137625),WEST 220 STREET,Broadway,9 Avenue,EB
38417,Manhattan,2025,1,7,9,15,25,270737,POINT (1008596.5182406532 256975.83816137625),WEST 220 STREET,Broadway,9 Avenue,EB
38417,Manhattan,2025,1,7,9,30,26,270737,POINT (1008596.5182406532 256975.83816137625),WEST 220 STREET,Broadway,9 Avenue,EB
38417,Manhattan,2025,1,7,9,45,36,270737,POINT (1008596.5182406532 256975.83816137625),WEST 220 STREET,Broadway,9 Avenue,EB
38417,Manhattan,2025,1,7,10,0,20,270737,POINT (1008596.5182406532 256975.83816137625),WEST 220 STREET,Broadway,9 Avenue,EB
38417,Manhattan,2025,1,7,10,15,31,270737,POINT (1008596.5182406532 256975.83816137625),WEST 220 STREET,Broadway,9 Avenue,EB
38417,Manhattan,2025,1,7,10,30,14,270737,POINT (1008596.5182406532 256975.83816137625),WEST 220 STREET,Broadway,9 Avenue,EB
38417,Manhattan,2025,1,7,10,45,22,270737,POINT (1008596.5182406532 256975.83816137625),WEST 220 STREET,Broadway,9 Avenue,EB
38417,Manhattan,2025,1,7,11,0,20,270737,POINT (1008596.5182406532 256975.83816137625),WEST 220 STREET,Broadway,9 Avenue,EB
38417,Manhattan,2025,1,7,11,15,28,270737,POINT (1008596.5182406532 256975.83816137625),WEST 220 STREET,Broadway,9 Avenue,EB
38417,Manhattan,2025,1,7,11,30,22,270737,POINT (1008596.5182406532 256975.83816137625),WEST 220 STREET,Broadway,9 Avenue,EB
38417,Manhattan,2025,1,7,11,45,23,270737,POINT (1008596.5182406532 256975.83816137625),WEST 220 STREET,Broadway,9 Avenue,EB
38417,Manhattan,2025,1,7,12,0,25,270737,POINT (1008596.5182406532 256975.83816137625),WEST 220 STREET,Broadway,9 Avenue,EB
38417,Manhattan,2025,1,7,12,15,27,270737,POINT (1008596.5182406532 256975.83816137625),WEST 220 STREET,Broadway,9 Avenue,EB
38417,Manhattan,2025,1,7,12,30,23,270737,POINT (1008596.5182406532 256975.83816137625),WEST 220 STREET,Broadway,9 Avenue,EB
38417,Manhattan,2025,1,7,12,45,19,270737,POINT (1008596.5182406532 256975.83816137625),WEST 220 STREET,Broadway,9 Avenue,EB
38417,Manhattan,2025,1,7,13,0,14,270737,POINT (1008596.5182406532 256975.83816137625),WEST 220 STREET,Broadway,9 Avenue,EB
38417,Manhattan,2025,1,7,13,15,26,270737,POINT (1008596.5182406532 256975.83816137625),WEST 220 STREET,Broadway,9 Avenue,EB
38417,Manhattan,2025,1,7,13,30,26,270737,POINT (1008596.5182406532 256975.83816137625),WEST 220 STREET,Broadway,9 Avenue,EB
38417,Manhattan,2025,1,7,13,45,22,270737,POINT (1008596.5182406532 256975.83816137625),WEST 220 STREET,Broadway,9 Avenue,EB
38417,Manhattan,2025,1,7,14,0,27,270737,POINT (1008596.5182406532 256975.83816137625),WEST 220 STREET,Broadway,9 Avenue,EB
38417,Manhattan,2025,1,7,14,15,23,270737,POINT (1008596.5182406532 256975.83816137625),WEST 220 STREET,Broadway,9 Avenue,EB
38417,Manhattan,2025,1,7,14,30,35,270737,POINT (1008596.5182406532 256975.83816137625),WEST 220 STREET,Broadway,9 Avenue,EB
38417,Manhattan,2025,1,7,14,45,36,270737,POINT (1008596.5182406532 256975.83816137625),WEST 220 STREET,Broadway,9 Avenue,EB
38417,Manhattan,2025,1,7,15,0,56,270737,POINT (1008596.5182406532 256975.83816137625),WEST 220 STREET,Broadway,9 Avenue,EB
38417,Manhattan,2025,1,7,15,15,67,270737,POINT (1008596.5182406532 256975.83816137625),WEST 220 STREET,Broadway,9 Avenue,EB
38417,Manhattan,2025,1,7,15,30,77,270737,POINT (1008596.5182406532 256975.83816137625),WEST 220 STREET,Broadway,9 Avenue,EB
38417,Manhattan,2025,1,7,15,45,44,270737,POINT (1008596.5182406532 256975.83816137625),WEST 220 STREET,Broadway,9 Avenue,EB
38417,Manhattan,2025,1,7,16,0,38,270737,POINT (1008596.5182406532 256975.83816137625),WEST 220 STREET,Broadway,9 Avenue,EB
38417,Manhattan,2025,1,7,16,15,36,270737,POINT (1008596.5182406532 256975.83816137625),WEST 220 STREET,Broadway,9 Avenue,EB
38417,Manhattan,2025,1,7,16,30,34,270737,POINT (1008596.5182406532 256975.83816137625),WEST 220 STREET,Broadway,9 Avenue,EB
38417,Manhattan,2025,1,7,16,45,22,270737,POINT (1008596.5182406532 256975.83816137625),WEST 220 STREET,Broadway,9 Avenue,EB
38417,Manhattan,2025,1,7,17,0,15,270737,POINT (1008596.5182406532 256975.83816137625),WEST 220 STREET,Broadway,9 Avenue,EB
38417,Manhattan,2025,1,7,17,15,11,270737,POINT (1008596.5182406532 256975.83816137625),WEST 220 STREET,Broadway,9 Avenue,EB
38417,Manhattan,2025,1,7,17,30,18,270737,POINT (1008596.5182406532 256975.83816137625),WEST 220 STREET,Broadway,9 Avenue,EB
38417,Manhattan,2025,1,7,17,45,7,270737,POINT (1008596.5182406532 256975.83816137625),WEST 220 STREET,Broadway,9 Avenue,EB
38417,Manhattan,2025,1,7,18,0,19,270737,POINT (1008596.5182406532 256975.83816137625),WEST 220 STREET,Broadway,9 Avenue,EB
38417,Manhattan,2025,1,7,18,15,21,270737,POINT (1008596.5182406532 256975.83816137625),WEST 220 STREET,Broadway,9 Avenue,EB
38417,Manhattan,2025,1,7,18,30,21,270737,POINT (1008596.5182406532 256975.83816137625),WEST 220 STREET,Broadway,9 Avenue,EB
38417,Manhattan,2025,1,7,18,45,20,270737,POINT (1008596.5182406532 256975.83816137625),WEST 220 STREET,Broadway,9 Avenue,EB
38417,Manhattan,2025,1,7,19,0,21,270737,POINT (1008596.5182406532 256975.83816137625),WEST 220 STREET,Broadway,9 Avenue,EB
38417,Manhattan,2025,1,7,19,15,10,270737,POINT (1008596.5182406532 256975.83816137625),WEST 220 STREET,Broadway,9 Avenue,EB
38417,Manhattan,2025,1,7,19,30,12,270737,POINT (1008596.5182406532 256975.83816137625),WEST 220 STREET,Broadway,9 Avenue,EB
38417,Manhattan,2025,1,7,19,45,7,270737,POINT (1008596.5182406532 256975.83816137625),WEST 220 STREET,Broadway,9 Avenue,EB
38417,Manhattan,2025,1,7,20,0,5,270737,POINT (1008596.5182406532 256975.83816137625),WEST 220 STREET,Broadway,9 Avenue,EB
38417,Manhattan,2025,1,7,20,15,9,270737,POINT (1008596.5182406532 256975.83816137625),WEST 220 STREET,Broadway,9 Avenue,EB
38417,Manhattan,2025,1,7,20,30,1,270737,POINT (1008596.5182406532 256975.83816137625),WEST 220 STREET,Broadway,9 Avenue,EB
38417,Manhattan,2025,1,7,20,45,0,270737,POINT (1008596.5182406532 256975.83816137625),WEST 220 STREET,Broadway,9 Avenue,EB
38417,Manhattan,2025,1,7,21,0,7,270737,POINT (1008596.5182406532 256975.83816137625),WEST 220 STREET,Broadway,9 Avenue,EB
38417,Manhattan,2025,1,7,21,15,4,270737,POINT (1008596.5182406532 256975.83816137625),WEST 220 STREET,Broadway,9 Avenue,EB
38417,Manhattan,2025,1,7,21,30,12,270737,POINT (1008596.5182406532 256975.83816137625),WEST 220 STREET,Broadway,9 Avenue,EB
38417,Manhattan,2025,1,7,21,45,9,270737,POINT (1008596.5182406532 256975.83816137625),WEST 220 STREET,Broadway,9 Avenue,EB
38417,Manhattan,2025,1,7,22,0,5,270737,POINT (1008596.5182406532 256975.83816137625),WEST 220 STREET,Broadway,9 Avenue,EB
38417,Manhattan,2025,1,7,22,15,5,270737,POINT (1008596.5182406532 256975.83816137625),WEST 220 STREET,Broadway,9 Avenue,EB
38417,Manhattan,2025,1,7,22,30,16,270737,POINT (1008596.5182406532 256975.83816137625),WEST 220 STREET,Broadway,9 Avenue,EB
38417,Manhattan,2025,1,7,22,45,11,270737,POINT (1008596.5182406532 256975.83816137625),WEST 220 STREET,Broadway,9 Avenue,EB
38417,Manhattan,2025,1,7,23,0,11,270737,POINT (1008596.5182406532 256975.83816137625),WEST 220 STREET,Broadway,9 Avenue,EB
38417,Manhattan,2025,1,7,23,15,10,270737,POINT (1008596.5182406532 256975.83816137625),WEST 220 STREET,Broadway,9 Avenue,EB
38417,Manhattan,2025,1,7,23,30,8,270737,POINT (1008596.5182406532 256975.83816137625),WEST 220 STREET,Broadway,9 Avenue,EB
38417,Manhattan,2025,1,7,23,45,7,270737,POINT (1008596.5182406532 256975.83816137625),WEST 220 STREET,Broadway,9 Avenue,EB
38417,Manhattan,2025,1,8,0,0,8,270737,POINT (1008596.5182406532 256975.83816137625),WEST 220 STREET,Broadway,9 Avenue,EB
38417,Manhattan,2025,1,8,0,15,5,270737,POINT (1008596.5182406532 256975.83816137625),WEST 220 STREET,Broadway,9 Avenue,EB
38417,Manhattan,2025,1,8,0,30,5,270737,POINT (1008596.5182406532 256975.83816137625),WEST 220 STREET,Broadway,9 Avenue,EB
38417,Manhattan,2025,1,8,0,45,4,270737,POINT (1008596.5182406532 256975.83816137625),WEST 220 STREET,Broadway,9 Avenue,EB
38417,Manhattan,2025,1,8,1,0,2,270737,POINT (1008596.5182406532 256975.83816137625),WEST 220 STREET,Broadway,9 Avenue,EB
38417,Manhattan,2025,1,8,1,15,3,270737,POINT (1008596.5182406532 256975.83816137625),WEST 220 STREET,Broadway,9 Avenue,EB
38417,Manhattan,2025,1,8,1,30,3,270737,POINT (1008596.5182406532 256975.83816137625),WEST 220 STREET,Broadway,9 Avenue,EB
38417,Manhattan,2025,1,8,1,45,0,270737,POINT (1008596.5182406532 256975.83816137625),WEST 220 STREET,Broadway,9 Avenue,EB
38417,Manhattan,2025,1,8,2,0,2,270737,POINT (1008596.5182406532 256975.83816137625),WEST 220 STREET,Broadway,9 Avenue,EB
38417,Manhattan,2025,1,8,2,15,1,270737,POINT (1008596.5182406532 256975.83816137625),WEST 220 STREET,Broadway,9 Avenue,EB
38417,Manhattan,2025,1,8,2,30,6,270737,POINT (1008596.5182406532 256975.83816137625),WEST 220 STREET,Broadway,9 Avenue,EB
38417,Manhattan,2025,1,8,2,45,1,270737,POINT (1008596.5182406532 256975.83816137625),WEST 220 STREET,Broadway,9 Avenue,EB
38417,Manhattan,2025,1,8,3,0,0,270737,POINT (1008596.5182406532 256975.83816137625),WEST 220 STREET,Broadway,9 Avenue,EB
38417,Manhattan,2025,1,8,3,15,3,270737,POINT (1008596.5182406532 256975.83816137625),WEST 220 STREET,Broadway,9 Avenue,EB
38417,Manhattan,2025,1,8,3,30,4,270737,POINT (1008596.5182406532 256975.83816137625),WEST 220 STREET,Broadway,9 Avenue,EB
38417,Manhattan,2025,1,8,3,45,1,270737,POINT (1008596.5182406532 256975.83816137625),WEST 220 STREET,Broadway,9 Avenue,EB
38417,Manhattan,2025,1,8,4,0,5,270737,POINT (1008596.5182406532 256975.83816137625),WEST 220 STREET,Broadway,9 Avenue,EB
38417,Manhattan,2025,1,8,4,15,4,270737,POINT (1008596.5182406532 256975.83816137625),WEST 220 STREET,Broadway,9 Avenue,EB
38417,Manhattan,2025,1,8,4,30,17,270737,POINT (1008596.5182406532 256975.83816137625),WEST 220 STREET,Broadway,9 Avenue,EB
38417,Manhattan,2025,1,8,4,45,12,270737,POINT (1008596.5182406532 256975.83816137625),WEST 220 STREET,Broadway,9 Avenue,EB
38417,Manhattan,2025,1,8,5,0,12,270737,POINT (1008596.5182406532 256975.83816137625),WEST 220 STREET,Broadway,9 Avenue,EB
38417,Manhattan,2025,1,8,5,15,15,270737,POINT (1008596.5182406532 256975.83816137625),WEST 220 STREET,Broadway,9 Avenue,EB
38417,Manhattan,2025,1,8,5,30,32,270737,POINT (1008596.5182406532 256975.83816137625),WEST 220 STREET,Broadway,9 Avenue,EB
38417,Manhattan,2025,1,8,5,45,33,270737,POINT (1008596.5182406532 256975.83816137625),WEST 220 STREET,Broadway,9 Avenue,EB
38417,Manhattan,2025,1,8,6,0,30,270737,POINT (1008596.5182406532 256975.83816137625),WEST 220 STREET,Broadway,9 Avenue,EB
38417,Manhattan,2025,1,8,6,15,37,270737,POINT (1008596.5182406532 256975.83816137625),WEST 220 STREET,Broadway,9 Avenue,EB
38417,Manhattan,2025,1,8,6,30,31,270737,POINT (1008596.5182406532 256975.83816137625),WEST 220 STREET,Broadway,9 Avenue,EB
38417,Manhattan,2025,1,8,6,45,54,270737,POINT (1008596.5182406532 256975.83816137625),WEST 220 STREET,Broadway,9 Avenue,EB
38417,Manhattan,2025,1,8,7,0,69,270737,POINT (1008596.5182406532 256975.83816137625),WEST 220 STREET,Broadway,9 Avenue,EB
38417,Manhattan,2025,1,8,7,15,142,270737,POINT (1008596.5182406532 256975.83816137625),WEST 220 STREET,Broadway,9 Avenue,EB
38417,Manhattan,2025,1,8,7,30,133,270737,POINT (1008596.5182406532 256975.83816137625),WEST 220 STREET,Broadway,9 Avenue,EB
38417,Manhattan,2025,1,8,7,45,37,270737,POINT (1008596.5182406532 256975.83816137625),WEST 220 STREET,Broadway,9 Avenue,EB
38417,Manhattan,2025,1,8,8,0,24,270737,POINT (1008596.5182406532 256975.83816137625),WEST 220 STREET,Broadway,9 Avenue,EB
38417,Manhattan,2025,1,8,8,15,25,270737,POINT (1008596.5182406532 256975.83816137625),WEST 220 STREET,Broadway,9 Avenue,EB
38417,Manhattan,2025,1,8,8,30,28,270737,POINT (1008596.5182406532 256975.83816137625),WEST 220 STREET,Broadway,9 Avenue,EB
38417,Manhattan,2025,1,8,8,45,23,270737,POINT (1008596.5182406532 256975.83816137625),WEST 220 STREET,Broadway,9 Avenue,EB
38417,Manhattan,2025,1,8,9,0,21,270737,POINT (1008596.5182406532 256975.83816137625),WEST 220 STREET,Broadway,9 Avenue,EB
38417,Manhattan,2025,1,8,9,15,23,270737,POINT (1008596.5182406532 256975.83816137625),WEST 220 STREET,Broadway,9 Avenue,EB
38417,Manhattan,2025,1,8,9,30,32,270737,POINT (1008596.5182406532 256975.83816137625),WEST 220 STREET,Broadway,9 Avenue,EB
38417,Manhattan,2025,1,8,9,45,26,270737,POINT (1008596.5182406532 256975.83816137625),WEST 220 STREET,Broadway,9 Avenue,EB
38417,Manhattan,2025,1,8,10,0,20,270737,POINT (1008596.5182406532 256975.83816137625),WEST 220 STREET,Broadway,9 Avenue,EB
38417,Manhattan,2025,1,8,10,15,18,270737,POINT (1008596.5182406532 256975.83816137625),WEST 220 STREET,Broadway,9 Avenue,EB
38417,Manhattan,2025,1,8,10,30,29,270737,POINT (1008596.5182406532 256975.83816137625),WEST 220 STREET,Broadway,9 Avenue,EB
38417,Manhattan,2025,1,8,10,45,31,270737,POINT (1008596.5182406532 256975.83816137625),WEST 220 STREET,Broadway,9 Avenue,EB
38417,Manhattan,2025,1,8,11,0,30,270737,POINT (1008596.5182406532 256975.83816137625),WEST 220 STREET,Broadway,9 Avenue,EB
38417,Manhattan,2025,1,8,11,15,18,270737,POINT (1008596.5182406532 256975.83816137625),WEST 220 STREET,Broadway,9 Avenue,EB
38417,Manhattan,2025,1,8,11,30,45,270737,POINT (1008596.5182406532 256975.83816137625),WEST 220 STREET,Broadway,9 Avenue,EB
38417,Manhattan,2025,1,8,11,45,32,270737,POINT (1008596.5182406532 256975.83816137625),WEST 220 STREET,Broadway,9 Avenue,EB
38417,Manhattan,2025,1,8,12,0,57,270737,POINT (1008596.5182406532 256975.83816137625),WEST 220 STREET,Broadway,9 Avenue,EB
38417,Manhattan,2025,1,8,12,15,87,270737,POINT (1008596.5182406532 256975.83816137625),WEST 220 STREET,Broadway,9 Avenue,EB
38417,Manhattan,2025,1,8,12,30,52,270737,POINT (1008596.5182406532 256975.83816137625),WEST 220 STREET,Broadway,9 Avenue,EB
38417,Manhattan,2025,1,8,12,45,48,270737,POINT (1008596.5182406532 256975.83816137625),WEST 220 STREET,Broadway,9 Avenue,EB
38417,Manhattan,2025,1,8,13,0,17,270737,POINT (1008596.5182406532 256975.83816137625),WEST 220 STREET,Broadway,9 Avenue,EB
38417,Manhattan,2025,1,8,13,15,16,270737,POINT (1008596.5182406532 256975.83816137625),WEST 220 STREET,Broadway,9 Avenue,EB
38417,Manhattan,2025,1,8,13,30,28,270737,POINT (1008596.5182406532 256975.83816137625),WEST 220 STREET,Broadway,9 Avenue,EB
38417,Manhattan,2025,1,8,13,45,24,270737,POINT (1008596.5182406532 256975.83816137625),WEST 220 STREET,Broadway,9 Avenue,EB
38417,Manhattan,2025,1,8,14,0,25,270737,POINT (1008596.5182406532 256975.83816137625),WEST 220 STREET,Broadway,9 Avenue,EB
38417,Manhattan,2025,1,8,14,15,24,270737,POINT (1008596.5182406532 256975.83816137625),WEST 220 STREET,Broadway,9 Avenue,EB
38417,Manhattan,2025,1,8,14,30,27,270737,POINT (1008596.5182406532 256975.83816137625),WEST 220 STREET,Broadway,9 Avenue,EB
38417,Manhattan,2025,1,8,14,45,36,270737,POINT (1008596.5182406532 256975.83816137625),WEST 220 STREET,Broadway,9 Avenue,EB
38417,Manhattan,2025,1,8,15,0,38,270737,POINT (1008596.5182406532 256975.83816137625),WEST 220 STREET,Broadway,9 Avenue,EB
38417,Manhattan,2025,1,8,15,15,30,270737,POINT (1008596.5182406532 256975.83816137625),WEST 220 STREET,Broadway,9 Avenue,EB
38417,Manhattan,2025,1,8,15,30,25,270737,POINT (1008596.5182406532 256975.83816137625),WEST 220 STREET,Broadway,9 Avenue,EB
38417,Manhattan,2025,1,8,15,45,21,270737,POINT (1008596.5182406532 256975.83816137625),WEST 220 STREET,Broadway,9 Avenue,EB
38417,Manhattan,2025,1,8,16,0,25,270737,POINT (1008596.5182406532 256975.83816137625),WEST 220 STREET,Broadway,9 Avenue,EB
38417,Manhattan,2025,1,8,16,15,21,270737,POINT (1008596.5182406532 256975.83816137625),WEST 220 STREET,Broadway,9 Avenue,EB
38417,Manhattan,2025,1,8,16,30,21,270737,POINT (1008596.5182406532 256975.83816137625),WEST 220 STREET,Broadway,9 Avenue,EB
38417,Manhattan,2025,1,8,16,45,18,270737,POINT (1008596.5182406532 256975.83816137625),WEST 220 STREET,Broadway,9 Avenue,EB
38417,Manhattan,2025,1,8,17,0,8,270737,POINT (1008596.5182406532 256975.83816137625),WEST 220 STREET,Broadway,9 Avenue,EB
38417,Manhattan,2025,1,8,17,15,12,270737,POINT (1008596.5182406532 256975.83816137625),WEST 220 STREET,Broadway,9 Avenue,EB
38417,Manhattan,2025,1,8,17,30,11,270737,POINT (1008596.5182406532 256975.83816137625),WEST 220 STREET,Broadway,9 Avenue,EB
38417,Manhattan,2025,1,8,17,45,15,270737,POINT (1008596.5182406532 256975.83816137625),WEST 220 STREET,Broadway,9 Avenue,EB
38417,Manhattan,2025,1,8,18,0,14,270737,POINT (1008596.5182406532 256975.83816137625),WEST 220 STREET,Broadway,9 Avenue,EB
38417,Manhattan,2025,1,8,18,15,14,270737,POINT (1008596.5182406532 256975.83816137625),WEST 220 STREET,Broadway,9 Avenue,EB
38417,Manhattan,2025,1,8,18,30,15,270737,POINT (1008596.5182406532 256975.83816137625),WEST 220 STREET,Broadway,9 Avenue,EB
38417,Manhattan,2025,1,8,18,45,18,270737,POINT (1008596.5182406532 256975.83816137625),WEST 220 STREET,Broadway,9 Avenue,EB
38417,Manhattan,2025,1,8,19,0,19,270737,POINT (1008596.5182406532 256975.83816137625),WEST 220 STREET,Broadway,9 Avenue,EB
38417,Manhattan,2025,1,8,19,15,8,270737,POINT (1008596.5182406532 256975.83816137625),WEST 220 STREET,Broadway,9 Avenue,EB
38417,Manhattan,2025,1,8,19,30,6,270737,POINT (1008596.5182406532 256975.83816137625),WEST 220 STREET,Broadway,9 Avenue,EB
38417,Manhattan,2025,1,8,19,45,6,270737,POINT (1008596.5182406532 256975.83816137625),WEST 220 STREET,Broadway,9 Avenue,EB
38417,Manhattan,2025,1,8,20,0,7,270737,POINT (1008596.5182406532 256975.83816137625),WEST 220 STREET,Broadway,9 Avenue,EB
38417,Manhattan,2025,1,8,20,15,3,270737,POINT (1008596.5182406532 256975.83816137625),WEST 220 STREET,Broadway,9 Avenue,EB
38417,Manhattan,2025,1,8,20,30,9,270737,POINT (1008596.5182406532 256975.83816137625),WEST 220 STREET,Broadway,9 Avenue,EB
38417,Manhattan,2025,1,8,20,45,12,270737,POINT (1008596.5182406532 256975.83816137625),WEST 220 STREET,Broadway,9 Avenue,EB
38417,Manhattan,2025,1,8,21,0,8,270737,POINT (1008596.5182406532 256975.83816137625),WEST 220 STREET,Broadway,9 Avenue,EB
38417,Manhattan,2025,1,8,21,15,8,270737,POINT (1008596.5182406532 256975.83816137625),WEST 220 STREET,Broadway,9 Avenue,EB
38417,Manhattan,2025,1,8,21,30,11,270737,POINT (1008596.5182406532 256975.83816137625),WEST 220 STREET,Broadway,9 Avenue,EB
38417,Manhattan,2025,1,8,21,45,8,270737,POINT (1008596.5182406532 256975.83816137625),WEST 220 STREET,Broadway,9 Avenue,EB
38417,Manhattan,2025,1,8,22,0,7,270737,POINT (1008596.5182406532 256975.83816137625),WEST 220 STREET,Broadway,9 Avenue,EB
38417,Manhattan,2025,1,8,22,15,6,270737,POINT (1008596.5182406532 256975.83816137625),WEST 220 STREET,Broadway,9 Avenue,EB
38417,Manhattan,2025,1,8,22,30,4,270737,POINT (1008596.5182406532 256975.83816137625),WEST 220 STREET,Broadway,9 Avenue,EB
38417,Manhattan,2025,1,8,22,45,10,270737,POINT (1008596.5182406532 256975.83816137625),WEST 220 STREET,Broadway,9 Avenue,EB
38417,Manhattan,2025,1,8,23,0,9,270737,POINT (1008596.5182406532 256975.83816137625),WEST 220 STREET,Broadway,9 Avenue,EB
38417,Manhattan,2025,1,8,23,15,10,270737,POINT (1008596.5182406532 256975.83816137625),WEST 220 STREET,Broadway,9 Avenue,EB
38417,Manhattan,2025,1,8,23,30,14,270737,POINT (1008596.5182406532 256975.83816137625),WEST 220 STREET,Broadway,9 Avenue,EB
38417,Manhattan,2025,1,8,23,45,12,270737,POINT (1008596.5182406532 256975.83816137625),WEST 220 STREET,Broadway,9 Avenue,EB
38417,Manhattan,2025,1,9,0,0,4,270737,POINT (1008596.5182406532 256975.83816137625),WEST 220 STREET,Broadway,9 Avenue,EB
38417,Manhattan,2025,1,9,0,15,1,270737,POINT (1008596.5182406532 256975.83816137625),WEST 220 STREET,Broadway,9 Avenue,EB
38417,Manhattan,2025,1,9,0,30,4,270737,POINT (1008596.5182406532 256975.83816137625),WEST 220 STREET,Broadway,9 Avenue,EB
38417,Manhattan,2025,1,9,0,45,4,270737,POINT (1008596.5182406532 256975.83816137625),WEST 220 STREET,Broadway,9 Avenue,EB
38417,Manhattan,2025,1,9,1,0,3,270737,POINT (1008596.5182406532 256975.83816137625),WEST 220 STREET,Broadway,9 Avenue,EB
38417,Manhattan,2025,1,9,1,15,1,270737,POINT (1008596.5182406532 256975.83816137625),WEST 220 STREET,Broadway,9 Avenue,EB
38417,Manhattan,2025,1,9,1,30,0,270737,POINT (1008596.5182406532 256975.83816137625),WEST 220 STREET,Broadway,9 Avenue,EB
38417,Manhattan,2025,1,9,1,45,3,270737,POINT (1008596.5182406532 256975.83816137625),WEST 220 STREET,Broadway,9 Avenue,EB
38417,Manhattan,2025,1,9,2,0,3,270737,POINT (1008596.5182406532 256975.83816137625),WEST 220 STREET,Broadway,9 Avenue,EB
38417,Manhattan,2025,1,9,2,15,0,270737,POINT (1008596.5182406532 256975.83816137625),WEST 220 STREET,Broadway,9 Avenue,EB
38417,Manhattan,2025,1,9,2,30,3,270737,POINT (1008596.5182406532 256975.83816137625),WEST 220 STREET,Broadway,9 Avenue,EB
38417,Manhattan,2025,1,9,2,45,0,270737,POINT (1008596.5182406532 256975.83816137625),WEST 220 STREET,Broadway,9 Avenue,EB
38417,Manhattan,2025,1,9,3,0,1,270737,POINT (1008596.5182406532 256975.83816137625),WEST 220 STREET,Broadway,9 Avenue,EB
38417,Manhattan,2025,1,9,3,15,1,270737,POINT (1008596.5182406532 256975.83816137625),WEST 220 STREET,Broadway,9 Avenue,EB
38417,Manhattan,2025,1,9,3,30,4,270737,POINT (1008596.5182406532 256975.83816137625),WEST 220 STREET,Broadway,9 Avenue,EB
38417,Manhattan,2025,1,9,3,45,0,270737,POINT (1008596.5182406532 256975.83816137625),WEST 220 STREET,Broadway,9 Avenue,EB
38417,Manhattan,2025,1,9,4,0,2,270737,POINT (1008596.5182406532 256975.83816137625),WEST 220 STREET,Broadway,9 Avenue,EB
38417,Manhattan,2025,1,9,4,15,4,270737,POINT (1008596.5182406532 256975.83816137625),WEST 220 STREET,Broadway,9 Avenue,EB
38417,Manhattan,2025,1,9,4,30,19,270737,POINT (1008596.5182406532 256975.83816137625),WEST 220 STREET,Broadway,9 Avenue,EB
38417,Manhattan,2025,1,9,4,45,7,270737,POINT (1008596.5182406532 256975.83816137625),WEST 220 STREET,Broadway,9 Avenue,EB
38417,Manhattan,2025,1,9,5,0,6,270737,POINT (1008596.5182406532 256975.83816137625),WEST 220 STREET,Broadway,9 Avenue,EB
38417,Manhattan,2025,1,9,5,15,21,270737,POINT (1008596.5182406532 256975.83816137625),WEST 220 STREET,Broadway,9 Avenue,EB
38417,Manhattan,2025,1,9,5,30,23,270737,POINT (1008596.5182406532 256975.83816137625),WEST 220 STREET,Broadway,9 Avenue,EB
38417,Manhattan,2025,1,9,5,45,39,270737,POINT (1008596.5182406532 256975.83816137625),WEST 220 STREET,Broadway,9 Avenue,EB
38417,Manhattan,2025,1,9,6,0,27,270737,POINT (1008596.5182406532 256975.83816137625),WEST 220 STREET,Broadway,9 Avenue,EB
38417,Manhattan,2025,1,9,6,15,43,270737,POINT (1008596.5182406532 256975.83816137625),WEST 220 STREET,Broadway,9 Avenue,EB
38417,Manhattan,2025,1,9,6,30,25,270737,POINT (1008596.5182406532 256975.83816137625),WEST 220 STREET,Broadway,9 Avenue,EB
38417,Manhattan,2025,1,9,6,45,50,270737,POINT (1008596.5182406532 256975.83816137625),WEST 220 STREET,Broadway,9 Avenue,EB
38417,Manhattan,2025,1,9,7,0,83,270737,POINT (1008596.5182406532 256975.83816137625),WEST 220 STREET,Broadway,9 Avenue,EB
38417,Manhattan,2025,1,9,7,15,128,270737,POINT (1008596.5182406532 256975.83816137625),WEST 220 STREET,Broadway,9 Avenue,EB
38417,Manhattan,2025,1,9,7,30,141,270737,POINT (1008596.5182406532 256975.83816137625),WEST 220 STREET,Broadway,9 Avenue,EB
38417,Manhattan,2025,1,9,7,45,54,270737,POINT (1008596.5182406532 256975.83816137625),WEST 220 STREET,Broadway,9 Avenue,EB
38417,Manhattan,2025,1,9,8,0,22,270737,POINT (1008596.5182406532 256975.83816137625),WEST 220 STREET,Broadway,9 Avenue,EB
38417,Manhattan,2025,1,9,8,15,29,270737,POINT (1008596.5182406532 256975.83816137625),WEST 220 STREET,Broadway,9 Avenue,EB
38417,Manhattan,2025,1,9,8,30,31,270737,POINT (1008596.5182406532 256975.83816137625),WEST 220 STREET,Broadway,9 Avenue,EB
38417,Manhattan,2025,1,9,8,45,31,270737,POINT (1008596.5182406532 256975.83816137625),WEST 220 STREET,Broadway,9 Avenue,EB
38417,Manhattan,2025,1,9,9,0,17,270737,POINT (1008596.5182406532 256975.83816137625),WEST 220 STREET,Broadway,9 Avenue,EB
38417,Manhattan,2025,1,9,9,15,19,270737,POINT (1008596.5182406532 256975.83816137625),WEST 220 STREET,Broadway,9 Avenue,EB
38417,Manhattan,2025,1,9,9,30,22,270737,POINT (1008596.5182406532 256975.83816137625),WEST 220 STREET,Broadway,9 Avenue,EB
38417,Manhattan,2025,1,9,9,45,25,270737,POINT (1008596.5182406532 256975.83816137625),WEST 220 STREET,Broadway,9 Avenue,EB
38417,Manhattan,2025,1,9,10,0,15,270737,POINT (1008596.5182406532 256975.83816137625),WEST 220 STREET,Broadway,9 Avenue,EB
38417,Manhattan,2025,1,9,10,15,15,270737,POINT (1008596.5182406532 256975.83816137625),WEST 220 STREET,Broadway,9 Avenue,EB
38417,Manhattan,2025,1,9,10,30,20,270737,POINT (1008596.5182406532 256975.83816137625),WEST 220 STREET,Broadway,9 Avenue,EB
38417,Manhattan,2025,1,9,10,45,29,270737,POINT (1008596.5182406532 256975.83816137625),WEST 220 STREET,Broadway,9 Avenue,EB
38417,Manhattan,2025,1,9,11,0,20,270737,POINT (1008596.5182406532 256975.83816137625),WEST 220 STREET,Broadway,9 Avenue,EB
38417,Manhattan,2025,1,9,11,15,28,270737,POINT (1008596.5182406532 256975.83816137625),WEST 220 STREET,Broadway,9 Avenue,EB
38417,Manhattan,2025,1,9,11,30,29,270737,POINT (1008596.5182406532 256975.83816137625),WEST 220 STREET,Broadway,9 Avenue,EB
38417,Manhattan,2025,1,9,11,45,22,270737,POINT (1008596.5182406532 256975.83816137625),WEST 220 STREET,Broadway,9 Avenue,EB
38417,Manhattan,2025,1,9,12,0,21,270737,POINT (1008596.5182406532 256975.83816137625),WEST 220 STREET,Broadway,9 Avenue,EB
38417,Manhattan,2025,1,9,12,15,22,270737,POINT (1008596.5182406532 256975.83816137625),WEST 220 STREET,Broadway,9 Avenue,EB
38417,Manhattan,2025,1,9,12,30,24,270737,POINT (1008596.5182406532 256975.83816137625),WEST 220 STREET,Broadway,9 Avenue,EB
38417,Manhattan,2025,1,9,12,45,23,270737,POINT (1008596.5182406532 256975.83816137625),WEST 220 STREET,Broadway,9 Avenue,EB
38417,Manhattan,2025,1,9,13,0,9,270737,POINT (1008596.5182406532 256975.83816137625),WEST 220 STREET,Broadway,9 Avenue,EB
38417,Manhattan,2025,1,9,13,15,20,270737,POINT (1008596.5182406532 256975.83816137625),WEST 220 STREET,Broadway,9 Avenue,EB
38417,Manhattan,2025,1,9,13,30,25,270737,POINT (1008596.5182406532 256975.83816137625),WEST 220 STREET,Broadway,9 Avenue,EB
38417,Manhattan,2025,1,9,13,45,21,270737,POINT (1008596.5182406532 256975.83816137625),WEST 220 STREET,Broadway,9 Avenue,EB
38417,Manhattan,2025,1,9,14,0,23,270737,POINT (1008596.5182406532 256975.83816137625),WEST 220 STREET,Broadway,9 Avenue,EB
38417,Manhattan,2025,1,9,14,15,27,270737,POINT (1008596.5182406532 256975.83816137625),WEST 220 STREET,Broadway,9 Avenue,EB
38417,Manhattan,2025,1,9,14,30,39,270737,POINT (1008596.5182406532 256975.83816137625),WEST 220 STREET,Broadway,9 Avenue,EB
38417,Manhattan,2025,1,7,1,0,4,73021,POINT (1008609.6594247529 256511.52191156909),9 AVENUE,West 218 Street,West 219 Street,SB
38417,Manhattan,2025,1,7,1,15,2,73021,POINT (1008609.6594247529 256511.52191156909),9 AVENUE,West 218 Street,West 219 Street,SB
38417,Manhattan,2025,1,7,1,30,1,73021,POINT (1008609.6594247529 256511.52191156909),9 AVENUE,West 218 Street,West 219 Street,SB
38417,Manhattan,2025,1,7,1,45,0,73021,POINT (1008609.6594247529 256511.52191156909),9 AVENUE,West 218 Street,West 219 Street,SB
38417,Manhattan,2025,1,7,2,0,4,73021,POINT (1008609.6594247529 256511.52191156909),9 AVENUE,West 218 Street,West 219 Street,SB
38417,Manhattan,2025,1,7,2,15,0,73021,POINT (1008609.6594247529 256511.52191156909),9 AVENUE,West 218 Street,West 219 Street,SB
38417,Manhattan,2025,1,7,2,30,1,73021,POINT (1008609.6594247529 256511.52191156909),9 AVENUE,West 218 Street,West 219 Street,SB
38417,Manhattan,2025,1,7,2,45,3,73021,POINT (1008609.6594247529 256511.52191156909),9 AVENUE,West 218 Street,West 219 Street,SB
38417,Manhattan,2025,1,7,3,0,1,73021,POINT (1008609.6594247529 256511.52191156909),9 AVENUE,West 218 Street,West 219 Street,SB
38417,Manhattan,2025,1,7,3,15,4,73021,POINT (1008609.6594247529 256511.52191156909),9 AVENUE,West 218 Street,West 219 Street,SB
38417,Manhattan,2025,1,7,3,30,5,73021,POINT (1008609.6594247529 256511.52191156909),9 AVENUE,West 218 Street,West 219 Street,SB
38417,Manhattan,2025,1,7,3,45,3,73021,POINT (1008609.6594247529 256511.52191156909),9 AVENUE,West 218 Street,West 219 Street,SB
38417,Manhattan,2025,1,7,4,0,4,73021,POINT (1008609.6594247529 256511.52191156909),9 AVENUE,West 218 Street,West 219 Street,SB
38417,Manhattan,2025,1,7,4,15,6,73021,POINT (1008609.6594247529 256511.52191156909),9 AVENUE,West 218 Street,West 219 Street,SB
38417,Manhattan,2025,1,7,4,30,12,73021,POINT (1008609.6594247529 256511.52191156909),9 AVENUE,West 218 Street,West 219 Street,SB
38417,Manhattan,2025,1,7,4,45,6,73021,POINT (1008609.6594247529 256511.52191156909),9 AVENUE,West 218 Street,West 219 Street,SB
38417,Manhattan,2025,1,7,5,0,9,73021,POINT (1008609.6594247529 256511.52191156909),9 AVENUE,West 218 Street,West 219 Street,SB
38417,Manhattan,2025,1,7,5,15,16,73021,POINT (1008609.6594247529 256511.52191156909),9 AVENUE,West 218 Street,West 219 Street,SB
38417,Manhattan,2025,1,7,5,30,16,73021,POINT (1008609.6594247529 256511.52191156909),9 AVENUE,West 218 Street,West 219 Street,SB
38417,Manhattan,2025,1,7,5,45,25,73021,POINT (1008609.6594247529 256511.52191156909),9 AVENUE,West 218 Street,West 219 Street,SB
38417,Manhattan,2025,1,7,6,0,20,73021,POINT (1008609.6594247529 256511.52191156909),9 AVENUE,West 218 Street,West 219 Street,SB
38417,Manhattan,2025,1,7,6,15,14,73021,POINT (1008609.6594247529 256511.52191156909),9 AVENUE,West 218 Street,West 219 Street,SB
38417,Manhattan,2025,1,7,6,30,17,73021,POINT (1008609.6594247529 256511.52191156909),9 AVENUE,West 218 Street,West 219 Street,SB
38417,Manhattan,2025,1,7,6,45,26,73021,POINT (1008609.6594247529 256511.52191156909),9 AVENUE,West 218 Street,West 219 Street,SB
38417,Manhattan,2025,1,7,7,0,59,73021,POINT (1008609.6594247529 256511.52191156909),9 AVENUE,West 218 Street,West 219 Street,SB
38417,Manhattan,2025,1,7,7,15,84,73021,POINT (1008609.6594247529 256511.52191156909),9 AVENUE,West 218 Street,West 219 Street,SB
38417,Manhattan,2025,1,7,7,30,111,73021,POINT (1008609.6594247529 256511.52191156909),9 AVENUE,West 218 Street,West 219 Street,SB
38417,Manhattan,2025,1,7,7,45,39,73021,POINT (1008609.6594247529 256511.52191156909),9 AVENUE,West 218 Street,West 219 Street,SB
38417,Manhattan,2025,1,7,8,0,19,73021,POINT (1008609.6594247529 256511.52191156909),9 AVENUE,West 218 Street,West 219 Street,SB
38417,Manhattan,2025,1,7,8,15,19,73021,POINT (1008609.6594247529 256511.52191156909),9 AVENUE,West 218 Street,West 219 Street,SB
38417,Manhattan,2025,1,7,8,30,18,73021,POINT (1008609.6594247529 256511.52191156909),9 AVENUE,West 218 Street,West 219 Street,SB
38417,Manhattan,2025,1,7,8,45,21,73021,POINT (1008609.6594247529 256511.52191156909),9 AVENUE,West 218 Street,West 219 Street,SB
38417,Manhattan,2025,1,7,9,0,17,73021,POINT (1008609.6594247529 256511.52191156909),9 AVENUE,West 218 Street,West 219 Street,SB
38417,Manhattan,2025,1,7,9,15,14,73021,POINT (1008609.6594247529 256511.52191156909),9 AVENUE,West 218 Street,West 219 Street,SB
38417,Manhattan,2025,1,7,9,30,17,73021,POINT (1008609.6594247529 256511.52191156909),9 AVENUE,West 218 Street,West 219 Street,SB
38417,Manhattan,2025,1,7,9,45,24,73021,POINT (1008609.6594247529 256511.52191156909),9 AVENUE,West 218 Street,West 219 Street,SB
38417,Manhattan,2025,1,7,10,0,15,73021,POINT (1008609.6594247529 256511.52191156909),9 AVENUE,West 218 Street,West 219 Street,SB
38417,Manhattan,2025,1,7,10,15,21,73021,POINT (1008609.6594247529 256511.52191156909),9 AVENUE,West 218 Street,West 219 Street,SB
38417,Manhattan,2025,1,7,10,30,9,73021,POINT (1008609.6594247529 256511.52191156909),9 AVENUE,West 218 Street,West 219 Street,SB
38417,Manhattan,2025,1,7,10,45,13,73021,POINT (1008609.6594247529 256511.52191156909),9 AVENUE,West 218 Street,West 219 Street,SB
38417,Manhattan,2025,1,7,11,0,13,73021,POINT (1008609.6594247529 256511.52191156909),9 AVENUE,West 218 Street,West 219 Street,SB
38417,Manhattan,2025,1,7,11,15,21,73021,POINT (1008609.6594247529 256511.52191156909),9 AVENUE,West 218 Street,West 219 Street,SB
38417,Manhattan,2025,1,7,11,30,20,73021,POINT (1008609.6594247529 256511.52191156909),9 AVENUE,West 218 Street,West 219 Street,SB
38417,Manhattan,2025,1,7,11,45,12,73021,POINT (1008609.6594247529 256511.52191156909),9 AVENUE,West 218 Street,West 219 Street,SB
38417,Manhattan,2025,1,7,12,0,22,73021,POINT (1008609.6594247529 256511.52191156909),9 AVENUE,West 218 Street,West 219 Street,SB
38417,Manhattan,2025,1,7,12,15,18,73021,POINT (1008609.6594247529 256511.52191156909),9 AVENUE,West 218 Street,West 219 Street,SB
38417,Manhattan,2025,1,7,12,30,19,73021,POINT (1008609.6594247529 256511.52191156909),9 AVENUE,West 218 Street,West 219 Street,SB
38417,Manhattan,2025,1,7,12,45,18,73021,POINT (1008609.6594247529 256511.52191156909),9 AVENUE,West 218 Street,West 219 Street,SB
38417,Manhattan,2025,1,7,13,0,12,73021,POINT (1008609.6594247529 256511.52191156909),9 AVENUE,West 218 Street,West 219 Street,SB
38417,Manhattan,2025,1,7,13,15,25,73021,POINT (1008609.6594247529 256511.52191156909),9 AVENUE,West 218 Street,West 219 Street,SB
38417,Manhattan,2025,1,7,13,30,27,73021,POINT (1008609.6594247529 256511.52191156909),9 AVENUE,West 218 Street,West 219 Street,SB
38417,Manhattan,2025,1,7,13,45,22,73021,POINT (1008609.6594247529 256511.52191156909),9 AVENUE,West 218 Street,West 219 Street,SB
38417,Manhattan,2025,1,7,14,0,24,73021,POINT (1008609.6594247529 256511.52191156909),9 AVENUE,West 218 Street,West 219 Street,SB
38417,Manhattan,2025,1,7,14,15,18,73021,POINT (1008609.6594247529 256511.52191156909),9 AVENUE,West 218 Street,West 219 Street,SB
38417,Manhattan,2025,1,7,14,30,22,73021,POINT (1008609.6594247529 256511.52191156909),9 AVENUE,West 218 Street,West 219 Street,SB
38417,Manhattan,2025,1,7,14,45,18,73021,POINT (1008609.6594247529 256511.52191156909),9 AVENUE,West 218 Street,West 219 Street,SB
38417,Manhattan,2025,1,7,15,0,35,73021,POINT (1008609.6594247529 256511.52191156909),9 AVENUE,West 218 Street,West 219 Street,SB
38417,Manhattan,2025,1,7,15,15,52,73021,POINT (1008609.6594247529 256511.52191156909),9 AVENUE,West 218 Street,West 219 Street,SB
38417,Manhattan,2025,1,7,15,30,46,73021,POINT (1008609.6594247529 256511.52191156909),9 AVENUE,West 218 Street,West 219 Street,SB
38417,Manhattan,2025,1,7,15,45,56,73021,POINT (1008609.6594247529 256511.52191156909),9 AVENUE,West 218 Street,West 219 Street,SB
38417,Manhattan,2025,1,7,16,0,34,73021,POINT (1008609.6594247529 256511.52191156909),9 AVENUE,West 218 Street,West 219 Street,SB
38417,Manhattan,2025,1,7,16,15,38,73021,POINT (1008609.6594247529 256511.52191156909),9 AVENUE,West 218 Street,West 219 Street,SB
38417,Manhattan,2025,1,7,16,30,37,73021,POINT (1008609.6594247529 256511.52191156909),9 AVENUE,West 218 Street,West 219 Street,SB
38417,Manhattan,2025,1,7,16,45,24,73021,POINT (1008609.6594247529 256511.52191156909),9 AVENUE,West 218 Street,West 219 Street,SB
38417,Manhattan,2025,1,7,17,0,20,73021,POINT (1008609.6594247529 256511.52191156909),9 AVENUE,West 218 Street,West 219 Street,SB
38417,Manhattan,2025,1,7,17,15,20,73021,POINT (1008609.6594247529 256511.52191156909),9 AVENUE,West 218 Street,West 219 Street,SB
38417,Manhattan,2025,1,7,17,30,19,73021,POINT (1008609.6594247529 256511.52191156909),9 AVENUE,West 218 Street,West 219 Street,SB
38417,Manhattan,2025,1,7,17,45,11,73021,POINT (1008609.6594247529 256511.52191156909),9 AVENUE,West 218 Street,West 219 Street,SB
38417,Manhattan,2025,1,7,18,0,18,73021,POINT (1008609.6594247529 256511.52191156909),9 AVENUE,West 218 Street,West 219 Street,SB
38417,Manhattan,2025,1,7,18,15,15,73021,POINT (1008609.6594247529 256511.52191156909),9 AVENUE,West 218 Street,West 219 Street,SB
38417,Manhattan,2025,1,7,18,30,15,73021,POINT (1008609.6594247529 256511.52191156909),9 AVENUE,West 218 Street,West 219 Street,SB
38417,Manhattan,2025,1,7,18,45,20,73021,POINT (1008609.6594247529 256511.52191156909),9 AVENUE,West 218 Street,West 219 Street,SB
38417,Manhattan,2025,1,7,19,0,13,73021,POINT (1008609.6594247529 256511.52191156909),9 AVENUE,West 218 Street,West 219 Street,SB
38417,Manhattan,2025,1,7,19,15,14,73021,POINT (1008609.6594247529 256511.52191156909),9 AVENUE,West 218 Street,West 219 Street,SB
38417,Manhattan,2025,1,7,19,30,15,73021,POINT (1008609.6594247529 256511.52191156909),9 AVENUE,West 218 Street,West 219 Street,SB
38417,Manhattan,2025,1,7,19,45,9,73021,POINT (1008609.6594247529 256511.52191156909),9 AVENUE,West 218 Street,West 219 Street,SB
38417,Manhattan,2025,1,7,20,0,5,73021,POINT (1008609.6594247529 256511.52191156909),9 AVENUE,West 218 Street,West 219 Street,SB
38417,Manhattan,2025,1,7,20,15,9,73021,POINT (1008609.6594247529 256511.52191156909),9 AVENUE,West 218 Street,West 219 Street,SB
38417,Manhattan,2025,1,7,20,30,5,73021,POINT (1008609.6594247529 256511.52191156909),9 AVENUE,West 218 Street,West 219 Street,SB
38417,Manhattan,2025,1,7,20,45,3,73021,POINT (1008609.6594247529 256511.52191156909),9 AVENUE,West 218 Street,West 219 Street,SB
38417,Manhattan,2025,1,7,21,0,4,73021,POINT (1008609.6594247529 256511.52191156909),9 AVENUE,West 218 Street,West 219 Street,SB
38417,Manhattan,2025,1,7,21,15,8,73021,POINT (1008609.6594247529 256511.52191156909),9 AVENUE,West 218 Street,West 219 Street,SB
38417,Manhattan,2025,1,7,21,30,6,73021,POINT (1008609.6594247529 256511.52191156909),9 AVENUE,West 218 Street,West 219 Street,SB
38417,Manhattan,2025,1,7,21,45,9,73021,POINT (1008609.6594247529 256511.52191156909),9 AVENUE,West 218 Street,West 219 Street,SB
38417,Manhattan,2025,1,7,22,0,7,73021,POINT (1008609.6594247529 256511.52191156909),9 AVENUE,West 218 Street,West 219 Street,SB
38417,Manhattan,2025,1,7,22,15,4,73021,POINT (1008609.6594247529 256511.52191156909),9 AVENUE,West 218 Street,West 219 Street,SB
38417,Manhattan,2025,1,7,22,30,7,73021,POINT (1008609.6594247529 256511.52191156909),9 AVENUE,West 218 Street,West 219 Street,SB
38417,Manhattan,2025,1,7,22,45,8,73021,POINT (1008609.6594247529 256511.52191156909),9 AVENUE,West 218 Street,West 219 Street,SB
38417,Manhattan,2025,1,7,23,0,7,73021,POINT (1008609.6594247529 256511.52191156909),9 AVENUE,West 218 Street,West 219 Street,SB
38417,Manhattan,2025,1,7,23,15,9,73021,POINT (1008609.6594247529 256511.52191156909),9 AVENUE,West 218 Street,West 219 Street,SB
38417,Manhattan,2025,1,7,23,30,4,73021,POINT (1008609.6594247529 256511.52191156909),9 AVENUE,West 218 Street,West 219 Street,SB
38417,Manhattan,2025,1,7,23,45,5,73021,POINT (1008609.6594247529 256511.52191156909),9 AVENUE,West 218 Street,West 219 Street,SB
38417,Manhattan,2025,1,8,0,0,11,73021,POINT (1008609.6594247529 256511.52191156909),9 AVENUE,West 218 Street,West 219 Street,SB
38417,Manhattan,2025,1,8,0,15,3,73021,POINT (1008609.6594247529 256511.52191156909),9 AVENUE,West 218 Street,West 219 Street,SB
38417,Manhattan,2025,1,8,0,30,6,73021,POINT (1008609.6594247529 256511.52191156909),9 AVENUE,West 218 Street,West 219 Street,SB
38417,Manhattan,2025,1,8,0,45,4,73021,POINT (1008609.6594247529 256511.52191156909),9 AVENUE,West 218 Street,West 219 Street,SB
38417,Manhattan,2025,1,8,1,0,3,73021,POINT (1008609.6594247529 256511.52191156909),9 AVENUE,West 218 Street,West 219 Street,SB
38417,Manhattan,2025,1,8,1,15,4,73021,POINT (1008609.6594247529 256511.52191156909),9 AVENUE,West 218 Street,West 219 Street,SB
38417,Manhattan,2025,1,8,1,30,1,73021,POINT (1008609.6594247529 256511.52191156909),9 AVENUE,West 218 Street,West 219 Street,SB
38417,Manhattan,2025,1,8,1,45,0,73021,POINT (1008609.6594247529 256511.52191156909),9 AVENUE,West 218 Street,West 219 Street,SB
38417,Manhattan,2025,1,8,2,0,1,73021,POINT (1008609.6594247529 256511.52191156909),9 AVENUE,West 218 Street,West 219 Street,SB
38417,Manhattan,2025,1,8,2,15,1,73021,POINT (1008609.6594247529 256511.52191156909),9 AVENUE,West 218 Street,West 219 Street,SB
38417,Manhattan,2025,1,8,2,30,4,73021,POINT (1008609.6594247529 256511.52191156909),9 AVENUE,West 218 Street,West 219 Street,SB
38417,Manhattan,2025,1,8,2,45,1,73021,POINT (1008609.6594247529 256511.52191156909),9 AVENUE,West 218 Street,West 219 Street,SB
38417,Manhattan,2025,1,8,3,0,0,73021,POINT (1008609.6594247529 256511.52191156909),9 AVENUE,West 218 Street,West 219 Street,SB
38417,Manhattan,2025,1,8,3,15,3,73021,POINT (1008609.6594247529 256511.52191156909),9 AVENUE,West 218 Street,West 219 Street,SB
38417,Manhattan,2025,1,8,3,30,3,73021,POINT (1008609.6594247529 256511.52191156909),9 AVENUE,West 218 Street,West 219 Street,SB
38417,Manhattan,2025,1,8,3,45,2,73021,POINT (1008609.6594247529 256511.52191156909),9 AVENUE,West 218 Street,West 219 Street,SB
38417,Manhattan,2025,1,8,4,0,4,73021,POINT (1008609.6594247529 256511.52191156909),9 AVENUE,West 218 Street,West 219 Street,SB
38417,Manhattan,2025,1,8,4,15,4,73021,POINT (1008609.6594247529 256511.52191156909),9 AVENUE,West 218 Street,West 219 Street,SB
38417,Manhattan,2025,1,8,4,30,13,73021,POINT (1008609.6594247529 256511.52191156909),9 AVENUE,West 218 Street,West 219 Street,SB
38417,Manhattan,2025,1,8,4,45,11,73021,POINT (1008609.6594247529 256511.52191156909),9 AVENUE,West 218 Street,West 219 Street,SB
38417,Manhattan,2025,1,8,5,0,9,73021,POINT (1008609.6594247529 256511.52191156909),9 AVENUE,West 218 Street,West 219 Street,SB
38417,Manhattan,2025,1,8,5,15,13,73021,POINT (1008609.6594247529 256511.52191156909),9 AVENUE,West 218 Street,West 219 Street,SB
38417,Manhattan,2025,1,8,5,30,25,73021,POINT (1008609.6594247529 256511.52191156909),9 AVENUE,West 218 Street,West 219 Street,SB
38417,Manhattan,2025,1,8,5,45,20,73021,POINT (1008609.6594247529 256511.52191156909),9 AVENUE,West 218 Street,West 219 Street,SB
38417,Manhattan,2025,1,8,6,0,23,73021,POINT (1008609.6594247529 256511.52191156909),9 AVENUE,West 218 Street,West 219 Street,SB
38417,Manhattan,2025,1,8,6,15,13,73021,POINT (1008609.6594247529 256511.52191156909),9 AVENUE,West 218 Street,West 219 Street,SB
38417,Manhattan,2025,1,8,6,30,18,73021,POINT (1008609.6594247529 256511.52191156909),9 AVENUE,West 218 Street,West 219 Street,SB
38417,Manhattan,2025,1,8,6,45,28,73021,POINT (1008609.6594247529 256511.52191156909),9 AVENUE,West 218 Street,West 219 Street,SB
38417,Manhattan,2025,1,8,7,0,41,73021,POINT (1008609.6594247529 256511.52191156909),9 AVENUE,West 218 Street,West 219 Street,SB
38417,Manhattan,2025,1,8,7,15,109,73021,POINT (1008609.6594247529 256511.52191156909),9 AVENUE,West 218 Street,West 219 Street,SB
38417,Manhattan,2025,1,8,7,30,98,73021,POINT (1008609.6594247529 256511.52191156909),9 AVENUE,West 218 Street,West 219 Street,SB
38417,Manhattan,2025,1,8,7,45,33,73021,POINT (1008609.6594247529 256511.52191156909),9 AVENUE,West 218 Street,West 219 Street,SB
38417,Manhattan,2025,1,8,8,0,17,73021,POINT (1008609.6594247529 256511.52191156909),9 AVENUE,West 218 Street,West 219 Street,SB
38417,Manhattan,2025,1,8,8,15,13,73021,POINT (1008609.6594247529 256511.52191156909),9 AVENUE,West 218 Street,West 219 Street,SB
38417,Manhattan,2025,1,8,8,30,16,73021,POINT (1008609.6594247529 256511.52191156909),9 AVENUE,West 218 Street,West 219 Street,SB
38417,Manhattan,2025,1,8,8,45,13,73021,POINT (1008609.6594247529 256511.52191156909),9 AVENUE,West 218 Street,West 219 Street,SB
38417,Manhattan,2025,1,8,9,0,16,73021,POINT (1008609.6594247529 256511.52191156909),9 AVENUE,West 218 Street,West 219 Street,SB
38417,Manhattan,2025,1,8,9,15,12,73021,POINT (1008609.6594247529 256511.52191156909),9 AVENUE,West 218 Street,West 219 Street,SB
38417,Manhattan,2025,1,8,9,30,20,73021,POINT (1008609.6594247529 256511.52191156909),9 AVENUE,West 218 Street,West 219 Street,SB
38417,Manhattan,2025,1,8,9,45,20,73021,POINT (1008609.6594247529 256511.52191156909),9 AVENUE,West 218 Street,West 219 Street,SB
38417,Manhattan,2025,1,8,10,0,16,73021,POINT (1008609.6594247529 256511.52191156909),9 AVENUE,West 218 Street,West 219 Street,SB
38417,Manhattan,2025,1,8,10,15,11,73021,POINT (1008609.6594247529 256511.52191156909),9 AVENUE,West 218 Street,West 219 Street,SB
38417,Manhattan,2025,1,8,10,30,15,73021,POINT (1008609.6594247529 256511.52191156909),9 AVENUE,West 218 Street,West 219 Street,SB
38417,Manhattan,2025,1,8,10,45,19,73021,POINT (1008609.6594247529 256511.52191156909),9 AVENUE,West 218 Street,West 219 Street,SB
38417,Manhattan,2025,1,8,11,0,18,73021,POINT (1008609.6594247529 256511.52191156909),9 AVENUE,West 218 Street,West 219 Street,SB
38417,Manhattan,2025,1,8,11,15,12,73021,POINT (1008609.6594247529 256511.52191156909),9 AVENUE,West 218 Street,West 219 Street,SB
38417,Manhattan,2025,1,8,11,30,29,73021,POINT (1008609.6594247529 256511.52191156909),9 AVENUE,West 218 Street,West 219 Street,SB
38417,Manhattan,2025,1,8,11,45,20,73021,POINT (1008609.6594247529 256511.52191156909),9 AVENUE,West 218 Street,West 219 Street,SB
38417,Manhattan,2025,1,8,12,0,37,73021,POINT (1008609.6594247529 256511.52191156909),9 AVENUE,West 218 Street,West 219 Street,SB
38417,Manhattan,2025,1,8,12,15,45,73021,POINT (1008609.6594247529 256511.52191156909),9 AVENUE,West 218 Street,West 219 Street,SB
38417,Manhattan,2025,1,8,12,30,40,73021,POINT (1008609.6594247529 256511.52191156909),9 AVENUE,West 218 Street,West 219 Street,SB
38417,Manhattan,2025,1,8,12,45,39,73021,POINT (1008609.6594247529 256511.52191156909),9 AVENUE,West 218 Street,West 219 Street,SB
38417,Manhattan,2025,1,8,13,0,16,73021,POINT (1008609.6594247529 256511.52191156909),9 AVENUE,West 218 Street,West 219 Street,SB
38417,Manhattan,2025,1,8,13,15,18,73021,POINT (1008609.6594247529 256511.52191156909),9 AVENUE,West 218 Street,West 219 Street,SB
38417,Manhattan,2025,1,8,13,30,25,73021,POINT (1008609.6594247529 256511.52191156909),9 AVENUE,West 218 Street,West 219 Street,SB
38417,Manhattan,2025,1,8,13,45,19,73021,POINT (1008609.6594247529 256511.52191156909),9 AVENUE,West 218 Street,West 219 Street,SB
38417,Manhattan,2025,1,8,14,0,26,73021,POINT (1008609.6594247529 256511.52191156909),9 AVENUE,West 218 Street,West 219 Street,SB
38417,Manhattan,2025,1,8,14,15,24,73021,POINT (1008609.6594247529 256511.52191156909),9 AVENUE,West 218 Street,West 219 Street,SB
38417,Manhattan,2025,1,8,14,30,23,73021,POINT (1008609.6594247529 256511.52191156909),9 AVENUE,West 218 Street,West 219 Street,SB
38417,Manhattan,2025,1,8,14,45,37,73021,POINT (1008609.6594247529 256511.52191156909),9 AVENUE,West 218 Street,West 219 Street,SB
38417,Manhattan,2025,1,8,15,0,34,73021,POINT (1008609.6594247529 256511.52191156909),9 AVENUE,West 218 Street,West 219 Street,SB
38417,Manhattan,2025,1,8,15,15,28,73021,POINT (1008609.6594247529 256511.52191156909),9 AVENUE,West 218 Street,West 219 Street,SB
38417,Manhattan,2025,1,8,15,30,28,73021,POINT (1008609.6594247529 256511.52191156909),9 AVENUE,West 218 Street,West 219 Street,SB
38417,Manhattan,2025,1,8,15,45,19,73021,POINT (1008609.6594247529 256511.52191156909),9 AVENUE,West 218 Street,West 219 Street,SB
38417,Manhattan,2025,1,8,16,0,27,73021,POINT (1008609.6594247529 256511.52191156909),9 AVENUE,West 218 Street,West 219 Street,SB
38417,Manhattan,2025,1,8,16,15,29,73021,POINT (1008609.6594247529 256511.52191156909),9 AVENUE,West 218 Street,West 219 Street,SB
38417,Manhattan,2025,1,8,16,30,25,73021,POINT (1008609.6594247529 256511.52191156909),9 AVENUE,West 218 Street,West 219 Street,SB
38417,Manhattan,2025,1,8,16,45,19,73021,POINT (1008609.6594247529 256511.52191156909),9 AVENUE,West 218 Street,West 219 Street,SB
38417,Manhattan,2025,1,8,17,0,12,73021,POINT (1008609.6594247529 256511.52191156909),9 AVENUE,West 218 Street,West 219 Street,SB
38417,Manhattan,2025,1,8,17,15,19,73021,POINT (1008609.6594247529 256511.52191156909),9 AVENUE,West 218 Street,West 219 Street,SB
38417,Manhattan,2025,1,8,17,30,15,73021,POINT (1008609.6594247529 256511.52191156909),9 AVENUE,West 218 Street,West 219 Street,SB
38417,Manhattan,2025,1,8,17,45,12,73021,POINT (1008609.6594247529 256511.52191156909),9 AVENUE,West 218 Street,West 219 Street,SB
38417,Manhattan,2025,1,8,18,0,14,73021,POINT (1008609.6594247529 256511.52191156909),9 AVENUE,West 218 Street,West 219 Street,SB
38417,Manhattan,2025,1,8,18,15,14,73021,POINT (1008609.6594247529 256511.52191156909),9 AVENUE,West 218 Street,West 219 Street,SB
38417,Manhattan,2025,1,8,18,30,10,73021,POINT (1008609.6594247529 256511.52191156909),9 AVENUE,West 218 Street,West 219 Street,SB
38417,Manhattan,2025,1,8,18,45,9,73021,POINT (1008609.6594247529 256511.52191156909),9 AVENUE,West 218 Street,West 219 Street,SB
38417,Manhattan,2025,1,8,19,0,17,73021,POINT (1008609.6594247529 256511.52191156909),9 AVENUE,West 218 Street,West 219 Street,SB
38417,Manhattan,2025,1,8,19,15,9,73021,POINT (1008609.6594247529 256511.52191156909),9 AVENUE,West 218 Street,West 219 Street,SB
38417,Manhattan,2025,1,8,19,30,16,73021,POINT (1008609.6594247529 256511.52191156909),9 AVENUE,West 218 Street,West 219 Street,SB
38417,Manhattan,2025,1,8,19,45,6,73021,POINT (1008609.6594247529 256511.52191156909),9 AVENUE,West 218 Street,West 219 Street,SB
38417,Manhattan,2025,1,8,20,0,8,73021,POINT (1008609.6594247529 256511.52191156909),9 AVENUE,West 218 Street,West 219 Street,SB
38417,Manhattan,2025,1,8,20,15,6,73021,POINT (1008609.6594247529 256511.52191156909),9 AVENUE,West 218 Street,West 219 Street,SB
38417,Manhattan,2025,1,8,20,30,2,73021,POINT (1008609.6594247529 256511.52191156909),9 AVENUE,West 218 Street,West 219 Street,SB
38417,Manhattan,2025,1,8,20,45,13,73021,POINT (1008609.6594247529 256511.52191156909),9 AVENUE,West 218 Street,West 219 Street,SB
38417,Manhattan,2025,1,8,21,0,7,73021,POINT (1008609.6594247529 256511.52191156909),9 AVENUE,West 218 Street,West 219 Street,SB
38417,Manhattan,2025,1,8,21,15,6,73021,POINT (1008609.6594247529 256511.52191156909),9 AVENUE,West 218 Street,West 219 Street,SB
38417,Manhattan,2025,1,8,21,30,9,73021,POINT (1008609.6594247529 256511.52191156909),9 AVENUE,West 218 Street,West 219 Street,SB
38417,Manhattan,2025,1,8,21,45,5,73021,POINT (1008609.6594247529 256511.52191156909),9 AVENUE,West 218 Street,West 219 Street,SB
38417,Manhattan,2025,1,8,22,0,2,73021,POINT (1008609.6594247529 256511.52191156909),9 AVENUE,West 218 Street,West 219 Street,SB
38417,Manhattan,2025,1,8,22,15,6,73021,POINT (1008609.6594247529 256511.52191156909),9 AVENUE,West 218 Street,West 219 Street,SB
38417,Manhattan,2025,1,8,22,30,2,73021,POINT (1008609.6594247529 256511.52191156909),9 AVENUE,West 218 Street,West 219 Street,SB
38417,Manhattan,2025,1,8,22,45,8,73021,POINT (1008609.6594247529 256511.52191156909),9 AVENUE,West 218 Street,West 219 Street,SB
38417,Manhattan,2025,1,8,23,0,2,73021,POINT (1008609.6594247529 256511.52191156909),9 AVENUE,West 218 Street,West 219 Street,SB
38417,Manhattan,2025,1,8,23,15,10,73021,POINT (1008609.6594247529 256511.52191156909),9 AVENUE,West 218 Street,West 219 Street,SB
38417,Manhattan,2025,1,8,23,30,13,73021,POINT (1008609.6594247529 256511.52191156909),9 AVENUE,West 218 Street,West 219 Street,SB
38417,Manhattan,2025,1,8,23,45,10,73021,POINT (1008609.6594247529 256511.52191156909),9 AVENUE,West 218 Street,West 219 Street,SB
38417,Manhattan,2025,1,9,0,0,10,73021,POINT (1008609.6594247529 256511.52191156909),9 AVENUE,West 218 Street,West 219 Street,SB
38417,Manhattan,2025,1,9,0,15,0,73021,POINT (1008609.6594247529 256511.52191156909),9 AVENUE,West 218 Street,West 219 Street,SB
38417,Manhattan,2025,1,9,0,30,3,73021,POINT (1008609.6594247529 256511.52191156909),9 AVENUE,West 218 Street,West 219 Street,SB
38417,Manhattan,2025,1,9,0,45,3,73021,POINT (1008609.6594247529 256511.52191156909),9 AVENUE,West 218 Street,West 219 Street,SB
38417,Manhattan,2025,1,9,1,0,1,73021,POINT (1008609.6594247529 256511.52191156909),9 AVENUE,West 218 Street,West 219 Street,SB
38417,Manhattan,2025,1,9,1,15,2,73021,POINT (1008609.6594247529 256511.52191156909),9 AVENUE,West 218 Street,West 219 Street,SB
38417,Manhattan,2025,1,9,1,30,1,73021,POINT (1008609.6594247529 256511.52191156909),9 AVENUE,West 218 Street,West 219 Street,SB
38417,Manhattan,2025,1,9,1,45,2,73021,POINT (1008609.6594247529 256511.52191156909),9 AVENUE,West 218 Street,West 219 Street,SB
38417,Manhattan,2025,1,9,2,0,3,73021,POINT (1008609.6594247529 256511.52191156909),9 AVENUE,West 218 Street,West 219 Street,SB
38417,Manhattan,2025,1,9,2,15,0,73021,POINT (1008609.6594247529 256511.52191156909),9 AVENUE,West 218 Street,West 219 Street,SB
38417,Manhattan,2025,1,9,2,30,2,73021,POINT (1008609.6594247529 256511.52191156909),9 AVENUE,West 218 Street,West 219 Street,SB
38417,Manhattan,2025,1,9,2,45,0,73021,POINT (1008609.6594247529 256511.52191156909),9 AVENUE,West 218 Street,West 219 Street,SB
38417,Manhattan,2025,1,9,3,0,0,73021,POINT (1008609.6594247529 256511.52191156909),9 AVENUE,West 218 Street,West 219 Street,SB
38417,Manhattan,2025,1,9,3,15,1,73021,POINT (1008609.6594247529 256511.52191156909),9 AVENUE,West 218 Street,West 219 Street,SB
38417,Manhattan,2025,1,9,3,30,4,73021,POINT (1008609.6594247529 256511.52191156909),9 AVENUE,West 218 Street,West 219 Street,SB
38417,Manhattan,2025,1,9,3,45,2,73021,POINT (1008609.6594247529 256511.52191156909),9 AVENUE,West 218 Street,West 219 Street,SB
38417,Manhattan,2025,1,9,4,0,3,73021,POINT (1008609.6594247529 256511.52191156909),9 AVENUE,West 218 Street,West 219 Street,SB
38417,Manhattan,2025,1,9,4,15,5,73021,POINT (1008609.6594247529 256511.52191156909),9 AVENUE,West 218 Street,West 219 Street,SB
38417,Manhattan,2025,1,9,4,30,14,73021,POINT (1008609.6594247529 256511.52191156909),9 AVENUE,West 218 Street,West 219 Street,SB
38417,Manhattan,2025,1,9,4,45,8,73021,POINT (1008609.6594247529 256511.52191156909),9 AVENUE,West 218 Street,West 219 Street,SB
38417,Manhattan,2025,1,9,5,0,7,73021,POINT (1008609.6594247529 256511.52191156909),9 AVENUE,West 218 Street,West 219 Street,SB
38417,Manhattan,2025,1,9,5,15,11,73021,POINT (1008609.6594247529 256511.52191156909),9 AVENUE,West 218 Street,West 219 Street,SB
38417,Manhattan,2025,1,9,5,30,17,73021,POINT (1008609.6594247529 256511.52191156909),9 AVENUE,West 218 Street,West 219 Street,SB
38417,Manhattan,2025,1,9,5,45,33,73021,POINT (1008609.6594247529 256511.52191156909),9 AVENUE,West 218 Street,West 219 Street,SB
38417,Manhattan,2025,1,9,6,0,16,73021,POINT (1008609.6594247529 256511.52191156909),9 AVENUE,West 218 Street,West 219 Street,SB
38417,Manhattan,2025,1,9,6,15,15,73021,POINT (1008609.6594247529 256511.52191156909),9 AVENUE,West 218 Street,West 219 Street,SB
38417,Manhattan,2025,1,9,6,30,12,73021,POINT (1008609.6594247529 256511.52191156909),9 AVENUE,West 218 Street,West 219 Street,SB
38417,Manhattan,2025,1,9,6,45,28,73021,POINT (1008609.6594247529 256511.52191156909),9 AVENUE,West 218 Street,West 219 Street,SB
38417,Manhattan,2025,1,9,7,0,48,73021,POINT (1008609.6594247529 256511.52191156909),9 AVENUE,West 218 Street,West 219 Street,SB
38417,Manhattan,2025,1,9,7,15,95,73021,POINT (1008609.6594247529 256511.52191156909),9 AVENUE,West 218 Street,West 219 Street,SB
38417,Manhattan,2025,1,9,7,30,119,73021,POINT (1008609.6594247529 256511.52191156909),9 AVENUE,West 218 Street,West 219 Street,SB
38417,Manhattan,2025,1,9,7,45,46,73021,POINT (1008609.6594247529 256511.52191156909),9 AVENUE,West 218 Street,West 219 Street,SB
38417,Manhattan,2025,1,9,8,0,17,73021,POINT (1008609.6594247529 256511.52191156909),9 AVENUE,West 218 Street,West 219 Street,SB
38417,Manhattan,2025,1,9,8,15,18,73021,POINT (1008609.6594247529 256511.52191156909),9 AVENUE,West 218 Street,West 219 Street,SB
38417,Manhattan,2025,1,9,8,30,17,73021,POINT (1008609.6594247529 256511.52191156909),9 AVENUE,West 218 Street,West 219 Street,SB
38417,Manhattan,2025,1,9,8,45,18,73021,POINT (1008609.6594247529 256511.52191156909),9 AVENUE,West 218 Street,West 219 Street,SB
38417,Manhattan,2025,1,9,9,0,13,73021,POINT (1008609.6594247529 256511.52191156909),9 AVENUE,West 218 Street,West 219 Street,SB
38417,Manhattan,2025,1,9,9,15,17,73021,POINT (1008609.6594247529 256511.52191156909),9 AVENUE,West 218 Street,West 219 Street,SB
38417,Manhattan,2025,1,9,9,30,22,73021,POINT (1008609.6594247529 256511.52191156909),9 AVENUE,West 218 Street,West 219 Street,SB
38417,Manhattan,2025,1,9,9,45,19,73021,POINT (1008609.6594247529 256511.52191156909),9 AVENUE,West 218 Street,West 219 Street,SB
38417,Manhattan,2025,1,9,10,0,22,73021,POINT (1008609.6594247529 256511.52191156909),9 AVENUE,West 218 Street,West 219 Street,SB
38417,Manhattan,2025,1,9,10,15,13,73021,POINT (1008609.6594247529 256511.52191156909),9 AVENUE,West 218 Street,West 219 Street,SB
38417,Manhattan,2025,1,9,10,30,12,73021,POINT (1008609.6594247529 256511.52191156909),9 AVENUE,West 218 Street,West 219 Street,SB
38417,Manhattan,2025,1,9,10,45,19,73021,POINT (1008609.6594247529 256511.52191156909),9 AVENUE,West 218 Street,West 219 Street,SB
38417,Manhattan,2025,1,9,11,0,17,73021,POINT (1008609.6594247529 256511.52191156909),9 AVENUE,West 218 Street,West 219 Street,SB
38417,Manhattan,2025,1,9,11,15,16,73021,POINT (1008609.6594247529 256511.52191156909),9 AVENUE,West 218 Street,West 219 Street,SB
38417,Manhattan,2025,1,9,11,30,21,73021,POINT (1008609.6594247529 256511.52191156909),9 AVENUE,West 218 Street,West 219 Street,SB
38417,Manhattan,2025,1,9,11,45,24,73021,POINT (1008609.6594247529 256511.52191156909),9 AVENUE,West 218 Street,West 219 Street,SB
38417,Manhattan,2025,1,9,12,0,17,73021,POINT (1008609.6594247529 256511.52191156909),9 AVENUE,West 218 Street,West 219 Street,SB
38417,Manhattan,2025,1,9,12,15,20,73021,POINT (1008609.6594247529 256511.52191156909),9 AVENUE,West 218 Street,West 219 Street,SB
38417,Manhattan,2025,1,9,12,30,16,73021,POINT (1008609.6594247529 256511.52191156909),9 AVENUE,West 218 Street,West 219 Street,SB
38417,Manhattan,2025,1,9,12,45,18,73021,POINT (1008609.6594247529 256511.52191156909),9 AVENUE,West 218 Street,West 219 Street,SB
38417,Manhattan,2025,1,9,13,0,13,73021,POINT (1008609.6594247529 256511.52191156909),9 AVENUE,West 218 Street,West 219 Street,SB
38417,Manhattan,2025,1,9,13,15,16,73021,POINT (1008609.6594247529 256511.52191156909),9 AVENUE,West 218 Street,West 219 Street,SB
38417,Manhattan,2025,1,9,13,30,24,73021,POINT (1008609.6594247529 256511.52191156909),9 AVENUE,West 218 Street,West 219 Street,SB
38417,Manhattan,2025,1,9,13,45,17,73021,POINT (1008609.6594247529 256511.52191156909),9 AVENUE,West 218 Street,West 219 Street,SB
38417,Manhattan,2025,1,9,14,0,19,73021,POINT (1008609.6594247529 256511.52191156909),9 AVENUE,West 218 Street,West 219 Street,SB
38417,Manhattan,2025,1,9,14,15,21,73021,POINT (1008609.6594247529 256511.52191156909),9 AVENUE,West 218 Street,West 219 Street,SB
38417,Manhattan,2025,1,9,14,30,28,73021,POINT (1008609.6594247529 256511.52191156909),9 AVENUE,West 218 Street,West 219 Street,SB
38417,Manhattan,2025,1,9,14,45,20,73021,POINT (1008609.6594247529 256511.52191156909),9 AVENUE,West 218 Street,West 219 Street,SB
38417,Manhattan,2025,1,9,15,0,46,73021,POINT (1008609.6594247529 256511.52191156909),9 AVENUE,West 218 Street,West 219 Street,SB
38417,Manhattan,2025,1,9,15,15,54,73021,POINT (1008609.6594247529 256511.52191156909),9 AVENUE,West 218 Street,West 219 Street,SB
38417,Manhattan,2025,1,9,15,30,53,73021,POINT (1008609.6594247529 256511.52191156909),9 AVENUE,West 218 Street,West 219 Street,SB
38417,Manhattan,2025,1,9,15,45,63,73021,POINT (1008609.6594247529 256511.52191156909),9 AVENUE,West 218 Street,West 219 Street,SB
38417,Manhattan,2025,1,9,16,0,37,73021,POINT (1008609.6594247529 256511.52191156909),9 AVENUE,West 218 Street,West 219 Street,SB
38417,Manhattan,2025,1,9,16,15,36,73021,POINT (1008609.6594247529 256511.52191156909),9 AVENUE,West 218 Street,West 219 Street,SB
38417,Manhattan,2025,1,9,16,30,29,73021,POINT (1008609.6594247529 256511.52191156909),9 AVENUE,West 218 Street,West 219 Street,SB
38417,Manhattan,2025,1,9,16,45,25,73021,POINT (1008609.6594247529 256511.52191156909),9 AVENUE,West 218 Street,West 219 Street,SB
38417,Manhattan,2025,1,9,17,0,23,73021,POINT (1008609.6594247529 256511.52191156909),9 AVENUE,West 218 Street,West 219 Street,SB
38417,Manhattan,2025,1,9,17,15,18,73021,POINT (1008609.6594247529 256511.52191156909),9 AVENUE,West 218 Street,West 219 Street,SB
38417,Manhattan,2025,1,9,17,30,12,73021,POINT (1008609.6594247529 256511.52191156909),9 AVENUE,West 218 Street,West 219 Street,SB
38417,Manhattan,2025,1,9,17,45,12,73021,POINT (1008609.6594247529 256511.52191156909),9 AVENUE,West 218 Street,West 219 Street,SB
38417,Manhattan,2025,1,9,18,0,15,73021,POINT (1008609.6594247529 256511.52191156909),9 AVENUE,West 218 Street,West 219 Street,SB
38417,Manhattan,2025,1,9,18,15,14,73021,POINT (1008609.6594247529 256511.52191156909),9 AVENUE,West 218 Street,West 219 Street,SB
38417,Manhattan,2025,1,9,18,30,14,73021,POINT (1008609.6594247529 256511.52191156909),9 AVENUE,West 218 Street,West 219 Street,SB
38417,Manhattan,2025,1,9,18,45,8,73021,POINT (1008609.6594247529 256511.52191156909),9 AVENUE,West 218 Street,West 219 Street,SB
38417,Manhattan,2025,1,9,19,0,6,73021,POINT (1008609.6594247529 256511.52191156909),9 AVENUE,West 218 Street,West 219 Street,SB
38417,Manhattan,2025,1,9,19,15,7,73021,POINT (1008609.6594247529 256511.52191156909),9 AVENUE,West 218 Street,West 219 Street,SB
38417,Manhattan,2025,1,9,19,30,18,73021,POINT (1008609.6594247529 256511.52191156909),9 AVENUE,West 218 Street,West 219 Street,SB
38417,Manhattan,2025,1,9,19,45,7,73021,POINT (1008609.6594247529 256511.52191156909),9 AVENUE,West 218 Street,West 219 Street,SB
38417,Manhattan,2025,1,9,20,0,9,73021,POINT (1008609.6594247529 256511.52191156909),9 AVENUE,West 218 Street,West 219 Street,SB
38417,Manhattan,2025,1,9,20,15,10,73021,POINT (1008609.6594247529 256511.52191156909),9 AVENUE,West 218 Street,West 219 Street,SB
38417,Manhattan,2025,1,9,20,30,6,73021,POINT (1008609.6594247529 256511.52191156909),9 AVENUE,West 218 Street,West 219 Street,SB
38417,Manhattan,2025,1,9,20,45,8,73021,POINT (1008609.6594247529 256511.52191156909),9 AVENUE,West 218 Street,West 219 Street,SB
38417,Manhattan,2025,1,9,21,0,5,73021,POINT (1008609.6594247529 256511.52191156909),9 AVENUE,West 218 Street,West 219 Street,SB
38417,Manhattan,2025,1,9,21,15,5,73021,POINT (1008609.6594247529 256511.52191156909),9 AVENUE,West 218 Street,West 219 Street,SB
38417,Manhattan,2025,1,9,21,30,9,73021,POINT (1008609.6594247529 256511.52191156909),9 AVENUE,West 218 Street,West 219 Street,SB
38417,Manhattan,2025,1,9,21,45,14,73021,POINT (1008609.6594247529 256511.52191156909),9 AVENUE,West 218 Street,West 219 Street,SB
38417,Manhattan,2025,1,9,22,0,2,73021,POINT (1008609.6594247529 256511.52191156909),9 AVENUE,West 218 Street,West 219 Street,SB
38417,Manhattan,2025,1,9,22,15,6,73021,POINT (1008609.6594247529 256511.52191156909),9 AVENUE,West 218 Street,West 219 Street,SB
38417,Manhattan,2025,1,9,22,30,0,73021,POINT (1008609.6594247529 256511.52191156909),9 AVENUE,West 218 Street,West 219 Street,SB
38417,Manhattan,2025,1,9,22,45,7,73021,POINT (1008609.6594247529 256511.52191156909),9 AVENUE,West 218 Street,West 219 Street,SB
38417,Manhattan,2025,1,9,23,0,7,73021,POINT (1008609.6594247529 256511.52191156909),9 AVENUE,West 218 Street,West 219 Street,SB
38417,Manhattan,2025,1,9,23,15,11,73021,POINT (1008609.6594247529 256511.52191156909),9 AVENUE,West 218 Street,West 219 Street,SB
38417,Manhattan,2025,1,9,23,30,8,73021,POINT (1008609.6594247529 256511.52191156909),9 AVENUE,West 218 Street,West 219 Street,SB
38417,Manhattan,2025,1,9,23,45,9,73021,POINT (1008609.6594247529 256511.52191156909),9 AVENUE,West 218 Street,West 219 Street,SB
38417,Manhattan,2025,1,10,0,0,6,73021,POINT (1008609.6594247529 256511.52191156909),9 AVENUE,West 218 Street,West 219 Street,SB
38417,Manhattan,2025,1,10,0,15,6,73021,POINT (1008609.6594247529 256511.52191156909),9 AVENUE,West 218 Street,West 219 Street,SB
38417,Manhattan,2025,1,10,0,30,5,73021,POINT (1008609.6594247529 256511.52191156909),9 AVENUE,West 218 Street,West 219 Street,SB
38417,Manhattan,2025,1,10,0,45,3,73021,POINT (1008609.6594247529 256511.52191156909),9 AVENUE,West 218 Street,West 219 Street,SB
38417,Manhattan,2025,1,10,1,0,2,73021,POINT (1008609.6594247529 256511.52191156909),9 AVENUE,West 218 Street,West 219 Street,SB
38417,Manhattan,2025,1,10,1,15,2,73021,POINT (1008609.6594247529 256511.52191156909),9 AVENUE,West 218 Street,West 219 Street,SB
38417,Manhattan,2025,1,10,1,30,2,73021,POINT (1008609.6594247529 256511.52191156909),9 AVENUE,West 218 Street,West 219 Street,SB
38417,Manhattan,2025,1,10,1,45,0,73021,POINT (1008609.6594247529 256511.52191156909),9 AVENUE,West 218 Street,West 219 Street,SB
38417,Manhattan,2025,1,10,2,0,4,73021,POINT (1008609.6594247529 256511.52191156909),9 AVENUE,West 218 Street,West 219 Street,SB
38417,Manhattan,2025,1,10,2,15,2,73021,POINT (1008609.6594247529 256511.52191156909),9 AVENUE,West 218 Street,West 219 Street,SB
38417,Manhattan,2025,1,10,2,30,1,73021,POINT (1008609.6594247529 256511.52191156909),9 AVENUE,West 218 Street,West 219 Street,SB
38417,Manhattan,2025,1,10,2,45,1,73021,POINT (1008609.6594247529 256511.52191156909),9 AVENUE,West 218 Street,West 219 Street,SB
38417,Manhattan,2025,1,10,3,0,0,73021,POINT (1008609.6594247529 256511.52191156909),9 AVENUE,West 218 Street,West 219 Street,SB
38417,Manhattan,2025,1,10,3,15,3,73021,POINT (1008609.6594247529 256511.52191156909),9 AVENUE,West 218 Street,West 219 Street,SB
38417,Manhattan,2025,1,10,3,30,3,73021,POINT (1008609.6594247529 256511.52191156909),9 AVENUE,West 218 Street,West 219 Street,SB
38417,Manhattan,2025,1,10,3,45,1,73021,POINT (1008609.6594247529 256511.52191156909),9 AVENUE,West 218 Street,West 219 Street,SB
38417,Manhattan,2025,1,10,4,0,3,73021,POINT (1008609.6594247529 256511.52191156909),9 AVENUE,West 218 Street,West 219 Street,SB
38417,Manhattan,2025,1,10,4,15,6,73021,POINT (1008609.6594247529 256511.52191156909),9 AVENUE,West 218 Street,West 219 Street,SB
38417,Manhattan,2025,1,10,4,30,9,73021,POINT (1008609.6594247529 256511.52191156909),9 AVENUE,West 218 Street,West 219 Street,SB
38417,Manhattan,2025,1,10,4,45,9,73021,POINT (1008609.6594247529 256511.52191156909),9 AVENUE,West 218 Street,West 219 Street,SB
38417,Manhattan,2025,1,10,5,0,7,73021,POINT (1008609.6594247529 256511.52191156909),9 AVENUE,West 218 Street,West 219 Street,SB
38417,Manhattan,2025,1,10,5,15,12,73021,POINT (1008609.6594247529 256511.52191156909),9 AVENUE,West 218 Street,West 219 Street,SB
38417,Manhattan,2025,1,10,5,30,26,73021,POINT (1008609.6594247529 256511.52191156909),9 AVENUE,West 218 Street,West 219 Street,SB
38417,Manhattan,2025,1,10,5,45,20,73021,POINT (1008609.6594247529 256511.52191156909),9 AVENUE,West 218 Street,West 219 Street,SB
38417,Manhattan,2025,1,10,6,0,18,73021,POINT (1008609.6594247529 256511.52191156909),9 AVENUE,West 218 Street,West 219 Street,SB
38417,Manhattan,2025,1,10,6,15,14,73021,POINT (1008609.6594247529 256511.52191156909),9 AVENUE,West 218 Street,West 219 Street,SB
38417,Manhattan,2025,1,10,6,30,12,73021,POINT (1008609.6594247529 256511.52191156909),9 AVENUE,West 218 Street,West 219 Street,SB
38417,Manhattan,2025,1,10,6,45,32,73021,POINT (1008609.6594247529 256511.52191156909),9 AVENUE,West 218 Street,West 219 Street,SB
38417,Manhattan,2025,1,10,7,0,41,73021,POINT (1008609.6594247529 256511.52191156909),9 AVENUE,West 218 Street,West 219 Street,SB
38417,Manhattan,2025,1,10,7,15,88,73021,POINT (1008609.6594247529 256511.52191156909),9 AVENUE,West 218 Street,West 219 Street,SB
38417,Manhattan,2025,1,10,7,30,88,73021,POINT (1008609.6594247529 256511.52191156909),9 AVENUE,West 218 Street,West 219 Street,SB
38417,Manhattan,2025,1,12,12,15,8,73021,POINT (1008609.6594247529 256511.52191156909),9 AVENUE,West 218 Street,West 219 Street,SB
38417,Manhattan,2025,1,12,12,30,11,73021,POINT (1008609.6594247529 256511.52191156909),9 AVENUE,West 218 Street,West 219 Street,SB
38417,Manhattan,2025,1,12,12,45,11,73021,POINT (1008609.6594247529 256511.52191156909),9 AVENUE,West 218 Street,West 219 Street,SB
38417,Manhattan,2025,1,12,13,0,14,73021,POINT (1008609.6594247529 256511.52191156909),9 AVENUE,West 218 Street,West 219 Street,SB
38417,Manhattan,2025,1,12,13,15,7,73021,POINT (1008609.6594247529 256511.52191156909),9 AVENUE,West 218 Street,West 219 Street,SB
38417,Manhattan,2025,1,12,13,30,13,73021,POINT (1008609.6594247529 256511.52191156909),9 AVENUE,West 218 Street,West 219 Street,SB
38417,Manhattan,2025,1,12,13,45,15,73021,POINT (1008609.6594247529 256511.52191156909),9 AVENUE,West 218 Street,West 219 Street,SB
38417,Manhattan,2025,1,12,14,0,12,73021,POINT (1008609.6594247529 256511.52191156909),9 AVENUE,West 218 Street,West 219 Street,SB
38417,Manhattan,2025,1,12,14,15,16,73021,POINT (1008609.6594247529 256511.52191156909),9 AVENUE,West 218 Street,West 219 Street,SB
38417,Manhattan,2025,1,12,14,30,20,73021,POINT (1008609.6594247529 256511.52191156909),9 AVENUE,West 218 Street,West 219 Street,SB
38417,Manhattan,2025,1,12,14,45,14,73021,POINT (1008609.6594247529 256511.52191156909),9 AVENUE,West 218 Street,West 219 Street,SB
38417,Manhattan,2025,1,12,15,0,18,73021,POINT (1008609.6594247529 256511.52191156909),9 AVENUE,West 218 Street,West 219 Street,SB
38417,Manhattan,2025,1,12,15,15,16,73021,POINT (1008609.6594247529 256511.52191156909),9 AVENUE,West 218 Street,West 219 Street,SB
38417,Manhattan,2025,1,12,15,30,8,73021,POINT (1008609.6594247529 256511.52191156909),9 AVENUE,West 218 Street,West 219 Street,SB
38417,Manhattan,2025,1,12,15,45,10,73021,POINT (1008609.6594247529 256511.52191156909),9 AVENUE,West 218 Street,West 219 Street,SB
38417,Manhattan,2025,1,12,16,0,13,73021,POINT (1008609.6594247529 256511.52191156909),9 AVENUE,West 218 Street,West 219 Street,SB
38417,Manhattan,2025,1,12,16,15,12,73021,POINT (1008609.6594247529 256511.52191156909),9 AVENUE,West 218 Street,West 219 Street,SB
38417,Manhattan,2025,1,12,16,30,9,73021,POINT (1008609.6594247529 256511.52191156909),9 AVENUE,West 218 Street,West 219 Street,SB
38417,Manhattan,2025,1,12,16,45,16,73021,POINT (1008609.6594247529 256511.52191156909),9 AVENUE,West 218 Street,West 219 Street,SB
38417,Manhattan,2025,1,12,17,0,12,73021,POINT (1008609.6594247529 256511.52191156909),9 AVENUE,West 218 Street,West 219 Street,SB
38417,Manhattan,2025,1,12,17,15,8,73021,POINT (1008609.6594247529 256511.52191156909),9 AVENUE,West 218 Street,West 219 Street,SB
38417,Manhattan,2025,1,12,17,30,17,73021,POINT (1008609.6594247529 256511.52191156909),9 AVENUE,West 218 Street,West 219 Street,SB
38417,Manhattan,2025,1,12,17,45,7,73021,POINT (1008609.6594247529 256511.52191156909),9 AVENUE,West 218 Street,West 219 Street,SB
38417,Manhattan,2025,1,12,18,0,8,73021,POINT (1008609.6594247529 256511.52191156909),9 AVENUE,West 218 Street,West 219 Street,SB
38417,Manhattan,2025,1,12,18,15,10,73021,POINT (1008609.6594247529 256511.52191156909),9 AVENUE,West 218 Street,West 219 Street,SB
38417,Manhattan,2025,1,12,18,30,4,73021,POINT (1008609.6594247529 256511.52191156909),9 AVENUE,West 218 Street,West 219 Street,SB
38417,Manhattan,2025,1,12,18,45,7,73021,POINT (1008609.6594247529 256511.52191156909),9 AVENUE,West 218 Street,West 219 Street,SB
38417,Manhattan,2025,1,12,19,0,5,73021,POINT (1008609.6594247529 256511.52191156909),9 AVENUE,West 218 Street,West 219 Street,SB
38417,Manhattan,2025,1,12,19,15,9,73021,POINT (1008609.6594247529 256511.52191156909),9 AVENUE,West 218 Street,West 219 Street,SB
38417,Manhattan,2025,1,12,19,30,8,73021,POINT (1008609.6594247529 256511.52191156909),9 AVENUE,West 218 Street,West 219 Street,SB
38417,Manhattan,2025,1,12,19,45,14,73021,POINT (1008609.6594247529 256511.52191156909),9 AVENUE,West 218 Street,West 219 Street,SB
38417,Manhattan,2025,1,12,20,0,6,73021,POINT (1008609.6594247529 256511.52191156909),9 AVENUE,West 218 Street,West 219 Street,SB
38417,Manhattan,2025,1,12,20,15,2,73021,POINT (1008609.6594247529 256511.52191156909),9 AVENUE,West 218 Street,West 219 Street,SB
38417,Manhattan,2025,1,12,20,30,4,73021,POINT (1008609.6594247529 256511.52191156909),9 AVENUE,West 218 Street,West 219 Street,SB
38417,Manhattan,2025,1,12,20,45,7,73021,POINT (1008609.6594247529 256511.52191156909),9 AVENUE,West 218 Street,West 219 Street,SB
38417,Manhattan,2025,1,12,21,0,5,73021,POINT (1008609.6594247529 256511.52191156909),9 AVENUE,West 218 Street,West 219 Street,SB
38417,Manhattan,2025,1,12,21,15,4,73021,POINT (1008609.6594247529 256511.52191156909),9 AVENUE,West 218 Street,West 219 Street,SB
38417,Manhattan,2025,1,12,21,30,7,73021,POINT (1008609.6594247529 256511.52191156909),9 AVENUE,West 218 Street,West 219 Street,SB
38417,Manhattan,2025,1,12,21,45,4,73021,POINT (1008609.6594247529 256511.52191156909),9 AVENUE,West 218 Street,West 219 Street,SB
38417,Manhattan,2025,1,12,22,0,5,73021,POINT (1008609.6594247529 256511.52191156909),9 AVENUE,West 218 Street,West 219 Street,SB
38417,Manhattan,2025,1,12,22,15,6,73021,POINT (1008609.6594247529 256511.52191156909),9 AVENUE,West 218 Street,West 219 Street,SB
38417,Manhattan,2025,1,12,22,30,3,73021,POINT (1008609.6594247529 256511.52191156909),9 AVENUE,West 218 Street,West 219 Street,SB
38417,Manhattan,2025,1,12,22,45,8,73021,POINT (1008609.6594247529 256511.52191156909),9 AVENUE,West 218 Street,West 219 Street,SB
38417,Manhattan,2025,1,12,23,0,3,73021,POINT (1008609.6594247529 256511.52191156909),9 AVENUE,West 218 Street,West 219 Street,SB
38417,Manhattan,2025,1,12,23,15,1,73021,POINT (1008609.6594247529 256511.52191156909),9 AVENUE,West 218 Street,West 219 Street,SB
38417,Manhattan,2025,1,12,23,30,8,73021,POINT (1008609.6594247529 256511.52191156909),9 AVENUE,West 218 Street,West 219 Street,SB
38417,Manhattan,2025,1,12,23,45,6,73021,POINT (1008609.6594247529 256511.52191156909),9 AVENUE,West 218 Street,West 219 Street,SB
38417,Manhattan,2025,1,6,0,0,3,73023,POINT (1008740.073465875 256746.7455227563),9 AVENUE,West 219 Street,West 220 Street,NB
38417,Manhattan,2025,1,6,0,15,1,73023,POINT (1008740.073465875 256746.7455227563),9 AVENUE,West 219 Street,West 220 Street,NB
38417,Manhattan,2025,1,6,0,30,0,73023,POINT (1008740.073465875 256746.7455227563),9 AVENUE,West 219 Street,West 220 Street,NB
38417,Manhattan,2025,1,6,0,45,5,73023,POINT (1008740.073465875 256746.7455227563),9 AVENUE,West 219 Street,West 220 Street,NB
38417,Manhattan,2025,1,6,1,0,2,73023,POINT (1008740.073465875 256746.7455227563),9 AVENUE,West 219 Street,West 220 Street,NB
38417,Manhattan,2025,1,6,1,15,4,73023,POINT (1008740.073465875 256746.7455227563),9 AVENUE,West 219 Street,West 220 Street,NB
38417,Manhattan,2025,1,6,1,30,3,73023,POINT (1008740.073465875 256746.7455227563),9 AVENUE,West 219 Street,West 220 Street,NB
38417,Manhattan,2025,1,6,1,45,1,73023,POINT (1008740.073465875 256746.7455227563),9 AVENUE,West 219 Street,West 220 Street,NB
38417,Manhattan,2025,1,6,2,0,0,73023,POINT (1008740.073465875 256746.7455227563),9 AVENUE,West 219 Street,West 220 Street,NB
38417,Manhattan,2025,1,6,2,15,1,73023,POINT (1008740.073465875 256746.7455227563),9 AVENUE,West 219 Street,West 220 Street,NB
38417,Manhattan,2025,1,6,2,30,2,73023,POINT (1008740.073465875 256746.7455227563),9 AVENUE,West 219 Street,West 220 Street,NB
38417,Manhattan,2025,1,6,2,45,3,73023,POINT (1008740.073465875 256746.7455227563),9 AVENUE,West 219 Street,West 220 Street,NB
38417,Manhattan,2025,1,6,3,0,1,73023,POINT (1008740.073465875 256746.7455227563),9 AVENUE,West 219 Street,West 220 Street,NB
38417,Manhattan,2025,1,6,3,15,0,73023,POINT (1008740.073465875 256746.7455227563),9 AVENUE,West 219 Street,West 220 Street,NB
38417,Manhattan,2025,1,6,3,30,2,73023,POINT (1008740.073465875 256746.7455227563),9 AVENUE,West 219 Street,West 220 Street,NB
38417,Manhattan,2025,1,6,3,45,3,73023,POINT (1008740.073465875 256746.7455227563),9 AVENUE,West 219 Street,West 220 Street,NB
38417,Manhattan,2025,1,6,4,0,3,73023,POINT (1008740.073465875 256746.7455227563),9 AVENUE,West 219 Street,West 220 Street,NB
38417,Manhattan,2025,1,6,4,15,2,73023,POINT (1008740.073465875 256746.7455227563),9 AVENUE,West 219 Street,West 220 Street,NB
38417,Manhattan,2025,1,6,4,30,2,73023,POINT (1008740.073465875 256746.7455227563),9 AVENUE,West 219 Street,West 220 Street,NB
38417,Manhattan,2025,1,6,4,45,1,73023,POINT (1008740.073465875 256746.7455227563),9 AVENUE,West 219 Street,West 220 Street,NB
38417,Manhattan,2025,1,6,5,0,7,73023,POINT (1008740.073465875 256746.7455227563),9 AVENUE,West 219 Street,West 220 Street,NB
38417,Manhattan,2025,1,6,5,15,12,73023,POINT (1008740.073465875 256746.7455227563),9 AVENUE,West 219 Street,West 220 Street,NB
38417,Manhattan,2025,1,6,5,30,13,73023,POINT (1008740.073465875 256746.7455227563),9 AVENUE,West 219 Street,West 220 Street,NB
38417,Manhattan,2025,1,6,5,45,18,73023,POINT (1008740.073465875 256746.7455227563),9 AVENUE,West 219 Street,West 220 Street,NB
38417,Manhattan,2025,1,6,6,0,14,73023,POINT (1008740.073465875 256746.7455227563),9 AVENUE,West 219 Street,West 220 Street,NB
38417,Manhattan,2025,1,6,6,15,14,73023,POINT (1008740.073465875 256746.7455227563),9 AVENUE,West 219 Street,West 220 Street,NB
38417,Manhattan,2025,1,6,6,30,13,73023,POINT (1008740.073465875 256746.7455227563),9 AVENUE,West 219 Street,West 220 Street,NB
38417,Manhattan,2025,1,6,6,45,11,73023,POINT (1008740.073465875 256746.7455227563),9 AVENUE,West 219 Street,West 220 Street,NB
38417,Manhattan,2025,1,6,7,0,14,73023,POINT (1008740.073465875 256746.7455227563),9 AVENUE,West 219 Street,West 220 Street,NB
38417,Manhattan,2025,1,6,7,15,10,73023,POINT (1008740.073465875 256746.7455227563),9 AVENUE,West 219 Street,West 220 Street,NB
38417,Manhattan,2025,1,6,7,30,8,73023,POINT (1008740.073465875 256746.7455227563),9 AVENUE,West 219 Street,West 220 Street,NB
38417,Manhattan,2025,1,6,7,45,11,73023,POINT (1008740.073465875 256746.7455227563),9 AVENUE,West 219 Street,West 220 Street,NB
38417,Manhattan,2025,1,6,8,0,9,73023,POINT (1008740.073465875 256746.7455227563),9 AVENUE,West 219 Street,West 220 Street,NB
38417,Manhattan,2025,1,6,8,15,7,73023,POINT (1008740.073465875 256746.7455227563),9 AVENUE,West 219 Street,West 220 Street,NB
38417,Manhattan,2025,1,6,8,30,5,73023,POINT (1008740.073465875 256746.7455227563),9 AVENUE,West 219 Street,West 220 Street,NB
38417,Manhattan,2025,1,6,8,45,1,73023,POINT (1008740.073465875 256746.7455227563),9 AVENUE,West 219 Street,West 220 Street,NB
38417,Manhattan,2025,1,6,9,0,1,73023,POINT (1008740.073465875 256746.7455227563),9 AVENUE,West 219 Street,West 220 Street,NB
38417,Manhattan,2025,1,6,9,15,3,73023,POINT (1008740.073465875 256746.7455227563),9 AVENUE,West 219 Street,West 220 Street,NB
38417,Manhattan,2025,1,6,9,30,8,73023,POINT (1008740.073465875 256746.7455227563),9 AVENUE,West 219 Street,West 220 Street,NB
38417,Manhattan,2025,1,6,9,45,7,73023,POINT (1008740.073465875 256746.7455227563),9 AVENUE,West 219 Street,West 220 Street,NB
38417,Manhattan,2025,1,6,10,0,5,73023,POINT (1008740.073465875 256746.7455227563),9 AVENUE,West 219 Street,West 220 Street,NB
38417,Manhattan,2025,1,6,10,15,4,73023,POINT (1008740.073465875 256746.7455227563),9 AVENUE,West 219 Street,West 220 Street,NB
38417,Manhattan,2025,1,6,10,30,2,73023,POINT (1008740.073465875 256746.7455227563),9 AVENUE,West 219 Street,West 220 Street,NB
38417,Manhattan,2025,1,6,10,45,6,73023,POINT (1008740.073465875 256746.7455227563),9 AVENUE,West 219 Street,West 220 Street,NB
38417,Manhattan,2025,1,6,11,0,3,73023,POINT (1008740.073465875 256746.7455227563),9 AVENUE,West 219 Street,West 220 Street,NB
38417,Manhattan,2025,1,6,11,15,5,73023,POINT (1008740.073465875 256746.7455227563),9 AVENUE,West 219 Street,West 220 Street,NB
38417,Manhattan,2025,1,6,11,30,13,73023,POINT (1008740.073465875 256746.7455227563),9 AVENUE,West 219 Street,West 220 Street,NB
38417,Manhattan,2025,1,6,11,45,10,73023,POINT (1008740.073465875 256746.7455227563),9 AVENUE,West 219 Street,West 220 Street,NB
38417,Manhattan,2025,1,6,12,0,4,73023,POINT (1008740.073465875 256746.7455227563),9 AVENUE,West 219 Street,West 220 Street,NB
38417,Manhattan,2025,1,6,12,15,12,73023,POINT (1008740.073465875 256746.7455227563),9 AVENUE,West 219 Street,West 220 Street,NB
38417,Manhattan,2025,1,6,12,30,7,73023,POINT (1008740.073465875 256746.7455227563),9 AVENUE,West 219 Street,West 220 Street,NB
38417,Manhattan,2025,1,6,12,45,22,73023,POINT (1008740.073465875 256746.7455227563),9 AVENUE,West 219 Street,West 220 Street,NB
38417,Manhattan,2025,1,6,13,0,11,73023,POINT (1008740.073465875 256746.7455227563),9 AVENUE,West 219 Street,West 220 Street,NB
38417,Manhattan,2025,1,6,13,15,9,73023,POINT (1008740.073465875 256746.7455227563),9 AVENUE,West 219 Street,West 220 Street,NB
38417,Manhattan,2025,1,6,13,30,10,73023,POINT (1008740.073465875 256746.7455227563),9 AVENUE,West 219 Street,West 220 Street,NB
38417,Manhattan,2025,1,6,13,45,21,73023,POINT (1008740.073465875 256746.7455227563),9 AVENUE,West 219 Street,West 220 Street,NB
38417,Manhattan,2025,1,6,14,0,19,73023,POINT (1008740.073465875 256746.7455227563),9 AVENUE,West 219 Street,West 220 Street,NB
38417,Manhattan,2025,1,6,14,15,12,73023,POINT (1008740.073465875 256746.7455227563),9 AVENUE,West 219 Street,West 220 Street,NB
38417,Manhattan,2025,1,6,14,30,12,73023,POINT (1008740.073465875 256746.7455227563),9 AVENUE,West 219 Street,West 220 Street,NB
38417,Manhattan,2025,1,6,14,45,13,73023,POINT (1008740.073465875 256746.7455227563),9 AVENUE,West 219 Street,West 220 Street,NB
38417,Manhattan,2025,1,6,15,0,9,73023,POINT (1008740.073465875 256746.7455227563),9 AVENUE,West 219 Street,West 220 Street,NB
38417,Manhattan,2025,1,6,15,15,10,73023,POINT (1008740.073465875 256746.7455227563),9 AVENUE,West 219 Street,West 220 Street,NB
38417,Manhattan,2025,1,6,15,30,7,73023,POINT (1008740.073465875 256746.7455227563),9 AVENUE,West 219 Street,West 220 Street,NB
38417,Manhattan,2025,1,6,15,45,11,73023,POINT (1008740.073465875 256746.7455227563),9 AVENUE,West 219 Street,West 220 Street,NB
38417,Manhattan,2025,1,6,16,0,28,73023,POINT (1008740.073465875 256746.7455227563),9 AVENUE,West 219 Street,West 220 Street,NB
38417,Manhattan,2025,1,6,16,15,12,73023,POINT (1008740.073465875 256746.7455227563),9 AVENUE,West 219 Street,West 220 Street,NB
38417,Manhattan,2025,1,6,16,30,31,73023,POINT (1008740.073465875 256746.7455227563),9 AVENUE,West 219 Street,West 220 Street,NB
38417,Manhattan,2025,1,6,16,45,21,73023,POINT (1008740.073465875 256746.7455227563),9 AVENUE,West 219 Street,West 220 Street,NB
38417,Manhattan,2025,1,6,17,0,15,73023,POINT (1008740.073465875 256746.7455227563),9 AVENUE,West 219 Street,West 220 Street,NB
38417,Manhattan,2025,1,6,17,15,5,73023,POINT (1008740.073465875 256746.7455227563),9 AVENUE,West 219 Street,West 220 Street,NB
38417,Manhattan,2025,1,6,17,30,15,73023,POINT (1008740.073465875 256746.7455227563),9 AVENUE,West 219 Street,West 220 Street,NB
38417,Manhattan,2025,1,6,17,45,13,73023,POINT (1008740.073465875 256746.7455227563),9 AVENUE,West 219 Street,West 220 Street,NB
38417,Manhattan,2025,1,6,18,0,11,73023,POINT (1008740.073465875 256746.7455227563),9 AVENUE,West 219 Street,West 220 Street,NB
38417,Manhattan,2025,1,6,18,15,6,73023,POINT (1008740.073465875 256746.7455227563),9 AVENUE,West 219 Street,West 220 Street,NB
38417,Manhattan,2025,1,6,18,30,10,73023,POINT (1008740.073465875 256746.7455227563),9 AVENUE,West 219 Street,West 220 Street,NB
38417,Manhattan,2025,1,6,18,45,12,73023,POINT (1008740.073465875 256746.7455227563),9 AVENUE,West 219 Street,West 220 Street,NB
38417,Manhattan,2025,1,6,19,0,9,73023,POINT (1008740.073465875 256746.7455227563),9 AVENUE,West 219 Street,West 220 Street,NB
38417,Manhattan,2025,1,6,19,15,3,73023,POINT (1008740.073465875 256746.7455227563),9 AVENUE,West 219 Street,West 220 Street,NB
38417,Manhattan,2025,1,6,19,30,5,73023,POINT (1008740.073465875 256746.7455227563),9 AVENUE,West 219 Street,West 220 Street,NB
38417,Manhattan,2025,1,6,19,45,4,73023,POINT (1008740.073465875 256746.7455227563),9 AVENUE,West 219 Street,West 220 Street,NB
38417,Manhattan,2025,1,6,20,0,4,73023,POINT (1008740.073465875 256746.7455227563),9 AVENUE,West 219 Street,West 220 Street,NB
38417,Manhattan,2025,1,6,20,15,4,73023,POINT (1008740.073465875 256746.7455227563),9 AVENUE,West 219 Street,West 220 Street,NB
38417,Manhattan,2025,1,6,20,30,2,73023,POINT (1008740.073465875 256746.7455227563),9 AVENUE,West 219 Street,West 220 Street,NB
38417,Manhattan,2025,1,6,20,45,11,73023,POINT (1008740.073465875 256746.7455227563),9 AVENUE,West 219 Street,West 220 Street,NB
38417,Manhattan,2025,1,6,21,0,5,73023,POINT (1008740.073465875 256746.7455227563),9 AVENUE,West 219 Street,West 220 Street,NB
38417,Manhattan,2025,1,6,21,15,2,73023,POINT (1008740.073465875 256746.7455227563),9 AVENUE,West 219 Street,West 220 Street,NB
38417,Manhattan,2025,1,6,21,30,1,73023,POINT (1008740.073465875 256746.7455227563),9 AVENUE,West 219 Street,West 220 Street,NB
38417,Manhattan,2025,1,6,21,45,13,73023,POINT (1008740.073465875 256746.7455227563),9 AVENUE,West 219 Street,West 220 Street,NB
38417,Manhattan,2025,1,6,22,0,4,73023,POINT (1008740.073465875 256746.7455227563),9 AVENUE,West 219 Street,West 220 Street,NB
38417,Manhattan,2025,1,6,22,15,1,73023,POINT (1008740.073465875 256746.7455227563),9 AVENUE,West 219 Street,West 220 Street,NB
38417,Manhattan,2025,1,6,22,30,3,73023,POINT (1008740.073465875 256746.7455227563),9 AVENUE,West 219 Street,West 220 Street,NB
38417,Manhattan,2025,1,6,22,45,8,73023,POINT (1008740.073465875 256746.7455227563),9 AVENUE,West 219 Street,West 220 Street,NB
38417,Manhattan,2025,1,6,23,0,3,73023,POINT (1008740.073465875 256746.7455227563),9 AVENUE,West 219 Street,West 220 Street,NB
38417,Manhattan,2025,1,6,23,15,6,73023,POINT (1008740.073465875 256746.7455227563),9 AVENUE,West 219 Street,West 220 Street,NB
38417,Manhattan,2025,1,6,23,30,2,73023,POINT (1008740.073465875 256746.7455227563),9 AVENUE,West 219 Street,West 220 Street,NB
38417,Manhattan,2025,1,6,23,45,2,73023,POINT (1008740.073465875 256746.7455227563),9 AVENUE,West 219 Street,West 220 Street,NB
38417,Manhattan,2025,1,7,0,0,5,73023,POINT (1008740.073465875 256746.7455227563),9 AVENUE,West 219 Street,West 220 Street,NB
38417,Manhattan,2025,1,7,0,15,4,73023,POINT (1008740.073465875 256746.7455227563),9 AVENUE,West 219 Street,West 220 Street,NB
38417,Manhattan,2025,1,7,0,30,2,73023,POINT (1008740.073465875 256746.7455227563),9 AVENUE,West 219 Street,West 220 Street,NB
38417,Manhattan,2025,1,7,0,45,2,73023,POINT (1008740.073465875 256746.7455227563),9 AVENUE,West 219 Street,West 220 Street,NB
38417,Manhattan,2025,1,7,1,0,3,73023,POINT (1008740.073465875 256746.7455227563),9 AVENUE,West 219 Street,West 220 Street,NB
38417,Manhattan,2025,1,7,1,15,3,73023,POINT (1008740.073465875 256746.7455227563),9 AVENUE,West 219 Street,West 220 Street,NB
38417,Manhattan,2025,1,7,1,30,0,73023,POINT (1008740.073465875 256746.7455227563),9 AVENUE,West 219 Street,West 220 Street,NB
38417,Manhattan,2025,1,7,1,45,2,73023,POINT (1008740.073465875 256746.7455227563),9 AVENUE,West 219 Street,West 220 Street,NB
38417,Manhattan,2025,1,7,2,0,4,73023,POINT (1008740.073465875 256746.7455227563),9 AVENUE,West 219 Street,West 220 Street,NB
38417,Manhattan,2025,1,7,2,15,1,73023,POINT (1008740.073465875 256746.7455227563),9 AVENUE,West 219 Street,West 220 Street,NB
38417,Manhattan,2025,1,7,2,30,0,73023,POINT (1008740.073465875 256746.7455227563),9 AVENUE,West 219 Street,West 220 Street,NB
38417,Manhattan,2025,1,7,2,45,3,73023,POINT (1008740.073465875 256746.7455227563),9 AVENUE,West 219 Street,West 220 Street,NB
38417,Manhattan,2025,1,7,3,0,4,73023,POINT (1008740.073465875 256746.7455227563),9 AVENUE,West 219 Street,West 220 Street,NB
38417,Manhattan,2025,1,7,3,15,0,73023,POINT (1008740.073465875 256746.7455227563),9 AVENUE,West 219 Street,West 220 Street,NB
38417,Manhattan,2025,1,7,3,30,2,73023,POINT (1008740.073465875 256746.7455227563),9 AVENUE,West 219 Street,West 220 Street,NB
38417,Manhattan,2025,1,7,3,45,1,73023,POINT (1008740.073465875 256746.7455227563),9 AVENUE,West 219 Street,West 220 Street,NB
38417,Manhattan,2025,1,7,4,0,3,73023,POINT (1008740.073465875 256746.7455227563),9 AVENUE,West 219 Street,West 220 Street,NB
38417,Manhattan,2025,1,7,4,15,2,73023,POINT (1008740.073465875 256746.7455227563),9 AVENUE,West 219 Street,West 220 Street,NB
38417,Manhattan,2025,1,7,4,30,2,73023,POINT (1008740.073465875 256746.7455227563),9 AVENUE,West 219 Street,West 220 Street,NB
38417,Manhattan,2025,1,7,4,45,6,73023,POINT (1008740.073465875 256746.7455227563),9 AVENUE,West 219 Street,West 220 Street,NB
38417,Manhattan,2025,1,7,5,0,7,73023,POINT (1008740.073465875 256746.7455227563),9 AVENUE,West 219 Street,West 220 Street,NB
38417,Manhattan,2025,1,7,5,15,10,73023,POINT (1008740.073465875 256746.7455227563),9 AVENUE,West 219 Street,West 220 Street,NB
38417,Manhattan,2025,1,7,5,30,21,73023,POINT (1008740.073465875 256746.7455227563),9 AVENUE,West 219 Street,West 220 Street,NB
38417,Manhattan,2025,1,7,5,45,24,73023,POINT (1008740.073465875 256746.7455227563),9 AVENUE,West 219 Street,West 220 Street,NB
38417,Manhattan,2025,1,7,6,0,8,73023,POINT (1008740.073465875 256746.7455227563),9 AVENUE,West 219 Street,West 220 Street,NB
38417,Manhattan,2025,1,7,6,15,18,73023,POINT (1008740.073465875 256746.7455227563),9 AVENUE,West 219 Street,West 220 Street,NB
38417,Manhattan,2025,1,7,6,30,16,73023,POINT (1008740.073465875 256746.7455227563),9 AVENUE,West 219 Street,West 220 Street,NB
38417,Manhattan,2025,1,7,6,45,15,73023,POINT (1008740.073465875 256746.7455227563),9 AVENUE,West 219 Street,West 220 Street,NB
38417,Manhattan,2025,1,7,7,0,17,73023,POINT (1008740.073465875 256746.7455227563),9 AVENUE,West 219 Street,West 220 Street,NB
38417,Manhattan,2025,1,7,7,15,10,73023,POINT (1008740.073465875 256746.7455227563),9 AVENUE,West 219 Street,West 220 Street,NB
38417,Manhattan,2025,1,7,7,30,15,73023,POINT (1008740.073465875 256746.7455227563),9 AVENUE,West 219 Street,West 220 Street,NB
38417,Manhattan,2025,1,7,7,45,15,73023,POINT (1008740.073465875 256746.7455227563),9 AVENUE,West 219 Street,West 220 Street,NB
38417,Manhattan,2025,1,7,8,0,6,73023,POINT (1008740.073465875 256746.7455227563),9 AVENUE,West 219 Street,West 220 Street,NB
38417,Manhattan,2025,1,7,8,15,6,73023,POINT (1008740.073465875 256746.7455227563),9 AVENUE,West 219 Street,West 220 Street,NB
38417,Manhattan,2025,1,7,8,30,7,73023,POINT (1008740.073465875 256746.7455227563),9 AVENUE,West 219 Street,West 220 Street,NB
38417,Manhattan,2025,1,7,8,45,4,73023,POINT (1008740.073465875 256746.7455227563),9 AVENUE,West 219 Street,West 220 Street,NB
38417,Manhattan,2025,1,7,9,0,9,73023,POINT (1008740.073465875 256746.7455227563),9 AVENUE,West 219 Street,West 220 Street,NB
38417,Manhattan,2025,1,7,9,15,2,73023,POINT (1008740.073465875 256746.7455227563),9 AVENUE,West 219 Street,West 220 Street,NB
38417,Manhattan,2025,1,7,9,30,6,73023,POINT (1008740.073465875 256746.7455227563),9 AVENUE,West 219 Street,West 220 Street,NB
38417,Manhattan,2025,1,7,9,45,5,73023,POINT (1008740.073465875 256746.7455227563),9 AVENUE,West 219 Street,West 220 Street,NB
38417,Manhattan,2025,1,7,10,0,4,73023,POINT (1008740.073465875 256746.7455227563),9 AVENUE,West 219 Street,West 220 Street,NB
38417,Manhattan,2025,1,7,10,15,8,73023,POINT (1008740.073465875 256746.7455227563),9 AVENUE,West 219 Street,West 220 Street,NB
38417,Manhattan,2025,1,7,10,30,1,73023,POINT (1008740.073465875 256746.7455227563),9 AVENUE,West 219 Street,West 220 Street,NB
38417,Manhattan,2025,1,7,10,45,5,73023,POINT (1008740.073465875 256746.7455227563),9 AVENUE,West 219 Street,West 220 Street,NB
38417,Manhattan,2025,1,7,11,0,4,73023,POINT (1008740.073465875 256746.7455227563),9 AVENUE,West 219 Street,West 220 Street,NB
38417,Manhattan,2025,1,7,11,15,6,73023,POINT (1008740.073465875 256746.7455227563),9 AVENUE,West 219 Street,West 220 Street,NB
38417,Manhattan,2025,1,7,11,30,13,73023,POINT (1008740.073465875 256746.7455227563),9 AVENUE,West 219 Street,West 220 Street,NB
38417,Manhattan,2025,1,7,11,45,20,73023,POINT (1008740.073465875 256746.7455227563),9 AVENUE,West 219 Street,West 220 Street,NB
38417,Manhattan,2025,1,7,12,0,5,73023,POINT (1008740.073465875 256746.7455227563),9 AVENUE,West 219 Street,West 220 Street,NB
38417,Manhattan,2025,1,7,12,15,5,73023,POINT (1008740.073465875 256746.7455227563),9 AVENUE,West 219 Street,West 220 Street,NB
38417,Manhattan,2025,1,7,12,30,3,73023,POINT (1008740.073465875 256746.7455227563),9 AVENUE,West 219 Street,West 220 Street,NB
38417,Manhattan,2025,1,7,12,45,21,73023,POINT (1008740.073465875 256746.7455227563),9 AVENUE,West 219 Street,West 220 Street,NB
38417,Manhattan,2025,1,7,13,0,9,73023,POINT (1008740.073465875 256746.7455227563),9 AVENUE,West 219 Street,West 220 Street,NB
38417,Manhattan,2025,1,7,13,15,6,73023,POINT (1008740.073465875 256746.7455227563),9 AVENUE,West 219 Street,West 220 Street,NB
38417,Manhattan,2025,1,7,13,30,19,73023,POINT (1008740.073465875 256746.7455227563),9 AVENUE,West 219 Street,West 220 Street,NB
38417,Manhattan,2025,1,7,13,45,30,73023,POINT (1008740.073465875 256746.7455227563),9 AVENUE,West 219 Street,West 220 Street,NB
38417,Manhattan,2025,1,7,14,0,25,73023,POINT (1008740.073465875 256746.7455227563),9 AVENUE,West 219 Street,West 220 Street,NB
38417,Manhattan,2025,1,7,14,15,21,73023,POINT (1008740.073465875 256746.7455227563),9 AVENUE,West 219 Street,West 220 Street,NB
38417,Manhattan,2025,1,7,14,30,16,73023,POINT (1008740.073465875 256746.7455227563),9 AVENUE,West 219 Street,West 220 Street,NB
38417,Manhattan,2025,1,7,14,45,11,73023,POINT (1008740.073465875 256746.7455227563),9 AVENUE,West 219 Street,West 220 Street,NB
38417,Manhattan,2025,1,7,15,0,9,73023,POINT (1008740.073465875 256746.7455227563),9 AVENUE,West 219 Street,West 220 Street,NB
38417,Manhattan,2025,1,7,15,15,7,73023,POINT (1008740.073465875 256746.7455227563),9 AVENUE,West 219 Street,West 220 Street,NB
38417,Manhattan,2025,1,7,15,30,8,73023,POINT (1008740.073465875 256746.7455227563),9 AVENUE,West 219 Street,West 220 Street,NB
38417,Manhattan,2025,1,7,15,45,28,73023,POINT (1008740.073465875 256746.7455227563),9 AVENUE,West 219 Street,West 220 Street,NB
38417,Manhattan,2025,1,7,16,0,21,73023,POINT (1008740.073465875 256746.7455227563),9 AVENUE,West 219 Street,West 220 Street,NB
38417,Manhattan,2025,1,7,16,15,21,73023,POINT (1008740.073465875 256746.7455227563),9 AVENUE,West 219 Street,West 220 Street,NB
38417,Manhattan,2025,1,7,16,30,21,73023,POINT (1008740.073465875 256746.7455227563),9 AVENUE,West 219 Street,West 220 Street,NB
38417,Manhattan,2025,1,7,16,45,31,73023,POINT (1008740.073465875 256746.7455227563),9 AVENUE,West 219 Street,West 220 Street,NB
38417,Manhattan,2025,1,7,17,0,14,73023,POINT (1008740.073465875 256746.7455227563),9 AVENUE,West 219 Street,West 220 Street,NB
38417,Manhattan,2025,1,7,17,15,12,73023,POINT (1008740.073465875 256746.7455227563),9 AVENUE,West 219 Street,West 220 Street,NB
38417,Manhattan,2025,1,7,17,30,17,73023,POINT (1008740.073465875 256746.7455227563),9 AVENUE,West 219 Street,West 220 Street,NB
38417,Manhattan,2025,1,7,17,45,15,73023,POINT (1008740.073465875 256746.7455227563),9 AVENUE,West 219 Street,West 220 Street,NB
38417,Manhattan,2025,1,7,18,0,8,73023,POINT (1008740.073465875 256746.7455227563),9 AVENUE,West 219 Street,West 220 Street,NB
38417,Manhattan,2025,1,7,18,15,2,73023,POINT (1008740.073465875 256746.7455227563),9 AVENUE,West 219 Street,West 220 Street,NB
38417,Manhattan,2025,1,7,18,30,11,73023,POINT (1008740.073465875 256746.7455227563),9 AVENUE,West 219 Street,West 220 Street,NB
38417,Manhattan,2025,1,7,18,45,13,73023,POINT (1008740.073465875 256746.7455227563),9 AVENUE,West 219 Street,West 220 Street,NB
38417,Manhattan,2025,1,7,19,0,9,73023,POINT (1008740.073465875 256746.7455227563),9 AVENUE,West 219 Street,West 220 Street,NB
38417,Manhattan,2025,1,7,19,15,10,73023,POINT (1008740.073465875 256746.7455227563),9 AVENUE,West 219 Street,West 220 Street,NB
38417,Manhattan,2025,1,7,19,30,4,73023,POINT (1008740.073465875 256746.7455227563),9 AVENUE,West 219 Street,West 220 Street,NB
38417,Manhattan,2025,1,7,19,45,6,73023,POINT (1008740.073465875 256746.7455227563),9 AVENUE,West 219 Street,West 220 Street,NB
38417,Manhattan,2025,1,7,20,0,3,73023,POINT (1008740.073465875 256746.7455227563),9 AVENUE,West 219 Street,West 220 Street,NB
38417,Manhattan,2025,1,7,20,15,3,73023,POINT (1008740.073465875 256746.7455227563),9 AVENUE,West 219 Street,West 220 Street,NB
38417,Manhattan,2025,1,7,20,30,4,73023,POINT (1008740.073465875 256746.7455227563),9 AVENUE,West 219 Street,West 220 Street,NB
38417,Manhattan,2025,1,7,20,45,0,73023,POINT (1008740.073465875 256746.7455227563),9 AVENUE,West 219 Street,West 220 Street,NB
38417,Manhattan,2025,1,7,21,0,4,73023,POINT (1008740.073465875 256746.7455227563),9 AVENUE,West 219 Street,West 220 Street,NB
38417,Manhattan,2025,1,7,21,15,7,73023,POINT (1008740.073465875 256746.7455227563),9 AVENUE,West 219 Street,West 220 Street,NB
38417,Manhattan,2025,1,7,21,30,5,73023,POINT (1008740.073465875 256746.7455227563),9 AVENUE,West 219 Street,West 220 Street,NB
38417,Manhattan,2025,1,7,21,45,11,73023,POINT (1008740.073465875 256746.7455227563),9 AVENUE,West 219 Street,West 220 Street,NB
38417,Manhattan,2025,1,7,22,0,1,73023,POINT (1008740.073465875 256746.7455227563),9 AVENUE,West 219 Street,West 220 Street,NB
38417,Manhattan,2025,1,7,22,15,1,73023,POINT (1008740.073465875 256746.7455227563),9 AVENUE,West 219 Street,West 220 Street,NB
38417,Manhattan,2025,1,7,22,30,3,73023,POINT (1008740.073465875 256746.7455227563),9 AVENUE,West 219 Street,West 220 Street,NB
38417,Manhattan,2025,1,7,22,45,10,73023,POINT (1008740.073465875 256746.7455227563),9 AVENUE,West 219 Street,West 220 Street,NB
38417,Manhattan,2025,1,7,23,0,3,73023,POINT (1008740.073465875 256746.7455227563),9 AVENUE,West 219 Street,West 220 Street,NB
38417,Manhattan,2025,1,7,23,15,1,73023,POINT (1008740.073465875 256746.7455227563),9 AVENUE,West 219 Street,West 220 Street,NB
38417,Manhattan,2025,1,7,23,30,8,73023,POINT (1008740.073465875 256746.7455227563),9 AVENUE,West 219 Street,West 220 Street,NB
38417,Manhattan,2025,1,7,23,45,6,73023,POINT (1008740.073465875 256746.7455227563),9 AVENUE,West 219 Street,West 220 Street,NB
38417,Manhattan,2025,1,8,0,0,4,73023,POINT (1008740.073465875 256746.7455227563),9 AVENUE,West 219 Street,West 220 Street,NB
38417,Manhattan,2025,1,8,0,15,4,73023,POINT (1008740.073465875 256746.7455227563),9 AVENUE,West 219 Street,West 220 Street,NB
38417,Manhattan,2025,1,8,0,30,4,73023,POINT (1008740.073465875 256746.7455227563),9 AVENUE,West 219 Street,West 220 Street,NB
38417,Manhattan,2025,1,8,0,45,3,73023,POINT (1008740.073465875 256746.7455227563),9 AVENUE,West 219 Street,West 220 Street,NB
38417,Manhattan,2025,1,8,1,0,2,73023,POINT (1008740.073465875 256746.7455227563),9 AVENUE,West 219 Street,West 220 Street,NB
38417,Manhattan,2025,1,8,1,15,2,73023,POINT (1008740.073465875 256746.7455227563),9 AVENUE,West 219 Street,West 220 Street,NB
38417,Manhattan,2025,1,8,1,30,1,73023,POINT (1008740.073465875 256746.7455227563),9 AVENUE,West 219 Street,West 220 Street,NB
38417,Manhattan,2025,1,8,1,45,5,73023,POINT (1008740.073465875 256746.7455227563),9 AVENUE,West 219 Street,West 220 Street,NB
38417,Manhattan,2025,1,8,2,0,0,73023,POINT (1008740.073465875 256746.7455227563),9 AVENUE,West 219 Street,West 220 Street,NB
38417,Manhattan,2025,1,8,2,15,0,73023,POINT (1008740.073465875 256746.7455227563),9 AVENUE,West 219 Street,West 220 Street,NB
38417,Manhattan,2025,1,8,2,30,2,73023,POINT (1008740.073465875 256746.7455227563),9 AVENUE,West 219 Street,West 220 Street,NB
38417,Manhattan,2025,1,8,2,45,2,73023,POINT (1008740.073465875 256746.7455227563),9 AVENUE,West 219 Street,West 220 Street,NB
38417,Manhattan,2025,1,8,3,0,4,73023,POINT (1008740.073465875 256746.7455227563),9 AVENUE,West 219 Street,West 220 Street,NB
38417,Manhattan,2025,1,8,3,15,1,73023,POINT (1008740.073465875 256746.7455227563),9 AVENUE,West 219 Street,West 220 Street,NB
38417,Manhattan,2025,1,8,3,30,1,73023,POINT (1008740.073465875 256746.7455227563),9 AVENUE,West 219 Street,West 220 Street,NB
38417,Manhattan,2025,1,8,3,45,2,73023,POINT (1008740.073465875 256746.7455227563),9 AVENUE,West 219 Street,West 220 Street,NB
38417,Manhattan,2025,1,8,4,0,6,73023,POINT (1008740.073465875 256746.7455227563),9 AVENUE,West 219 Street,West 220 Street,NB
38417,Manhattan,2025,1,8,4,15,0,73023,POINT (1008740.073465875 256746.7455227563),9 AVENUE,West 219 Street,West 220 Street,NB
38417,Manhattan,2025,1,8,4,30,1,73023,POINT (1008740.073465875 256746.7455227563),9 AVENUE,West 219 Street,West 220 Street,NB
38417,Manhattan,2025,1,8,4,45,5,73023,POINT (1008740.073465875 256746.7455227563),9 AVENUE,West 219 Street,West 220 Street,NB
38417,Manhattan,2025,1,8,5,0,8,73023,POINT (1008740.073465875 256746.7455227563),9 AVENUE,West 219 Street,West 220 Street,NB
38417,Manhattan,2025,1,8,5,15,9,73023,POINT (1008740.073465875 256746.7455227563),9 AVENUE,West 219 Street,West 220 Street,NB
38417,Manhattan,2025,1,8,5,30,24,73023,POINT (1008740.073465875 256746.7455227563),9 AVENUE,West 219 Street,West 220 Street,NB
38417,Manhattan,2025,1,8,5,45,30,73023,POINT (1008740.073465875 256746.7455227563),9 AVENUE,West 219 Street,West 220 Street,NB
38417,Manhattan,2025,1,8,6,0,15,73023,POINT (1008740.073465875 256746.7455227563),9 AVENUE,West 219 Street,West 220 Street,NB
38417,Manhattan,2025,1,8,6,15,20,73023,POINT (1008740.073465875 256746.7455227563),9 AVENUE,West 219 Street,West 220 Street,NB
38417,Manhattan,2025,1,8,6,30,29,73023,POINT (1008740.073465875 256746.7455227563),9 AVENUE,West 219 Street,West 220 Street,NB
38417,Manhattan,2025,1,8,6,45,17,73023,POINT (1008740.073465875 256746.7455227563),9 AVENUE,West 219 Street,West 220 Street,NB
38417,Manhattan,2025,1,8,7,0,19,73023,POINT (1008740.073465875 256746.7455227563),9 AVENUE,West 219 Street,West 220 Street,NB
38417,Manhattan,2025,1,8,7,15,15,73023,POINT (1008740.073465875 256746.7455227563),9 AVENUE,West 219 Street,West 220 Street,NB
38417,Manhattan,2025,1,8,7,30,10,73023,POINT (1008740.073465875 256746.7455227563),9 AVENUE,West 219 Street,West 220 Street,NB
38417,Manhattan,2025,1,8,7,45,18,73023,POINT (1008740.073465875 256746.7455227563),9 AVENUE,West 219 Street,West 220 Street,NB
38417,Manhattan,2025,1,8,8,0,8,73023,POINT (1008740.073465875 256746.7455227563),9 AVENUE,West 219 Street,West 220 Street,NB
38417,Manhattan,2025,1,8,8,15,5,73023,POINT (1008740.073465875 256746.7455227563),9 AVENUE,West 219 Street,West 220 Street,NB
38417,Manhattan,2025,1,8,8,30,12,73023,POINT (1008740.073465875 256746.7455227563),9 AVENUE,West 219 Street,West 220 Street,NB
38417,Manhattan,2025,1,8,8,45,9,73023,POINT (1008740.073465875 256746.7455227563),9 AVENUE,West 219 Street,West 220 Street,NB
38417,Manhattan,2025,1,8,9,0,4,73023,POINT (1008740.073465875 256746.7455227563),9 AVENUE,West 219 Street,West 220 Street,NB
38417,Manhattan,2025,1,8,9,15,7,73023,POINT (1008740.073465875 256746.7455227563),9 AVENUE,West 219 Street,West 220 Street,NB
38417,Manhattan,2025,1,8,9,30,4,73023,POINT (1008740.073465875 256746.7455227563),9 AVENUE,West 219 Street,West 220 Street,NB
38417,Manhattan,2025,1,8,9,45,8,73023,POINT (1008740.073465875 256746.7455227563),9 AVENUE,West 219 Street,West 220 Street,NB
38417,Manhattan,2025,1,8,10,0,4,73023,POINT (1008740.073465875 256746.7455227563),9 AVENUE,West 219 Street,West 220 Street,NB
38417,Manhattan,2025,1,8,10,15,9,73023,POINT (1008740.073465875 256746.7455227563),9 AVENUE,West 219 Street,West 220 Street,NB
38417,Manhattan,2025,1,8,10,30,2,73023,POINT (1008740.073465875 256746.7455227563),9 AVENUE,West 219 Street,West 220 Street,NB
38417,Manhattan,2025,1,8,10,45,5,73023,POINT (1008740.073465875 256746.7455227563),9 AVENUE,West 219 Street,West 220 Street,NB
38417,Manhattan,2025,1,8,11,0,5,73023,POINT (1008740.073465875 256746.7455227563),9 AVENUE,West 219 Street,West 220 Street,NB
38417,Manhattan,2025,1,8,11,15,9,73023,POINT (1008740.073465875 256746.7455227563),9 AVENUE,West 219 Street,West 220 Street,NB
38417,Manhattan,2025,1,8,11,30,9,73023,POINT (1008740.073465875 256746.7455227563),9 AVENUE,West 219 Street,West 220 Street,NB
38417,Manhattan,2025,1,8,11,45,14,73023,POINT (1008740.073465875 256746.7455227563),9 AVENUE,West 219 Street,West 220 Street,NB
38417,Manhattan,2025,1,8,12,0,3,73023,POINT (1008740.073465875 256746.7455227563),9 AVENUE,West 219 Street,West 220 Street,NB
38417,Manhattan,2025,1,8,12,15,5,73023,POINT (1008740.073465875 256746.7455227563),9 AVENUE,West 219 Street,West 220 Street,NB
38417,Manhattan,2025,1,8,12,30,7,73023,POINT (1008740.073465875 256746.7455227563),9 AVENUE,West 219 Street,West 220 Street,NB
38417,Manhattan,2025,1,8,12,45,22,73023,POINT (1008740.073465875 256746.7455227563),9 AVENUE,West 219 Street,West 220 Street,NB
38417,Manhattan,2025,1,8,13,0,14,73023,POINT (1008740.073465875 256746.7455227563),9 AVENUE,West 219 Street,West 220 Street,NB
38417,Manhattan,2025,1,8,13,15,4,73023,POINT (1008740.073465875 256746.7455227563),9 AVENUE,West 219 Street,West 220 Street,NB
38417,Manhattan,2025,1,8,13,30,28,73023,POINT (1008740.073465875 256746.7455227563),9 AVENUE,West 219 Street,West 220 Street,NB
38417,Manhattan,2025,1,8,13,45,34,73023,POINT (1008740.073465875 256746.7455227563),9 AVENUE,West 219 Street,West 220 Street,NB
38417,Manhattan,2025,1,8,14,0,28,73023,POINT (1008740.073465875 256746.7455227563),9 AVENUE,West 219 Street,West 220 Street,NB
38417,Manhattan,2025,1,8,14,15,30,73023,POINT (1008740.073465875 256746.7455227563),9 AVENUE,West 219 Street,West 220 Street,NB
38417,Manhattan,2025,1,8,14,30,22,73023,POINT (1008740.073465875 256746.7455227563),9 AVENUE,West 219 Street,West 220 Street,NB
38417,Manhattan,2025,1,8,14,45,21,73023,POINT (1008740.073465875 256746.7455227563),9 AVENUE,West 219 Street,West 220 Street,NB
38417,Manhattan,2025,1,8,15,0,27,73023,POINT (1008740.073465875 256746.7455227563),9 AVENUE,West 219 Street,West 220 Street,NB
38417,Manhattan,2025,1,8,15,15,16,73023,POINT (1008740.073465875 256746.7455227563),9 AVENUE,West 219 Street,West 220 Street,NB
38417,Manhattan,2025,1,8,15,30,10,73023,POINT (1008740.073465875 256746.7455227563),9 AVENUE,West 219 Street,West 220 Street,NB
38417,Manhattan,2025,1,8,15,45,23,73023,POINT (1008740.073465875 256746.7455227563),9 AVENUE,West 219 Street,West 220 Street,NB
38417,Manhattan,2025,1,8,16,0,19,73023,POINT (1008740.073465875 256746.7455227563),9 AVENUE,West 219 Street,West 220 Street,NB
38417,Manhattan,2025,1,8,16,15,14,73023,POINT (1008740.073465875 256746.7455227563),9 AVENUE,West 219 Street,West 220 Street,NB
38417,Manhattan,2025,1,8,16,30,14,73023,POINT (1008740.073465875 256746.7455227563),9 AVENUE,West 219 Street,West 220 Street,NB
38417,Manhattan,2025,1,8,16,45,8,73023,POINT (1008740.073465875 256746.7455227563),9 AVENUE,West 219 Street,West 220 Street,NB
38417,Manhattan,2025,1,8,17,0,10,73023,POINT (1008740.073465875 256746.7455227563),9 AVENUE,West 219 Street,West 220 Street,NB
38417,Manhattan,2025,1,8,17,15,11,73023,POINT (1008740.073465875 256746.7455227563),9 AVENUE,West 219 Street,West 220 Street,NB
38417,Manhattan,2025,1,8,17,30,8,73023,POINT (1008740.073465875 256746.7455227563),9 AVENUE,West 219 Street,West 220 Street,NB
38417,Manhattan,2025,1,8,17,45,7,73023,POINT (1008740.073465875 256746.7455227563),9 AVENUE,West 219 Street,West 220 Street,NB
38417,Manhattan,2025,1,8,18,0,7,73023,POINT (1008740.073465875 256746.7455227563),9 AVENUE,West 219 Street,West 220 Street,NB
38417,Manhattan,2025,1,8,18,15,7,73023,POINT (1008740.073465875 256746.7455227563),9 AVENUE,West 219 Street,West 220 Street,NB
38417,Manhattan,2025,1,8,18,30,10,73023,POINT (1008740.073465875 256746.7455227563),9 AVENUE,West 219 Street,West 220 Street,NB
38417,Manhattan,2025,1,8,18,45,8,73023,POINT (1008740.073465875 256746.7455227563),9 AVENUE,West 219 Street,West 220 Street,NB
38417,Manhattan,2025,1,10,23,30,2,73023,POINT (1008740.073465875 256746.7455227563),9 AVENUE,West 219 Street,West 220 Street,NB
38417,Manhattan,2025,1,10,23,45,8,73023,POINT (1008740.073465875 256746.7455227563),9 AVENUE,West 219 Street,West 220 Street,NB
38417,Manhattan,2025,1,11,0,0,0,73023,POINT (1008740.073465875 256746.7455227563),9 AVENUE,West 219 Street,West 220 Street,NB
38417,Manhattan,2025,1,11,0,15,6,73023,POINT (1008740.073465875 256746.7455227563),9 AVENUE,West 219 Street,West 220 Street,NB
38417,Manhattan,2025,1,11,0,30,4,73023,POINT (1008740.073465875 256746.7455227563),9 AVENUE,West 219 Street,West 220 Street,NB
38417,Manhattan,2025,1,11,0,45,0,73023,POINT (1008740.073465875 256746.7455227563),9 AVENUE,West 219 Street,West 220 Street,NB
38417,Manhattan,2025,1,11,1,0,1,73023,POINT (1008740.073465875 256746.7455227563),9 AVENUE,West 219 Street,West 220 Street,NB
38417,Manhattan,2025,1,11,1,15,2,73023,POINT (1008740.073465875 256746.7455227563),9 AVENUE,West 219 Street,West 220 Street,NB
38417,Manhattan,2025,1,11,1,30,4,73023,POINT (1008740.073465875 256746.7455227563),9 AVENUE,West 219 Street,West 220 Street,NB
38417,Manhattan,2025,1,11,1,45,1,73023,POINT (1008740.073465875 256746.7455227563),9 AVENUE,West 219 Street,West 220 Street,NB
38417,Manhattan,2025,1,11,2,0,1,73023,POINT (1008740.073465875 256746.7455227563),9 AVENUE,West 219 Street,West 220 Street,NB
38417,Manhattan,2025,1,11,2,15,1,73023,POINT (1008740.073465875 256746.7455227563),9 AVENUE,West 219 Street,West 220 Street,NB
38417,Manhattan,2025,1,11,2,30,3,73023,POINT (1008740.073465875 256746.7455227563),9 AVENUE,West 219 Street,West 220 Street,NB
38417,Manhattan,2025,1,11,2,45,0,73023,POINT (1008740.073465875 256746.7455227563),9 AVENUE,West 219 Street,West 220 Street,NB
38417,Manhattan,2025,1,11,3,0,2,73023,POINT (1008740.073465875 256746.7455227563),9 AVENUE,West 219 Street,West 220 Street,NB
38417,Manhattan,2025,1,11,3,15,2,73023,POINT (1008740.073465875 256746.7455227563),9 AVENUE,West 219 Street,West 220 Street,NB
38417,Manhattan,2025,1,11,3,30,1,73023,POINT (1008740.073465875 256746.7455227563),9 AVENUE,West 219 Street,West 220 Street,NB
38417,Manhattan,2025,1,11,3,45,0,73023,POINT (1008740.073465875 256746.7455227563),9 AVENUE,West 219 Street,West 220 Street,NB
38417,Manhattan,2025,1,11,4,0,1,73023,POINT (1008740.073465875 256746.7455227563),9 AVENUE,West 219 Street,West 220 Street,NB
38417,Manhattan,2025,1,11,4,15,1,73023,POINT (1008740.073465875 256746.7455227563),9 AVENUE,West 219 Street,West 220 Street,NB
38417,Manhattan,2025,1,11,4,30,1,73023,POINT (1008740.073465875 256746.7455227563),9 AVENUE,West 219 Street,West 220 Street,NB
38417,Manhattan,2025,1,11,4,45,7,73023,POINT (1008740.073465875 256746.7455227563),9 AVENUE,West 219 Street,West 220 Street,NB
38417,Manhattan,2025,1,11,5,0,3,73023,POINT (1008740.073465875 256746.7455227563),9 AVENUE,West 219 Street,West 220 Street,NB
38417,Manhattan,2025,1,11,5,15,3,73023,POINT (1008740.073465875 256746.7455227563),9 AVENUE,West 219 Street,West 220 Street,NB
38417,Manhattan,2025,1,11,5,30,2,73023,POINT (1008740.073465875 256746.7455227563),9 AVENUE,West 219 Street,West 220 Street,NB
38417,Manhattan,2025,1,11,5,45,8,73023,POINT (1008740.073465875 256746.7455227563),9 AVENUE,West 219 Street,West 220 Street,NB
38417,Manhattan,2025,1,11,6,0,6,73023,POINT (1008740.073465875 256746.7455227563),9 AVENUE,West 219 Street,West 220 Street,NB
38417,Manhattan,2025,1,11,6,15,3,73023,POINT (1008740.073465875 256746.7455227563),9 AVENUE,West 219 Street,West 220 Street,NB
38417,Manhattan,2025,1,11,6,30,13,73023,POINT (1008740.073465875 256746.7455227563),9 AVENUE,West 219 Street,West 220 Street,NB
38417,Manhattan,2025,1,11,6,45,8,73023,POINT (1008740.073465875 256746.7455227563),9 AVENUE,West 219 Street,West 220 Street,NB
38417,Manhattan,2025,1,11,7,0,4,73023,POINT (1008740.073465875 256746.7455227563),9 AVENUE,West 219 Street,West 220 Street,NB
38417,Manhattan,2025,1,11,7,15,5,73023,POINT (1008740.073465875 256746.7455227563),9 AVENUE,West 219 Street,West 220 Street,NB
38417,Manhattan,2025,1,11,7,30,7,73023,POINT (1008740.073465875 256746.7455227563),9 AVENUE,West 219 Street,West 220 Street,NB
38417,Manhattan,2025,1,11,7,45,14,73023,POINT (1008740.073465875 256746.7455227563),9 AVENUE,West 219 Street,West 220 Street,NB
38417,Manhattan,2025,1,11,8,0,6,73023,POINT (1008740.073465875 256746.7455227563),9 AVENUE,West 219 Street,West 220 Street,NB
38417,Manhattan,2025,1,11,8,15,3,73023,POINT (1008740.073465875 256746.7455227563),9 AVENUE,West 219 Street,West 220 Street,NB
38417,Manhattan,2025,1,11,8,30,2,73023,POINT (1008740.073465875 256746.7455227563),9 AVENUE,West 219 Street,West 220 Street,NB
38417,Manhattan,2025,1,11,8,45,5,73023,POINT (1008740.073465875 256746.7455227563),9 AVENUE,West 219 Street,West 220 Street,NB
38417,Manhattan,2025,1,11,9,0,5,73023,POINT (1008740.073465875 256746.7455227563),9 AVENUE,West 219 Street,West 220 Street,NB
38417,Manhattan,2025,1,11,9,15,2,73023,POINT (1008740.073465875 256746.7455227563),9 AVENUE,West 219 Street,West 220 Street,NB
38417,Manhattan,2025,1,11,9,30,5,73023,POINT (1008740.073465875 256746.7455227563),9 AVENUE,West 219 Street,West 220 Street,NB
38417,Manhattan,2025,1,11,9,45,10,73023,POINT (1008740.073465875 256746.7455227563),9 AVENUE,West 219 Street,West 220 Street,NB
38417,Manhattan,2025,1,11,10,0,6,73023,POINT (1008740.073465875 256746.7455227563),9 AVENUE,West 219 Street,West 220 Street,NB
38417,Manhattan,2025,1,11,10,15,5,73023,POINT (1008740.073465875 256746.7455227563),9 AVENUE,West 219 Street,West 220 Street,NB
38417,Manhattan,2025,1,11,10,30,6,73023,POINT (1008740.073465875 256746.7455227563),9 AVENUE,West 219 Street,West 220 Street,NB
38417,Manhattan,2025,1,11,10,45,6,73023,POINT (1008740.073465875 256746.7455227563),9 AVENUE,West 219 Street,West 220 Street,NB
38417,Manhattan,2025,1,11,11,0,5,73023,POINT (1008740.073465875 256746.7455227563),9 AVENUE,West 219 Street,West 220 Street,NB
38417,Manhattan,2025,1,11,11,15,4,73023,POINT (1008740.073465875 256746.7455227563),9 AVENUE,West 219 Street,West 220 Street,NB
38417,Manhattan,2025,1,11,11,30,14,73023,POINT (1008740.073465875 256746.7455227563),9 AVENUE,West 219 Street,West 220 Street,NB
38417,Manhattan,2025,1,11,11,45,12,73023,POINT (1008740.073465875 256746.7455227563),9 AVENUE,West 219 Street,West 220 Street,NB
38417,Manhattan,2025,1,11,12,0,9,73023,POINT (1008740.073465875 256746.7455227563),9 AVENUE,West 219 Street,West 220 Street,NB
38417,Manhattan,2025,1,11,12,15,5,73023,POINT (1008740.073465875 256746.7455227563),9 AVENUE,West 219 Street,West 220 Street,NB
38417,Manhattan,2025,1,11,12,30,5,73023,POINT (1008740.073465875 256746.7455227563),9 AVENUE,West 219 Street,West 220 Street,NB
38417,Manhattan,2025,1,11,12,45,6,73023,POINT (1008740.073465875 256746.7455227563),9 AVENUE,West 219 Street,West 220 Street,NB
38417,Manhattan,2025,1,11,13,0,8,73023,POINT (1008740.073465875 256746.7455227563),9 AVENUE,West 219 Street,West 220 Street,NB
38417,Manhattan,2025,1,11,13,15,13,73023,POINT (1008740.073465875 256746.7455227563),9 AVENUE,West 219 Street,West 220 Street,NB
38417,Manhattan,2025,1,11,13,30,9,73023,POINT (1008740.073465875 256746.7455227563),9 AVENUE,West 219 Street,West 220 Street,NB
38417,Manhattan,2025,1,11,13,45,14,73023,POINT (1008740.073465875 256746.7455227563),9 AVENUE,West 219 Street,West 220 Street,NB
38417,Manhattan,2025,1,11,14,0,12,73023,POINT (1008740.073465875 256746.7455227563),9 AVENUE,West 219 Street,West 220 Street,NB
38417,Manhattan,2025,1,11,14,15,5,73023,POINT (1008740.073465875 256746.7455227563),9 AVENUE,West 219 Street,West 220 Street,NB
38417,Manhattan,2025,1,11,14,30,11,73023,POINT (1008740.073465875 256746.7455227563),9 AVENUE,West 219 Street,West 220 Street,NB
38417,Manhattan,2025,1,11,14,45,7,73023,POINT (1008740.073465875 256746.7455227563),9 AVENUE,West 219 Street,West 220 Street,NB
38417,Manhattan,2025,1,11,15,0,5,73023,POINT (1008740.073465875 256746.7455227563),9 AVENUE,West 219 Street,West 220 Street,NB
38417,Manhattan,2025,1,11,15,15,5,73023,POINT (1008740.073465875 256746.7455227563),9 AVENUE,West 219 Street,West 220 Street,NB
38417,Manhattan,2025,1,11,15,30,5,73023,POINT (1008740.073465875 256746.7455227563),9 AVENUE,West 219 Street,West 220 Street,NB
38417,Manhattan,2025,1,11,15,45,11,73023,POINT (1008740.073465875 256746.7455227563),9 AVENUE,West 219 Street,West 220 Street,NB
38417,Manhattan,2025,1,11,16,0,8,73023,POINT (1008740.073465875 256746.7455227563),9 AVENUE,West 219 Street,West 220 Street,NB
38417,Manhattan,2025,1,11,16,15,6,73023,POINT (1008740.073465875 256746.7455227563),9 AVENUE,West 219 Street,West 220 Street,NB
38417,Manhattan,2025,1,11,16,30,5,73023,POINT (1008740.073465875 256746.7455227563),9 AVENUE,West 219 Street,West 220 Street,NB
38417,Manhattan,2025,1,11,16,45,7,73023,POINT (1008740.073465875 256746.7455227563),9 AVENUE,West 219 Street,West 220 Street,NB
38417,Manhattan,2025,1,11,17,0,9,73023,POINT (1008740.073465875 256746.7455227563),9 AVENUE,West 219 Street,West 220 Street,NB
38417,Manhattan,2025,1,11,17,15,5,73023,POINT (1008740.073465875 256746.7455227563),9 AVENUE,West 219 Street,West 220 Street,NB
38417,Manhattan,2025,1,11,17,30,9,73023,POINT (1008740.073465875 256746.7455227563),9 AVENUE,West 219 Street,West 220 Street,NB
38417,Manhattan,2025,1,11,17,45,7,73023,POINT (1008740.073465875 256746.7455227563),9 AVENUE,West 219 Street,West 220 Street,NB
38417,Manhattan,2025,1,11,18,0,7,73023,POINT (1008740.073465875 256746.7455227563),9 AVENUE,West 219 Street,West 220 Street,NB
38417,Manhattan,2025,1,11,18,15,4,73023,POINT (1008740.073465875 256746.7455227563),9 AVENUE,West 219 Street,West 220 Street,NB
38417,Manhattan,2025,1,11,18,30,13,73023,POINT (1008740.073465875 256746.7455227563),9 AVENUE,West 219 Street,West 220 Street,NB
38417,Manhattan,2025,1,11,18,45,3,73023,POINT (1008740.073465875 256746.7455227563),9 AVENUE,West 219 Street,West 220 Street,NB
38417,Manhattan,2025,1,11,19,0,1,73023,POINT (1008740.073465875 256746.7455227563),9 AVENUE,West 219 Street,West 220 Street,NB
38417,Manhattan,2025,1,11,19,15,3,73023,POINT (1008740.073465875 256746.7455227563),9 AVENUE,West 219 Street,West 220 Street,NB
38417,Manhattan,2025,1,11,19,30,2,73023,POINT (1008740.073465875 256746.7455227563),9 AVENUE,West 219 Street,West 220 Street,NB
38417,Manhattan,2025,1,11,19,45,1,73023,POINT (1008740.073465875 256746.7455227563),9 AVENUE,West 219 Street,West 220 Street,NB
38417,Manhattan,2025,1,11,20,0,3,73023,POINT (1008740.073465875 256746.7455227563),9 AVENUE,West 219 Street,West 220 Street,NB
38417,Manhattan,2025,1,11,20,15,3,73023,POINT (1008740.073465875 256746.7455227563),9 AVENUE,West 219 Street,West 220 Street,NB
38417,Manhattan,2025,1,11,20,30,5,73023,POINT (1008740.073465875 256746.7455227563),9 AVENUE,West 219 Street,West 220 Street,NB
38417,Manhattan,2025,1,11,20,45,5,73023,POINT (1008740.073465875 256746.7455227563),9 AVENUE,West 219 Street,West 220 Street,NB
38417,Manhattan,2025,1,11,21,0,5,73023,POINT (1008740.073465875 256746.7455227563),9 AVENUE,West 219 Street,West 220 Street,NB
38417,Manhattan,2025,1,11,21,15,1,73023,POINT (1008740.073465875 256746.7455227563),9 AVENUE,West 219 Street,West 220 Street,NB
38417,Manhattan,2025,1,11,21,30,3,73023,POINT (1008740.073465875 256746.7455227563),9 AVENUE,West 219 Street,West 220 Street,NB
38417,Manhattan,2025,1,11,21,45,4,73023,POINT (1008740.073465875 256746.7455227563),9 AVENUE,West 219 Street,West 220 Street,NB
38417,Manhattan,2025,1,11,22,0,1,73023,POINT (1008740.073465875 256746.7455227563),9 AVENUE,West 219 Street,West 220 Street,NB
38417,Manhattan,2025,1,11,22,15,0,73023,POINT (1008740.073465875 256746.7455227563),9 AVENUE,West 219 Street,West 220 Street,NB
38417,Manhattan,2025,1,11,22,30,3,73023,POINT (1008740.073465875 256746.7455227563),9 AVENUE,West 219 Street,West 220 Street,NB
38417,Manhattan,2025,1,11,22,45,5,73023,POINT (1008740.073465875 256746.7455227563),9 AVENUE,West 219 Street,West 220 Street,NB
38417,Manhattan,2025,1,11,23,0,0,73023,POINT (1008740.073465875 256746.7455227563),9 AVENUE,West 219 Street,West 220 Street,NB
38417,Manhattan,2025,1,11,23,15,2,73023,POINT (1008740.073465875 256746.7455227563),9 AVENUE,West 219 Street,West 220 Street,NB
38417,Manhattan,2025,1,11,23,30,5,73023,POINT (1008740.073465875 256746.7455227563),9 AVENUE,West 219 Street,West 220 Street,NB
38417,Manhattan,2025,1,11,23,45,5,73023,POINT (1008740.073465875 256746.7455227563),9 AVENUE,West 219 Street,West 220 Street,NB
38417,Manhattan,2025,1,12,0,0,2,73023,POINT (1008740.073465875 256746.7455227563),9 AVENUE,West 219 Street,West 220 Street,NB
38417,Manhattan,2025,1,12,0,15,3,73023,POINT (1008740.073465875 256746.7455227563),9 AVENUE,West 219 Street,West 220 Street,NB
38417,Manhattan,2025,1,12,0,30,2,73023,POINT (1008740.073465875 256746.7455227563),9 AVENUE,West 219 Street,West 220 Street,NB
38417,Manhattan,2025,1,12,0,45,1,73023,POINT (1008740.073465875 256746.7455227563),9 AVENUE,West 219 Street,West 220 Street,NB
38417,Manhattan,2025,1,12,1,0,0,73023,POINT (1008740.073465875 256746.7455227563),9 AVENUE,West 219 Street,West 220 Street,NB
38417,Manhattan,2025,1,12,1,15,1,73023,POINT (1008740.073465875 256746.7455227563),9 AVENUE,West 219 Street,West 220 Street,NB
38417,Manhattan,2025,1,12,1,30,1,73023,POINT (1008740.073465875 256746.7455227563),9 AVENUE,West 219 Street,West 220 Street,NB
38417,Manhattan,2025,1,12,1,45,0,73023,POINT (1008740.073465875 256746.7455227563),9 AVENUE,West 219 Street,West 220 Street,NB
38417,Manhattan,2025,1,12,2,0,1,73023,POINT (1008740.073465875 256746.7455227563),9 AVENUE,West 219 Street,West 220 Street,NB
38417,Manhattan,2025,1,12,2,15,1,73023,POINT (1008740.073465875 256746.7455227563),9 AVENUE,West 219 Street,West 220 Street,NB
38417,Manhattan,2025,1,12,2,30,0,73023,POINT (1008740.073465875 256746.7455227563),9 AVENUE,West 219 Street,West 220 Street,NB
38417,Manhattan,2025,1,12,2,45,1,73023,POINT (1008740.073465875 256746.7455227563),9 AVENUE,West 219 Street,West 220 Street,NB
38417,Manhattan,2025,1,12,3,0,0,73023,POINT (1008740.073465875 256746.7455227563),9 AVENUE,West 219 Street,West 220 Street,NB
38417,Manhattan,2025,1,12,3,15,3,73023,POINT (1008740.073465875 256746.7455227563),9 AVENUE,West 219 Street,West 220 Street,NB
38417,Manhattan,2025,1,12,3,30,0,73023,POINT (1008740.073465875 256746.7455227563),9 AVENUE,West 219 Street,West 220 Street,NB
38417,Manhattan,2025,1,12,3,45,0,73023,POINT (1008740.073465875 256746.7455227563),9 AVENUE,West 219 Street,West 220 Street,NB
38417,Manhattan,2025,1,12,4,0,0,73023,POINT (1008740.073465875 256746.7455227563),9 AVENUE,West 219 Street,West 220 Street,NB
38417,Manhattan,2025,1,12,4,15,3,73023,POINT (1008740.073465875 256746.7455227563),9 AVENUE,West 219 Street,West 220 Street,NB
38417,Manhattan,2025,1,12,4,30,2,73023,POINT (1008740.073465875 256746.7455227563),9 AVENUE,West 219 Street,West 220 Street,NB
38417,Manhattan,2025,1,12,4,45,1,73023,POINT (1008740.073465875 256746.7455227563),9 AVENUE,West 219 Street,West 220 Street,NB
38417,Manhattan,2025,1,12,5,0,1,73023,POINT (1008740.073465875 256746.7455227563),9 AVENUE,West 219 Street,West 220 Street,NB
38417,Manhattan,2025,1,12,5,15,1,73023,POINT (1008740.073465875 256746.7455227563),9 AVENUE,West 219 Street,West 220 Street,NB
38417,Manhattan,2025,1,12,5,30,1,73023,POINT (1008740.073465875 256746.7455227563),9 AVENUE,West 219 Street,West 220 Street,NB
38417,Manhattan,2025,1,12,5,45,9,73023,POINT (1008740.073465875 256746.7455227563),9 AVENUE,West 219 Street,West 220 Street,NB
38417,Manhattan,2025,1,12,6,0,6,73023,POINT (1008740.073465875 256746.7455227563),9 AVENUE,West 219 Street,West 220 Street,NB
38417,Manhattan,2025,1,12,6,15,2,73023,POINT (1008740.073465875 256746.7455227563),9 AVENUE,West 219 Street,West 220 Street,NB
38417,Manhattan,2025,1,12,6,30,3,73023,POINT (1008740.073465875 256746.7455227563),9 AVENUE,West 219 Street,West 220 Street,NB
38417,Manhattan,2025,1,12,6,45,6,73023,POINT (1008740.073465875 256746.7455227563),9 AVENUE,West 219 Street,West 220 Street,NB
38417,Manhattan,2025,1,12,7,0,4,73023,POINT (1008740.073465875 256746.7455227563),9 AVENUE,West 219 Street,West 220 Street,NB
38417,Manhattan,2025,1,12,7,15,4,73023,POINT (1008740.073465875 256746.7455227563),9 AVENUE,West 219 Street,West 220 Street,NB
38417,Manhattan,2025,1,12,7,30,3,73023,POINT (1008740.073465875 256746.7455227563),9 AVENUE,West 219 Street,West 220 Street,NB
38417,Manhattan,2025,1,12,7,45,1,73023,POINT (1008740.073465875 256746.7455227563),9 AVENUE,West 219 Street,West 220 Street,NB
38417,Manhattan,2025,1,12,8,0,5,73023,POINT (1008740.073465875 256746.7455227563),9 AVENUE,West 219 Street,West 220 Street,NB
38417,Manhattan,2025,1,12,8,15,4,73023,POINT (1008740.073465875 256746.7455227563),9 AVENUE,West 219 Street,West 220 Street,NB
38417,Manhattan,2025,1,12,8,30,2,73023,POINT (1008740.073465875 256746.7455227563),9 AVENUE,West 219 Street,West 220 Street,NB
38417,Manhattan,2025,1,12,8,45,3,73023,POINT (1008740.073465875 256746.7455227563),9 AVENUE,West 219 Street,West 220 Street,NB
38417,Manhattan,2025,1,12,9,0,1,73023,POINT (1008740.073465875 256746.7455227563),9 AVENUE,West 219 Street,West 220 Street,NB
38417,Manhattan,2025,1,12,9,15,2,73023,POINT (1008740.073465875 256746.7455227563),9 AVENUE,West 219 Street,West 220 Street,NB
38417,Manhattan,2025,1,12,9,30,2,73023,POINT (1008740.073465875 256746.7455227563),9 AVENUE,West 219 Street,West 220 Street,NB
38417,Manhattan,2025,1,12,9,45,3,73023,POINT (1008740.073465875 256746.7455227563),9 AVENUE,West 219 Street,West 220 Street,NB
38417,Manhattan,2025,1,12,10,0,1,73023,POINT (1008740.073465875 256746.7455227563),9 AVENUE,West 219 Street,West 220 Street,NB
38417,Manhattan,2025,1,12,10,15,3,73023,POINT (1008740.073465875 256746.7455227563),9 AVENUE,West 219 Street,West 220 Street,NB
38417,Manhattan,2025,1,12,10,30,3,73023,POINT (1008740.073465875 256746.7455227563),9 AVENUE,West 219 Street,West 220 Street,NB
38417,Manhattan,2025,1,12,10,45,1,73023,POINT (1008740.073465875 256746.7455227563),9 AVENUE,West 219 Street,West 220 Street,NB
38417,Manhattan,2025,1,12,11,0,2,73023,POINT (1008740.073465875 256746.7455227563),9 AVENUE,West 219 Street,West 220 Street,NB
38417,Manhattan,2025,1,12,11,15,5,73023,POINT (1008740.073465875 256746.7455227563),9 AVENUE,West 219 Street,West 220 Street,NB
38417,Manhattan,2025,1,12,11,30,2,73023,POINT (1008740.073465875 256746.7455227563),9 AVENUE,West 219 Street,West 220 Street,NB
38417,Manhattan,2025,1,12,11,45,5,73023,POINT (1008740.073465875 256746.7455227563),9 AVENUE,West 219 Street,West 220 Street,NB
38417,Manhattan,2025,1,12,12,0,5,73023,POINT (1008740.073465875 256746.7455227563),9 AVENUE,West 219 Street,West 220 Street,NB
38417,Manhattan,2025,1,12,12,15,4,73023,POINT (1008740.073465875 256746.7455227563),9 AVENUE,West 219 Street,West 220 Street,NB
38417,Manhattan,2025,1,12,12,30,2,73023,POINT (1008740.073465875 256746.7455227563),9 AVENUE,West 219 Street,West 220 Street,NB
38417,Manhattan,2025,1,12,12,45,9,73023,POINT (1008740.073465875 256746.7455227563),9 AVENUE,West 219 Street,West 220 Street,NB
38417,Manhattan,2025,1,12,13,0,4,73023,POINT (1008740.073465875 256746.7455227563),9 AVENUE,West 219 Street,West 220 Street,NB
38417,Manhattan,2025,1,12,13,15,5,73023,POINT (1008740.073465875 256746.7455227563),9 AVENUE,West 219 Street,West 220 Street,NB
38417,Manhattan,2025,1,12,13,30,6,73023,POINT (1008740.073465875 256746.7455227563),9 AVENUE,West 219 Street,West 220 Street,NB
38417,Manhattan,2025,1,12,13,45,4,73023,POINT (1008740.073465875 256746.7455227563),9 AVENUE,West 219 Street,West 220 Street,NB
38417,Manhattan,2025,1,12,14,0,4,73023,POINT (1008740.073465875 256746.7455227563),9 AVENUE,West 219 Street,West 220 Street,NB
38417,Manhattan,2025,1,12,14,15,7,73023,POINT (1008740.073465875 256746.7455227563),9 AVENUE,West 219 Street,West 220 Street,NB
38417,Manhattan,2025,1,12,14,30,4,73023,POINT (1008740.073465875 256746.7455227563),9 AVENUE,West 219 Street,West 220 Street,NB
38417,Manhattan,2025,1,12,14,45,4,73023,POINT (1008740.073465875 256746.7455227563),9 AVENUE,West 219 Street,West 220 Street,NB
38417,Manhattan,2025,1,12,15,0,5,73023,POINT (1008740.073465875 256746.7455227563),9 AVENUE,West 219 Street,West 220 Street,NB
38417,Manhattan,2025,1,12,15,15,8,73023,POINT (1008740.073465875 256746.7455227563),9 AVENUE,West 219 Street,West 220 Street,NB
38417,Manhattan,2025,1,12,15,30,8,73023,POINT (1008740.073465875 256746.7455227563),9 AVENUE,West 219 Street,West 220 Street,NB
38417,Manhattan,2025,1,12,15,45,8,73023,POINT (1008740.073465875 256746.7455227563),9 AVENUE,West 219 Street,West 220 Street,NB
38417,Manhattan,2025,1,12,16,0,1,73023,POINT (1008740.073465875 256746.7455227563),9 AVENUE,West 219 Street,West 220 Street,NB
38417,Manhattan,2025,1,12,16,15,6,73023,POINT (1008740.073465875 256746.7455227563),9 AVENUE,West 219 Street,West 220 Street,NB
38417,Manhattan,2025,1,12,16,30,2,73023,POINT (1008740.073465875 256746.7455227563),9 AVENUE,West 219 Street,West 220 Street,NB
38417,Manhattan,2025,1,12,16,45,2,73023,POINT (1008740.073465875 256746.7455227563),9 AVENUE,West 219 Street,West 220 Street,NB
38417,Manhattan,2025,1,12,17,0,7,73023,POINT (1008740.073465875 256746.7455227563),9 AVENUE,West 219 Street,West 220 Street,NB
38417,Manhattan,2025,1,12,17,15,4,73023,POINT (1008740.073465875 256746.7455227563),9 AVENUE,West 219 Street,West 220 Street,NB
38417,Manhattan,2025,1,12,17,30,6,73023,POINT (1008740.073465875 256746.7455227563),9 AVENUE,West 219 Street,West 220 Street,NB
38417,Manhattan,2025,1,12,17,45,3,73023,POINT (1008740.073465875 256746.7455227563),9 AVENUE,West 219 Street,West 220 Street,NB
38417,Manhattan,2025,1,12,18,0,3,73023,POINT (1008740.073465875 256746.7455227563),9 AVENUE,West 219 Street,West 220 Street,NB
38417,Manhattan,2025,1,12,18,15,2,73023,POINT (1008740.073465875 256746.7455227563),9 AVENUE,West 219 Street,West 220 Street,NB
38417,Manhattan,2025,1,12,18,30,6,73023,POINT (1008740.073465875 256746.7455227563),9 AVENUE,West 219 Street,West 220 Street,NB
38417,Manhattan,2025,1,12,18,45,2,73023,POINT (1008740.073465875 256746.7455227563),9 AVENUE,West 219 Street,West 220 Street,NB
38417,Manhattan,2025,1,12,19,0,4,73023,POINT (1008740.073465875 256746.7455227563),9 AVENUE,West 219 Street,West 220 Street,NB
38417,Manhattan,2025,1,12,19,15,3,73023,POINT (1008740.073465875 256746.7455227563),9 AVENUE,West 219 Street,West 220 Street,NB
38417,Manhattan,2025,1,12,19,30,4,73023,POINT (1008740.073465875 256746.7455227563),9 AVENUE,West 219 Street,West 220 Street,NB
38417,Manhattan,2025,1,12,19,45,3,73023,POINT (1008740.073465875 256746.7455227563),9 AVENUE,West 219 Street,West 220 Street,NB
38417,Manhattan,2025,1,12,20,0,2,73023,POINT (1008740.073465875 256746.7455227563),9 AVENUE,West 219 Street,West 220 Street,NB
38417,Manhattan,2025,1,12,20,15,1,73023,POINT (1008740.073465875 256746.7455227563),9 AVENUE,West 219 Street,West 220 Street,NB
38417,Manhattan,2025,1,12,20,30,0,73023,POINT (1008740.073465875 256746.7455227563),9 AVENUE,West 219 Street,West 220 Street,NB
38417,Manhattan,2025,1,12,20,45,3,73023,POINT (1008740.073465875 256746.7455227563),9 AVENUE,West 219 Street,West 220 Street,NB
38417,Manhattan,2025,1,12,21,0,3,73023,POINT (1008740.073465875 256746.7455227563),9 AVENUE,West 219 Street,West 220 Street,NB
38417,Manhattan,2025,1,12,21,15,1,73023,POINT (1008740.073465875 256746.7455227563),9 AVENUE,West 219 Street,West 220 Street,NB
38417,Manhattan,2025,1,12,21,30,2,73023,POINT (1008740.073465875 256746.7455227563),9 AVENUE,West 219 Street,West 220 Street,NB
38417,Manhattan,2025,1,12,21,45,2,73023,POINT (1008740.073465875 256746.7455227563),9 AVENUE,West 219 Street,West 220 Street,NB
38417,Manhattan,2025,1,12,22,0,0,73023,POINT (1008740.073465875 256746.7455227563),9 AVENUE,West 219 Street,West 220 Street,NB
38417,Manhattan,2025,1,12,22,15,2,73023,POINT (1008740.073465875 256746.7455227563),9 AVENUE,West 219 Street,West 220 Street,NB
38417,Manhattan,2025,1,12,22,30,4,73023,POINT (1008740.073465875 256746.7455227563),9 AVENUE,West 219 Street,West 220 Street,NB
38417,Manhattan,2025,1,12,22,45,3,73023,POINT (1008740.073465875 256746.7455227563),9 AVENUE,West 219 Street,West 220 Street,NB
38417,Manhattan,2025,1,12,23,0,0,73023,POINT (1008740.073465875 256746.7455227563),9 AVENUE,West 219 Street,West 220 Street,NB
38417,Manhattan,2025,1,12,23,15,2,73023,POINT (1008740.073465875 256746.7455227563),9 AVENUE,West 219 Street,West 220 Street,NB
38417,Manhattan,2025,1,12,23,30,1,73023,POINT (1008740.073465875 256746.7455227563),9 AVENUE,West 219 Street,West 220 Street,NB
38417,Manhattan,2025,1,12,23,45,2,73023,POINT (1008740.073465875 256746.7455227563),9 AVENUE,West 219 Street,West 220 Street,NB
38417,Manhattan,2024,1,6,0,0,5,73023,POINT (1008740.073465875 256746.7455227563),9 AVENUE,West 219 Street,West 220 Street,SB
38417,Manhattan,2024,1,6,0,15,3,73023,POINT (1008740.073465875 256746.7455227563),9 AVENUE,West 219 Street,West 220 Street,SB
38417,Manhattan,2024,1,6,0,30,0,73023,POINT (1008740.073465875 256746.7455227563),9 AVENUE,West 219 Street,West 220 Street,SB
38417,Manhattan,2024,1,6,0,45,3,73023,POINT (1008740.073465875 256746.7455227563),9 AVENUE,West 219 Street,West 220 Street,SB
38417,Manhattan,2024,1,6,1,0,3,73023,POINT (1008740.073465875 256746.7455227563),9 AVENUE,West 219 Street,West 220 Street,SB
38417,Manhattan,2024,1,6,1,15,4,73023,POINT (1008740.073465875 256746.7455227563),9 AVENUE,West 219 Street,West 220 Street,SB
38417,Manhattan,2024,1,6,1,30,1,73023,POINT (1008740.073465875 256746.7455227563),9 AVENUE,West 219 Street,West 220 Street,SB
38417,Manhattan,2024,1,6,1,45,1,73023,POINT (1008740.073465875 256746.7455227563),9 AVENUE,West 219 Street,West 220 Street,SB
38417,Manhattan,2024,1,6,2,0,2,73023,POINT (1008740.073465875 256746.7455227563),9 AVENUE,West 219 Street,West 220 Street,SB
38417,Manhattan,2024,1,6,2,15,1,73023,POINT (1008740.073465875 256746.7455227563),9 AVENUE,West 219 Street,West 220 Street,SB
38417,Manhattan,2024,1,6,2,30,2,73023,POINT (1008740.073465875 256746.7455227563),9 AVENUE,West 219 Street,West 220 Street,SB
38417,Manhattan,2024,1,6,2,45,2,73023,POINT (1008740.073465875 256746.7455227563),9 AVENUE,West 219 Street,West 220 Street,SB
38417,Manhattan,2024,1,6,3,0,0,73023,POINT (1008740.073465875 256746.7455227563),9 AVENUE,West 219 Street,West 220 Street,SB
38417,Manhattan,2024,1,6,3,15,1,73023,POINT (1008740.073465875 256746.7455227563),9 AVENUE,West 219 Street,West 220 Street,SB
38417,Manhattan,2024,1,6,3,30,4,73023,POINT (1008740.073465875 256746.7455227563),9 AVENUE,West 219 Street,West 220 Street,SB
38417,Manhattan,2024,1,6,3,45,6,73023,POINT (1008740.073465875 256746.7455227563),9 AVENUE,West 219 Street,West 220 Street,SB
38417,Manhattan,2024,1,6,4,0,2,73023,POINT (1008740.073465875 256746.7455227563),9 AVENUE,West 219 Street,West 220 Street,SB
38417,Manhattan,2024,1,6,4,15,9,73023,POINT (1008740.073465875 256746.7455227563),9 AVENUE,West 219 Street,West 220 Street,SB
38417,Manhattan,2024,1,6,4,30,15,73023,POINT (1008740.073465875 256746.7455227563),9 AVENUE,West 219 Street,West 220 Street,SB
38417,Manhattan,2024,1,6,4,45,7,73023,POINT (1008740.073465875 256746.7455227563),9 AVENUE,West 219 Street,West 220 Street,SB
38417,Manhattan,2024,1,6,5,0,8,73023,POINT (1008740.073465875 256746.7455227563),9 AVENUE,West 219 Street,West 220 Street,SB
38417,Manhattan,2024,1,6,5,15,19,73023,POINT (1008740.073465875 256746.7455227563),9 AVENUE,West 219 Street,West 220 Street,SB
38417,Manhattan,2024,1,6,5,30,21,73023,POINT (1008740.073465875 256746.7455227563),9 AVENUE,West 219 Street,West 220 Street,SB
38417,Manhattan,2024,1,6,5,45,25,73023,POINT (1008740.073465875 256746.7455227563),9 AVENUE,West 219 Street,West 220 Street,SB
38417,Manhattan,2024,1,6,6,0,19,73023,POINT (1008740.073465875 256746.7455227563),9 AVENUE,West 219 Street,West 220 Street,SB
38417,Manhattan,2024,1,6,6,15,19,73023,POINT (1008740.073465875 256746.7455227563),9 AVENUE,West 219 Street,West 220 Street,SB
38417,Manhattan,2024,1,6,6,30,18,73023,POINT (1008740.073465875 256746.7455227563),9 AVENUE,West 219 Street,West 220 Street,SB
38417,Manhattan,2024,1,6,6,45,37,73023,POINT (1008740.073465875 256746.7455227563),9 AVENUE,West 219 Street,West 220 Street,SB
38417,Manhattan,2024,1,6,7,0,65,73023,POINT (1008740.073465875 256746.7455227563),9 AVENUE,West 219 Street,West 220 Street,SB
38417,Manhattan,2024,1,6,7,15,125,73023,POINT (1008740.073465875 256746.7455227563),9 AVENUE,West 219 Street,West 220 Street,SB
38417,Manhattan,2024,1,6,7,30,127,73023,POINT (1008740.073465875 256746.7455227563),9 AVENUE,West 219 Street,West 220 Street,SB
38417,Manhattan,2024,1,6,7,45,44,73023,POINT (1008740.073465875 256746.7455227563),9 AVENUE,West 219 Street,West 220 Street,SB
38417,Manhattan,2024,1,6,8,0,14,73023,POINT (1008740.073465875 256746.7455227563),9 AVENUE,West 219 Street,West 220 Street,SB
38417,Manhattan,2024,1,6,8,15,12,73023,POINT (1008740.073465875 256746.7455227563),9 AVENUE,West 219 Street,West 220 Street,SB
38417,Manhattan,2024,1,6,8,30,14,73023,POINT (1008740.073465875 256746.7455227563),9 AVENUE,West 219 Street,West 220 Street,SB
38417,Manhattan,2024,1,6,8,45,26,73023,POINT (1008740.073465875 256746.7455227563),9 AVENUE,West 219 Street,West 220 Street,SB
38417,Manhattan,2024,1,6,9,0,21,73023,POINT (1008740.073465875 256746.7455227563),9 AVENUE,West 219 Street,West 220 Street,SB
38417,Manhattan,2024,1,6,9,15,14,73023,POINT (1008740.073465875 256746.7455227563),9 AVENUE,West 219 Street,West 220 Street,SB
38417,Manhattan,2024,1,6,9,30,23,73023,POINT (1008740.073465875 256746.7455227563),9 AVENUE,West 219 Street,West 220 Street,SB
38417,Manhattan,2024,1,6,9,45,14,73023,POINT (1008740.073465875 256746.7455227563),9 AVENUE,West 219 Street,West 220 Street,SB
38417,Manhattan,2024,1,6,10,0,12,73023,POINT (1008740.073465875 256746.7455227563),9 AVENUE,West 219 Street,West 220 Street,SB
38417,Manhattan,2024,1,6,10,15,15,73023,POINT (1008740.073465875 256746.7455227563),9 AVENUE,West 219 Street,West 220 Street,SB
38417,Manhattan,2024,1,6,10,30,13,73023,POINT (1008740.073465875 256746.7455227563),9 AVENUE,West 219 Street,West 220 Street,SB
38417,Manhattan,2024,1,6,10,45,16,73023,POINT (1008740.073465875 256746.7455227563),9 AVENUE,West 219 Street,West 220 Street,SB
38417,Manhattan,2024,1,6,11,0,12,73023,POINT (1008740.073465875 256746.7455227563),9 AVENUE,West 219 Street,West 220 Street,SB
38417,Manhattan,2024,1,6,11,15,14,73023,POINT (1008740.073465875 256746.7455227563),9 AVENUE,West 219 Street,West 220 Street,SB
38417,Manhattan,2024,1,6,11,30,11,73023,POINT (1008740.073465875 256746.7455227563),9 AVENUE,West 219 Street,West 220 Street,SB
38417,Manhattan,2024,1,6,11,45,10,73023,POINT (1008740.073465875 256746.7455227563),9 AVENUE,West 219 Street,West 220 Street,SB
38417,Manhattan,2024,1,6,12,0,19,73023,POINT (1008740.073465875 256746.7455227563),9 AVENUE,West 219 Street,West 220 Street,SB
38417,Manhattan,2024,1,6,12,15,11,73023,POINT (1008740.073465875 256746.7455227563),9 AVENUE,West 219 Street,West 220 Street,SB
38417,Manhattan,2024,1,6,12,30,15,73023,POINT (1008740.073465875 256746.7455227563),9 AVENUE,West 219 Street,West 220 Street,SB
38417,Manhattan,2024,1,6,12,45,18,73023,POINT (1008740.073465875 256746.7455227563),9 AVENUE,West 219 Street,West 220 Street,SB
38417,Manhattan,2024,1,6,13,0,19,73023,POINT (1008740.073465875 256746.7455227563),9 AVENUE,West 219 Street,West 220 Street,SB
38417,Manhattan,2024,1,6,13,15,27,73023,POINT (1008740.073465875 256746.7455227563),9 AVENUE,West 219 Street,West 220 Street,SB
38417,Manhattan,2024,1,6,13,30,19,73023,POINT (1008740.073465875 256746.7455227563),9 AVENUE,West 219 Street,West 220 Street,SB
38417,Manhattan,2024,1,6,13,45,25,73023,POINT (1008740.073465875 256746.7455227563),9 AVENUE,West 219 Street,West 220 Street,SB
38417,Manhattan,2024,1,6,14,0,17,73023,POINT (1008740.073465875 256746.7455227563),9 AVENUE,West 219 Street,West 220 Street,SB
38417,Manhattan,2024,1,6,14,15,30,73023,POINT (1008740.073465875 256746.7455227563),9 AVENUE,West 219 Street,West 220 Street,SB
38417,Manhattan,2024,1,6,14,30,26,73023,POINT (1008740.073465875 256746.7455227563),9 AVENUE,West 219 Street,West 220 Street,SB
38417,Manhattan,2024,1,6,14,45,33,73023,POINT (1008740.073465875 256746.7455227563),9 AVENUE,West 219 Street,West 220 Street,SB
38417,Manhattan,2024,1,6,15,0,63,73023,POINT (1008740.073465875 256746.7455227563),9 AVENUE,West 219 Street,West 220 Street,SB
38417,Manhattan,2024,1,6,15,15,72,73023,POINT (1008740.073465875 256746.7455227563),9 AVENUE,West 219 Street,West 220 Street,SB
38417,Manhattan,2024,1,6,15,30,63,73023,POINT (1008740.073465875 256746.7455227563),9 AVENUE,West 219 Street,West 220 Street,SB
38417,Manhattan,2024,1,6,15,45,43,73023,POINT (1008740.073465875 256746.7455227563),9 AVENUE,West 219 Street,West 220 Street,SB
38417,Manhattan,2024,1,6,16,0,28,73023,POINT (1008740.073465875 256746.7455227563),9 AVENUE,West 219 Street,West 220 Street,SB
38417,Manhattan,2024,1,6,16,15,38,73023,POINT (1008740.073465875 256746.7455227563),9 AVENUE,West 219 Street,West 220 Street,SB
38417,Manhattan,2024,1,6,16,30,36,73023,POINT (1008740.073465875 256746.7455227563),9 AVENUE,West 219 Street,West 220 Street,SB
38417,Manhattan,2024,1,6,16,45,19,73023,POINT (1008740.073465875 256746.7455227563),9 AVENUE,West 219 Street,West 220 Street,SB
38417,Manhattan,2024,1,6,17,0,18,73023,POINT (1008740.073465875 256746.7455227563),9 AVENUE,West 219 Street,West 220 Street,SB
38417,Manhattan,2024,1,6,17,15,14,73023,POINT (1008740.073465875 256746.7455227563),9 AVENUE,West 219 Street,West 220 Street,SB
38417,Manhattan,2024,1,6,17,30,21,73023,POINT (1008740.073465875 256746.7455227563),9 AVENUE,West 219 Street,West 220 Street,SB
38417,Manhattan,2024,1,6,17,45,21,73023,POINT (1008740.073465875 256746.7455227563),9 AVENUE,West 219 Street,West 220 Street,SB
38417,Manhattan,2024,1,6,18,0,13,73023,POINT (1008740.073465875 256746.7455227563),9 AVENUE,West 219 Street,West 220 Street,SB
38417,Manhattan,2024,1,6,18,15,9,73023,POINT (1008740.073465875 256746.7455227563),9 AVENUE,West 219 Street,West 220 Street,SB
38417,Manhattan,2024,1,6,18,30,11,73023,POINT (1008740.073465875 256746.7455227563),9 AVENUE,West 219 Street,West 220 Street,SB
38417,Manhattan,2024,1,6,18,45,9,73023,POINT (1008740.073465875 256746.7455227563),9 AVENUE,West 219 Street,West 220 Street,SB
38417,Manhattan,2024,1,6,19,0,9,73023,POINT (1008740.073465875 256746.7455227563),9 AVENUE,West 219 Street,West 220 Street,SB
38417,Manhattan,2024,1,6,19,15,12,73023,POINT (1008740.073465875 256746.7455227563),9 AVENUE,West 219 Street,West 220 Street,SB
38417,Manhattan,2024,1,6,19,30,15,73023,POINT (1008740.073465875 256746.7455227563),9 AVENUE,West 219 Street,West 220 Street,SB
38417,Manhattan,2024,1,6,19,45,9,73023,POINT (1008740.073465875 256746.7455227563),9 AVENUE,West 219 Street,West 220 Street,SB
38417,Manhattan,2024,1,6,20,0,12,73023,POINT (1008740.073465875 256746.7455227563),9 AVENUE,West 219 Street,West 220 Street,SB
38417,Manhattan,2024,1,6,20,15,11,73023,POINT (1008740.073465875 256746.7455227563),9 AVENUE,West 219 Street,West 220 Street,SB
38417,Manhattan,2024,1,6,20,30,13,73023,POINT (1008740.073465875 256746.7455227563),9 AVENUE,West 219 Street,West 220 Street,SB
38417,Manhattan,2024,1,6,20,45,16,73023,POINT (1008740.073465875 256746.7455227563),9 AVENUE,West 219 Street,West 220 Street,SB
38417,Manhattan,2024,1,6,21,0,10,73023,POINT (1008740.073465875 256746.7455227563),9 AVENUE,West 219 Street,West 220 Street,SB
38417,Manhattan,2024,1,6,21,15,10,73023,POINT (1008740.073465875 256746.7455227563),9 AVENUE,West 219 Street,West 220 Street,SB
38417,Manhattan,2024,1,6,21,30,10,73023,POINT (1008740.073465875 256746.7455227563),9 AVENUE,West 219 Street,West 220 Street,SB
38417,Manhattan,2024,1,6,21,45,19,73023,POINT (1008740.073465875 256746.7455227563),9 AVENUE,West 219 Street,West 220 Street,SB
38417,Manhattan,2024,1,6,22,0,6,73023,POINT (1008740.073465875 256746.7455227563),9 AVENUE,West 219 Street,West 220 Street,SB
38417,Manhattan,2024,1,6,22,15,8,73023,POINT (1008740.073465875 256746.7455227563),9 AVENUE,West 219 Street,West 220 Street,SB
38417,Manhattan,2024,1,6,22,30,6,73023,POINT (1008740.073465875 256746.7455227563),9 AVENUE,West 219 Street,West 220 Street,SB
38417,Manhattan,2024,1,6,22,45,7,73023,POINT (1008740.073465875 256746.7455227563),9 AVENUE,West 219 Street,West 220 Street,SB
38417,Manhattan,2024,1,6,23,0,11,73023,POINT (1008740.073465875 256746.7455227563),9 AVENUE,West 219 Street,West 220 Street,SB
38417,Manhattan,2024,1,6,23,15,6,73023,POINT (1008740.073465875 256746.7455227563),9 AVENUE,West 219 Street,West 220 Street,SB
38417,Manhattan,2024,1,6,23,30,9,73023,POINT (1008740.073465875 256746.7455227563),9 AVENUE,West 219 Street,West 220 Street,SB
38417,Manhattan,2024,1,6,23,45,7,73023,POINT (1008740.073465875 256746.7455227563),9 AVENUE,West 219 Street,West 220 Street,SB
38417,Manhattan,2024,1,7,0,0,9,73023,POINT (1008740.073465875 256746.7455227563),9 AVENUE,West 219 Street,West 220 Street,SB
38417,Manhattan,2024,1,7,0,15,3,73023,POINT (1008740.073465875 256746.7455227563),9 AVENUE,West 219 Street,West 220 Street,SB
38417,Manhattan,2024,1,7,0,30,8,73023,POINT (1008740.073465875 256746.7455227563),9 AVENUE,West 219 Street,West 220 Street,SB
38417,Manhattan,2024,1,7,0,45,3,73023,POINT (1008740.073465875 256746.7455227563),9 AVENUE,West 219 Street,West 220 Street,SB
38417,Manhattan,2024,1,7,1,0,4,73023,POINT (1008740.073465875 256746.7455227563),9 AVENUE,West 219 Street,West 220 Street,SB
38417,Manhattan,2024,1,7,1,15,3,73023,POINT (1008740.073465875 256746.7455227563),9 AVENUE,West 219 Street,West 220 Street,SB
38417,Manhattan,2024,1,7,1,30,3,73023,POINT (1008740.073465875 256746.7455227563),9 AVENUE,West 219 Street,West 220 Street,SB
38417,Manhattan,2024,1,7,1,45,0,73023,POINT (1008740.073465875 256746.7455227563),9 AVENUE,West 219 Street,West 220 Street,SB
38417,Manhattan,2024,1,7,2,0,5,73023,POINT (1008740.073465875 256746.7455227563),9 AVENUE,West 219 Street,West 220 Street,SB
38417,Manhattan,2024,1,7,2,15,0,73023,POINT (1008740.073465875 256746.7455227563),9 AVENUE,West 219 Street,West 220 Street,SB
38417,Manhattan,2024,1,7,2,30,2,73023,POINT (1008740.073465875 256746.7455227563),9 AVENUE,West 219 Street,West 220 Street,SB
38417,Manhattan,2024,1,7,2,45,1,73023,POINT (1008740.073465875 256746.7455227563),9 AVENUE,West 219 Street,West 220 Street,SB
38417,Manhattan,2024,1,7,3,0,1,73023,POINT (1008740.073465875 256746.7455227563),9 AVENUE,West 219 Street,West 220 Street,SB
38417,Manhattan,2024,1,7,3,15,3,73023,POINT (1008740.073465875 256746.7455227563),9 AVENUE,West 219 Street,West 220 Street,SB
38417,Manhattan,2024,1,7,3,30,7,73023,POINT (1008740.073465875 256746.7455227563),9 AVENUE,West 219 Street,West 220 Street,SB
38417,Manhattan,2024,1,7,3,45,4,73023,POINT (1008740.073465875 256746.7455227563),9 AVENUE,West 219 Street,West 220 Street,SB
38417,Manhattan,2024,1,7,4,0,4,73023,POINT (1008740.073465875 256746.7455227563),9 AVENUE,West 219 Street,West 220 Street,SB
38417,Manhattan,2024,1,7,4,15,6,73023,POINT (1008740.073465875 256746.7455227563),9 AVENUE,West 219 Street,West 220 Street,SB
38417,Manhattan,2024,1,7,4,30,13,73023,POINT (1008740.073465875 256746.7455227563),9 AVENUE,West 219 Street,West 220 Street,SB
38417,Manhattan,2024,1,7,4,45,6,73023,POINT (1008740.073465875 256746.7455227563),9 AVENUE,West 219 Street,West 220 Street,SB
38417,Manhattan,2024,1,7,5,0,10,73023,POINT (1008740.073465875 256746.7455227563),9 AVENUE,West 219 Street,West 220 Street,SB
38417,Manhattan,2024,1,7,5,15,19,73023,POINT (1008740.073465875 256746.7455227563),9 AVENUE,West 219 Street,West 220 Street,SB
38417,Manhattan,2024,1,7,5,30,16,73023,POINT (1008740.073465875 256746.7455227563),9 AVENUE,West 219 Street,West 220 Street,SB
38417,Manhattan,2024,1,7,5,45,29,73023,POINT (1008740.073465875 256746.7455227563),9 AVENUE,West 219 Street,West 220 Street,SB
38417,Manhattan,2024,1,7,6,0,21,73023,POINT (1008740.073465875 256746.7455227563),9 AVENUE,West 219 Street,West 220 Street,SB
38417,Manhattan,2024,1,9,10,45,24,73023,POINT (1008740.073465875 256746.7455227563),9 AVENUE,West 219 Street,West 220 Street,SB
38417,Manhattan,2024,1,9,11,0,20,73023,POINT (1008740.073465875 256746.7455227563),9 AVENUE,West 219 Street,West 220 Street,SB
38417,Manhattan,2024,1,9,11,15,22,73023,POINT (1008740.073465875 256746.7455227563),9 AVENUE,West 219 Street,West 220 Street,SB
38417,Manhattan,2024,1,9,11,30,26,73023,POINT (1008740.073465875 256746.7455227563),9 AVENUE,West 219 Street,West 220 Street,SB
38417,Manhattan,2024,1,9,11,45,30,73023,POINT (1008740.073465875 256746.7455227563),9 AVENUE,West 219 Street,West 220 Street,SB
38417,Manhattan,2024,1,9,12,0,24,73023,POINT (1008740.073465875 256746.7455227563),9 AVENUE,West 219 Street,West 220 Street,SB
38417,Manhattan,2024,1,9,12,15,25,73023,POINT (1008740.073465875 256746.7455227563),9 AVENUE,West 219 Street,West 220 Street,SB
38417,Manhattan,2024,1,9,12,30,24,73023,POINT (1008740.073465875 256746.7455227563),9 AVENUE,West 219 Street,West 220 Street,SB
38417,Manhattan,2024,1,9,12,45,22,73023,POINT (1008740.073465875 256746.7455227563),9 AVENUE,West 219 Street,West 220 Street,SB
38417,Manhattan,2024,1,9,13,0,17,73023,POINT (1008740.073465875 256746.7455227563),9 AVENUE,West 219 Street,West 220 Street,SB
38417,Manhattan,2024,1,9,13,15,22,73023,POINT (1008740.073465875 256746.7455227563),9 AVENUE,West 219 Street,West 220 Street,SB
38417,Manhattan,2024,1,9,13,30,30,73023,POINT (1008740.073465875 256746.7455227563),9 AVENUE,West 219 Street,West 220 Street,SB
38417,Manhattan,2024,1,9,13,45,23,73023,POINT (1008740.073465875 256746.7455227563),9 AVENUE,West 219 Street,West 220 Street,SB
38417,Manhattan,2024,1,9,14,0,27,73023,POINT (1008740.073465875 256746.7455227563),9 AVENUE,West 219 Street,West 220 Street,SB
38417,Manhattan,2024,1,9,14,15,29,73023,POINT (1008740.073465875 256746.7455227563),9 AVENUE,West 219 Street,West 220 Street,SB
38417,Manhattan,2024,1,9,14,30,42,73023,POINT (1008740.073465875 256746.7455227563),9 AVENUE,West 219 Street,West 220 Street,SB
38417,Manhattan,2024,1,9,14,45,28,73023,POINT (1008740.073465875 256746.7455227563),9 AVENUE,West 219 Street,West 220 Street,SB
38417,Manhattan,2024,1,9,15,0,68,73023,POINT (1008740.073465875 256746.7455227563),9 AVENUE,West 219 Street,West 220 Street,SB
38417,Manhattan,2024,1,9,15,15,85,73023,POINT (1008740.073465875 256746.7455227563),9 AVENUE,West 219 Street,West 220 Street,SB
38417,Manhattan,2024,1,9,15,30,71,73023,POINT (1008740.073465875 256746.7455227563),9 AVENUE,West 219 Street,West 220 Street,SB
38417,Manhattan,2024,1,9,15,45,64,73023,POINT (1008740.073465875 256746.7455227563),9 AVENUE,West 219 Street,West 220 Street,SB
38417,Manhattan,2024,1,9,16,0,43,73023,POINT (1008740.073465875 256746.7455227563),9 AVENUE,West 219 Street,West 220 Street,SB
38417,Manhattan,2024,1,9,16,15,45,73023,POINT (1008740.073465875 256746.7455227563),9 AVENUE,West 219 Street,West 220 Street,SB
38417,Manhattan,2024,1,9,16,30,31,73023,POINT (1008740.073465875 256746.7455227563),9 AVENUE,West 219 Street,West 220 Street,SB
38417,Manhattan,2024,1,9,16,45,25,73023,POINT (1008740.073465875 256746.7455227563),9 AVENUE,West 219 Street,West 220 Street,SB
38417,Manhattan,2024,1,9,17,0,27,73023,POINT (1008740.073465875 256746.7455227563),9 AVENUE,West 219 Street,West 220 Street,SB
38417,Manhattan,2024,1,9,17,15,22,73023,POINT (1008740.073465875 256746.7455227563),9 AVENUE,West 219 Street,West 220 Street,SB
38417,Manhattan,2024,1,9,17,30,14,73023,POINT (1008740.073465875 256746.7455227563),9 AVENUE,West 219 Street,West 220 Street,SB
38417,Manhattan,2024,1,9,17,45,15,73023,POINT (1008740.073465875 256746.7455227563),9 AVENUE,West 219 Street,West 220 Street,SB
38417,Manhattan,2024,1,9,18,0,20,73023,POINT (1008740.073465875 256746.7455227563),9 AVENUE,West 219 Street,West 220 Street,SB
38417,Manhattan,2024,1,9,18,15,16,73023,POINT (1008740.073465875 256746.7455227563),9 AVENUE,West 219 Street,West 220 Street,SB
38417,Manhattan,2024,1,9,18,30,15,73023,POINT (1008740.073465875 256746.7455227563),9 AVENUE,West 219 Street,West 220 Street,SB
38417,Manhattan,2024,1,9,18,45,10,73023,POINT (1008740.073465875 256746.7455227563),9 AVENUE,West 219 Street,West 220 Street,SB
38417,Manhattan,2024,1,9,19,0,8,73023,POINT (1008740.073465875 256746.7455227563),9 AVENUE,West 219 Street,West 220 Street,SB
38417,Manhattan,2024,1,9,19,15,9,73023,POINT (1008740.073465875 256746.7455227563),9 AVENUE,West 219 Street,West 220 Street,SB
38417,Manhattan,2024,1,9,19,30,19,73023,POINT (1008740.073465875 256746.7455227563),9 AVENUE,West 219 Street,West 220 Street,SB
38417,Manhattan,2024,1,9,19,45,8,73023,POINT (1008740.073465875 256746.7455227563),9 AVENUE,West 219 Street,West 220 Street,SB
38417,Manhattan,2024,1,9,20,0,10,73023,POINT (1008740.073465875 256746.7455227563),9 AVENUE,West 219 Street,West 220 Street,SB
38417,Manhattan,2024,1,9,20,15,11,73023,POINT (1008740.073465875 256746.7455227563),9 AVENUE,West 219 Street,West 220 Street,SB
38417,Manhattan,2024,1,9,20,30,6,73023,POINT (1008740.073465875 256746.7455227563),9 AVENUE,West 219 Street,West 220 Street,SB
38417,Manhattan,2024,1,9,20,45,8,73023,POINT (1008740.073465875 256746.7455227563),9 AVENUE,West 219 Street,West 220 Street,SB
38417,Manhattan,2024,1,9,21,0,5,73023,POINT (1008740.073465875 256746.7455227563),9 AVENUE,West 219 Street,West 220 Street,SB
38417,Manhattan,2024,1,9,21,15,8,73023,POINT (1008740.073465875 256746.7455227563),9 AVENUE,West 219 Street,West 220 Street,SB
38417,Manhattan,2024,1,9,21,30,11,73023,POINT (1008740.073465875 256746.7455227563),9 AVENUE,West 219 Street,West 220 Street,SB
38417,Manhattan,2024,1,9,21,45,15,73023,POINT (1008740.073465875 256746.7455227563),9 AVENUE,West 219 Street,West 220 Street,SB
38417,Manhattan,2024,1,9,22,0,6,73023,POINT (1008740.073465875 256746.7455227563),9 AVENUE,West 219 Street,West 220 Street,SB
38417,Manhattan,2024,1,9,22,15,8,73023,POINT (1008740.073465875 256746.7455227563),9 AVENUE,West 219 Street,West 220 Street,SB
38417,Manhattan,2024,1,9,22,30,4,73023,POINT (1008740.073465875 256746.7455227563),9 AVENUE,West 219 Street,West 220 Street,SB
38417,Manhattan,2024,1,9,22,45,12,73023,POINT (1008740.073465875 256746.7455227563),9 AVENUE,West 219 Street,West 220 Street,SB
38417,Manhattan,2024,1,9,23,0,8,73023,POINT (1008740.073465875 256746.7455227563),9 AVENUE,West 219 Street,West 220 Street,SB
38417,Manhattan,2024,1,9,23,15,14,73023,POINT (1008740.073465875 256746.7455227563),9 AVENUE,West 219 Street,West 220 Street,SB
38417,Manhattan,2024,1,9,23,30,9,73023,POINT (1008740.073465875 256746.7455227563),9 AVENUE,West 219 Street,West 220 Street,SB
38417,Manhattan,2024,1,9,23,45,10,73023,POINT (1008740.073465875 256746.7455227563),9 AVENUE,West 219 Street,West 220 Street,SB
38417,Manhattan,2024,1,10,0,0,5,73023,POINT (1008740.073465875 256746.7455227563),9 AVENUE,West 219 Street,West 220 Street,SB
38417,Manhattan,2024,1,10,0,15,9,73023,POINT (1008740.073465875 256746.7455227563),9 AVENUE,West 219 Street,West 220 Street,SB
38417,Manhattan,2024,1,10,0,30,4,73023,POINT (1008740.073465875 256746.7455227563),9 AVENUE,West 219 Street,West 220 Street,SB
38417,Manhattan,2024,1,10,0,45,4,73023,POINT (1008740.073465875 256746.7455227563),9 AVENUE,West 219 Street,West 220 Street,SB
38417,Manhattan,2024,1,10,1,0,3,73023,POINT (1008740.073465875 256746.7455227563),9 AVENUE,West 219 Street,West 220 Street,SB
38417,Manhattan,2024,1,10,1,15,4,73023,POINT (1008740.073465875 256746.7455227563),9 AVENUE,West 219 Street,West 220 Street,SB
38417,Manhattan,2024,1,10,1,30,2,73023,POINT (1008740.073465875 256746.7455227563),9 AVENUE,West 219 Street,West 220 Street,SB
38417,Manhattan,2024,1,10,1,45,2,73023,POINT (1008740.073465875 256746.7455227563),9 AVENUE,West 219 Street,West 220 Street,SB
38417,Manhattan,2024,1,10,2,0,6,73023,POINT (1008740.073465875 256746.7455227563),9 AVENUE,West 219 Street,West 220 Street,SB
38417,Manhattan,2024,1,10,2,15,3,73023,POINT (1008740.073465875 256746.7455227563),9 AVENUE,West 219 Street,West 220 Street,SB
38417,Manhattan,2024,1,10,2,30,1,73023,POINT (1008740.073465875 256746.7455227563),9 AVENUE,West 219 Street,West 220 Street,SB
38417,Manhattan,2024,1,10,2,45,0,73023,POINT (1008740.073465875 256746.7455227563),9 AVENUE,West 219 Street,West 220 Street,SB
38417,Manhattan,2024,1,10,3,0,0,73023,POINT (1008740.073465875 256746.7455227563),9 AVENUE,West 219 Street,West 220 Street,SB
38417,Manhattan,2024,1,10,3,15,3,73023,POINT (1008740.073465875 256746.7455227563),9 AVENUE,West 219 Street,West 220 Street,SB
38417,Manhattan,2024,1,10,3,30,3,73023,POINT (1008740.073465875 256746.7455227563),9 AVENUE,West 219 Street,West 220 Street,SB
38417,Manhattan,2024,1,10,3,45,2,73023,POINT (1008740.073465875 256746.7455227563),9 AVENUE,West 219 Street,West 220 Street,SB
38417,Manhattan,2024,1,10,4,0,3,73023,POINT (1008740.073465875 256746.7455227563),9 AVENUE,West 219 Street,West 220 Street,SB
38417,Manhattan,2024,1,10,4,15,6,73023,POINT (1008740.073465875 256746.7455227563),9 AVENUE,West 219 Street,West 220 Street,SB
38417,Manhattan,2024,1,10,4,30,10,73023,POINT (1008740.073465875 256746.7455227563),9 AVENUE,West 219 Street,West 220 Street,SB
38417,Manhattan,2024,1,10,4,45,8,73023,POINT (1008740.073465875 256746.7455227563),9 AVENUE,West 219 Street,West 220 Street,SB
38417,Manhattan,2024,1,10,5,0,7,73023,POINT (1008740.073465875 256746.7455227563),9 AVENUE,West 219 Street,West 220 Street,SB
38417,Manhattan,2024,1,10,5,15,12,73023,POINT (1008740.073465875 256746.7455227563),9 AVENUE,West 219 Street,West 220 Street,SB
38417,Manhattan,2024,1,10,5,30,27,73023,POINT (1008740.073465875 256746.7455227563),9 AVENUE,West 219 Street,West 220 Street,SB
38417,Manhattan,2024,1,10,5,45,29,73023,POINT (1008740.073465875 256746.7455227563),9 AVENUE,West 219 Street,West 220 Street,SB
38417,Manhattan,2024,1,10,6,0,20,73023,POINT (1008740.073465875 256746.7455227563),9 AVENUE,West 219 Street,West 220 Street,SB
38417,Manhattan,2024,1,10,6,15,17,73023,POINT (1008740.073465875 256746.7455227563),9 AVENUE,West 219 Street,West 220 Street,SB
38417,Manhattan,2024,1,10,6,30,22,73023,POINT (1008740.073465875 256746.7455227563),9 AVENUE,West 219 Street,West 220 Street,SB
38417,Manhattan,2024,1,10,6,45,39,73023,POINT (1008740.073465875 256746.7455227563),9 AVENUE,West 219 Street,West 220 Street,SB
38417,Manhattan,2024,1,10,7,0,57,73023,POINT (1008740.073465875 256746.7455227563),9 AVENUE,West 219 Street,West 220 Street,SB
38417,Manhattan,2024,1,10,7,15,112,73023,POINT (1008740.073465875 256746.7455227563),9 AVENUE,West 219 Street,West 220 Street,SB
38417,Manhattan,2024,1,10,7,30,122,73023,POINT (1008740.073465875 256746.7455227563),9 AVENUE,West 219 Street,West 220 Street,SB
38417,Manhattan,2024,1,10,7,45,50,73023,POINT (1008740.073465875 256746.7455227563),9 AVENUE,West 219 Street,West 220 Street,SB
38417,Manhattan,2024,1,10,8,0,21,73023,POINT (1008740.073465875 256746.7455227563),9 AVENUE,West 219 Street,West 220 Street,SB
38417,Manhattan,2024,1,10,8,15,20,73023,POINT (1008740.073465875 256746.7455227563),9 AVENUE,West 219 Street,West 220 Street,SB
38417,Manhattan,2024,1,10,8,30,14,73023,POINT (1008740.073465875 256746.7455227563),9 AVENUE,West 219 Street,West 220 Street,SB
38417,Manhattan,2024,1,10,8,45,23,73023,POINT (1008740.073465875 256746.7455227563),9 AVENUE,West 219 Street,West 220 Street,SB
38417,Manhattan,2024,1,10,9,0,23,73023,POINT (1008740.073465875 256746.7455227563),9 AVENUE,West 219 Street,West 220 Street,SB
38417,Manhattan,2024,1,10,9,15,18,73023,POINT (1008740.073465875 256746.7455227563),9 AVENUE,West 219 Street,West 220 Street,SB
38417,Manhattan,2024,1,10,9,30,15,73023,POINT (1008740.073465875 256746.7455227563),9 AVENUE,West 219 Street,West 220 Street,SB
38417,Manhattan,2024,1,10,9,45,26,73023,POINT (1008740.073465875 256746.7455227563),9 AVENUE,West 219 Street,West 220 Street,SB
38417,Manhattan,2024,1,10,10,0,17,73023,POINT (1008740.073465875 256746.7455227563),9 AVENUE,West 219 Street,West 220 Street,SB
38417,Manhattan,2024,1,10,10,15,18,73023,POINT (1008740.073465875 256746.7455227563),9 AVENUE,West 219 Street,West 220 Street,SB
38417,Manhattan,2024,1,10,10,30,18,73023,POINT (1008740.073465875 256746.7455227563),9 AVENUE,West 219 Street,West 220 Street,SB
38417,Manhattan,2024,1,10,10,45,24,73023,POINT (1008740.073465875 256746.7455227563),9 AVENUE,West 219 Street,West 220 Street,SB
38417,Manhattan,2024,1,10,11,0,22,73023,POINT (1008740.073465875 256746.7455227563),9 AVENUE,West 219 Street,West 220 Street,SB
38417,Manhattan,2024,1,10,11,15,26,73023,POINT (1008740.073465875 256746.7455227563),9 AVENUE,West 219 Street,West 220 Street,SB
38417,Manhattan,2024,1,10,11,30,15,73023,POINT (1008740.073465875 256746.7455227563),9 AVENUE,West 219 Street,West 220 Street,SB
38417,Manhattan,2024,1,10,11,45,26,73023,POINT (1008740.073465875 256746.7455227563),9 AVENUE,West 219 Street,West 220 Street,SB
38417,Manhattan,2024,1,10,12,0,20,73023,POINT (1008740.073465875 256746.7455227563),9 AVENUE,West 219 Street,West 220 Street,SB
38417,Manhattan,2024,1,10,12,15,24,73023,POINT (1008740.073465875 256746.7455227563),9 AVENUE,West 219 Street,West 220 Street,SB
38417,Manhattan,2024,1,10,12,30,32,73023,POINT (1008740.073465875 256746.7455227563),9 AVENUE,West 219 Street,West 220 Street,SB
38417,Manhattan,2024,1,10,12,45,21,73023,POINT (1008740.073465875 256746.7455227563),9 AVENUE,West 219 Street,West 220 Street,SB
38417,Manhattan,2024,1,10,13,0,21,73023,POINT (1008740.073465875 256746.7455227563),9 AVENUE,West 219 Street,West 220 Street,SB
38417,Manhattan,2024,1,10,13,15,21,73023,POINT (1008740.073465875 256746.7455227563),9 AVENUE,West 219 Street,West 220 Street,SB
38417,Manhattan,2024,1,10,13,30,26,73023,POINT (1008740.073465875 256746.7455227563),9 AVENUE,West 219 Street,West 220 Street,SB
38417,Manhattan,2024,1,10,13,45,36,73023,POINT (1008740.073465875 256746.7455227563),9 AVENUE,West 219 Street,West 220 Street,SB
38417,Manhattan,2024,1,10,14,0,30,73023,POINT (1008740.073465875 256746.7455227563),9 AVENUE,West 219 Street,West 220 Street,SB
38417,Manhattan,2024,1,10,14,15,29,73023,POINT (1008740.073465875 256746.7455227563),9 AVENUE,West 219 Street,West 220 Street,SB
38417,Manhattan,2024,1,10,14,30,40,73023,POINT (1008740.073465875 256746.7455227563),9 AVENUE,West 219 Street,West 220 Street,SB
38417,Manhattan,2024,1,10,14,45,54,73023,POINT (1008740.073465875 256746.7455227563),9 AVENUE,West 219 Street,West 220 Street,SB
38417,Manhattan,2024,1,10,15,0,53,73023,POINT (1008740.073465875 256746.7455227563),9 AVENUE,West 219 Street,West 220 Street,SB
38417,Manhattan,2024,1,10,15,15,71,73023,POINT (1008740.073465875 256746.7455227563),9 AVENUE,West 219 Street,West 220 Street,SB
38417,Manhattan,2024,1,10,15,30,76,73023,POINT (1008740.073465875 256746.7455227563),9 AVENUE,West 219 Street,West 220 Street,SB
38417,Manhattan,2024,1,10,15,45,45,73023,POINT (1008740.073465875 256746.7455227563),9 AVENUE,West 219 Street,West 220 Street,SB
38417,Manhattan,2024,1,10,16,0,47,73023,POINT (1008740.073465875 256746.7455227563),9 AVENUE,West 219 Street,West 220 Street,SB
38417,Manhattan,2024,1,10,16,15,47,73023,POINT (1008740.073465875 256746.7455227563),9 AVENUE,West 219 Street,West 220 Street,SB
38417,Manhattan,2024,1,10,16,30,41,73023,POINT (1008740.073465875 256746.7455227563),9 AVENUE,West 219 Street,West 220 Street,SB
38417,Manhattan,2024,1,10,16,45,24,73023,POINT (1008740.073465875 256746.7455227563),9 AVENUE,West 219 Street,West 220 Street,SB
38417,Manhattan,2024,1,10,17,0,26,73023,POINT (1008740.073465875 256746.7455227563),9 AVENUE,West 219 Street,West 220 Street,SB
38417,Manhattan,2024,1,10,17,15,20,73023,POINT (1008740.073465875 256746.7455227563),9 AVENUE,West 219 Street,West 220 Street,SB
38417,Manhattan,2024,1,10,17,30,22,73023,POINT (1008740.073465875 256746.7455227563),9 AVENUE,West 219 Street,West 220 Street,SB
38417,Manhattan,2024,1,10,17,45,17,73023,POINT (1008740.073465875 256746.7455227563),9 AVENUE,West 219 Street,West 220 Street,SB
38417,Manhattan,2024,1,10,18,0,17,73023,POINT (1008740.073465875 256746.7455227563),9 AVENUE,West 219 Street,West 220 Street,SB
38417,Manhattan,2024,1,10,18,15,23,73023,POINT (1008740.073465875 256746.7455227563),9 AVENUE,West 219 Street,West 220 Street,SB
38417,Manhattan,2024,1,10,18,30,20,73023,POINT (1008740.073465875 256746.7455227563),9 AVENUE,West 219 Street,West 220 Street,SB
38417,Manhattan,2024,1,10,18,45,14,73023,POINT (1008740.073465875 256746.7455227563),9 AVENUE,West 219 Street,West 220 Street,SB
38417,Manhattan,2024,1,10,19,0,17,73023,POINT (1008740.073465875 256746.7455227563),9 AVENUE,West 219 Street,West 220 Street,SB
38417,Manhattan,2024,1,10,19,15,10,73023,POINT (1008740.073465875 256746.7455227563),9 AVENUE,West 219 Street,West 220 Street,SB
38417,Manhattan,2024,1,10,19,30,10,73023,POINT (1008740.073465875 256746.7455227563),9 AVENUE,West 219 Street,West 220 Street,SB
38417,Manhattan,2024,1,10,19,45,9,73023,POINT (1008740.073465875 256746.7455227563),9 AVENUE,West 219 Street,West 220 Street,SB
38417,Manhattan,2024,1,10,20,0,8,73023,POINT (1008740.073465875 256746.7455227563),9 AVENUE,West 219 Street,West 220 Street,SB
38417,Manhattan,2024,1,10,20,15,11,73023,POINT (1008740.073465875 256746.7455227563),9 AVENUE,West 219 Street,West 220 Street,SB
38417,Manhattan,2024,1,10,20,30,11,73023,POINT (1008740.073465875 256746.7455227563),9 AVENUE,West 219 Street,West 220 Street,SB
38417,Manhattan,2024,1,10,20,45,11,73023,POINT (1008740.073465875 256746.7455227563),9 AVENUE,West 219 Street,West 220 Street,SB
38417,Manhattan,2024,1,10,21,0,5,73023,POINT (1008740.073465875 256746.7455227563),9 AVENUE,West 219 Street,West 220 Street,SB
38417,Manhattan,2024,1,10,21,15,14,73023,POINT (1008740.073465875 256746.7455227563),9 AVENUE,West 219 Street,West 220 Street,SB
38417,Manhattan,2024,1,10,21,30,10,73023,POINT (1008740.073465875 256746.7455227563),9 AVENUE,West 219 Street,West 220 Street,SB
38417,Manhattan,2024,1,10,21,45,15,73023,POINT (1008740.073465875 256746.7455227563),9 AVENUE,West 219 Street,West 220 Street,SB
38417,Manhattan,2024,1,10,22,0,8,73023,POINT (1008740.073465875 256746.7455227563),9 AVENUE,West 219 Street,West 220 Street,SB
38417,Manhattan,2024,1,10,22,15,13,73023,POINT (1008740.073465875 256746.7455227563),9 AVENUE,West 219 Street,West 220 Street,SB
38417,Manhattan,2024,1,10,22,30,9,73023,POINT (1008740.073465875 256746.7455227563),9 AVENUE,West 219 Street,West 220 Street,SB
38417,Manhattan,2024,1,10,22,45,12,73023,POINT (1008740.073465875 256746.7455227563),9 AVENUE,West 219 Street,West 220 Street,SB
38417,Manhattan,2024,1,10,23,0,15,73023,POINT (1008740.073465875 256746.7455227563),9 AVENUE,West 219 Street,West 220 Street,SB
38417,Manhattan,2024,1,10,23,15,16,73023,POINT (1008740.073465875 256746.7455227563),9 AVENUE,West 219 Street,West 220 Street,SB
38417,Manhattan,2024,1,10,23,30,15,73023,POINT (1008740.073465875 256746.7455227563),9 AVENUE,West 219 Street,West 220 Street,SB
38417,Manhattan,2024,1,10,23,45,12,73023,POINT (1008740.073465875 256746.7455227563),9 AVENUE,West 219 Street,West 220 Street,SB
38417,Manhattan,2024,1,11,0,0,1,73023,POINT (1008740.073465875 256746.7455227563),9 AVENUE,West 219 Street,West 220 Street,SB
38417,Manhattan,2024,1,11,0,15,5,73023,POINT (1008740.073465875 256746.7455227563),9 AVENUE,West 219 Street,West 220 Street,SB
38417,Manhattan,2024,1,11,0,30,4,73023,POINT (1008740.073465875 256746.7455227563),9 AVENUE,West 219 Street,West 220 Street,SB
38417,Manhattan,2024,1,11,0,45,3,73023,POINT (1008740.073465875 256746.7455227563),9 AVENUE,West 219 Street,West 220 Street,SB
38417,Manhattan,2024,1,11,1,0,3,73023,POINT (1008740.073465875 256746.7455227563),9 AVENUE,West 219 Street,West 220 Street,SB
38417,Manhattan,2024,1,11,1,15,4,73023,POINT (1008740.073465875 256746.7455227563),9 AVENUE,West 219 Street,West 220 Street,SB
38417,Manhattan,2024,1,11,1,30,5,73023,POINT (1008740.073465875 256746.7455227563),9 AVENUE,West 219 Street,West 220 Street,SB
38417,Manhattan,2024,1,11,1,45,1,73023,POINT (1008740.073465875 256746.7455227563),9 AVENUE,West 219 Street,West 220 Street,SB
38417,Manhattan,2024,1,11,2,0,5,73023,POINT (1008740.073465875 256746.7455227563),9 AVENUE,West 219 Street,West 220 Street,SB
38417,Manhattan,2024,1,11,2,15,5,73023,POINT (1008740.073465875 256746.7455227563),9 AVENUE,West 219 Street,West 220 Street,SB
38417,Manhattan,2024,1,11,2,30,2,73023,POINT (1008740.073465875 256746.7455227563),9 AVENUE,West 219 Street,West 220 Street,SB
38417,Manhattan,2024,1,11,2,45,0,73023,POINT (1008740.073465875 256746.7455227563),9 AVENUE,West 219 Street,West 220 Street,SB
38417,Manhattan,2024,1,11,3,0,2,73023,POINT (1008740.073465875 256746.7455227563),9 AVENUE,West 219 Street,West 220 Street,SB
38417,Manhattan,2024,1,11,3,15,1,73023,POINT (1008740.073465875 256746.7455227563),9 AVENUE,West 219 Street,West 220 Street,SB
38417,Manhattan,2024,1,11,3,30,4,73023,POINT (1008740.073465875 256746.7455227563),9 AVENUE,West 219 Street,West 220 Street,SB
38417,Manhattan,2024,1,11,3,45,0,73023,POINT (1008740.073465875 256746.7455227563),9 AVENUE,West 219 Street,West 220 Street,SB
38417,Manhattan,2024,1,11,4,0,0,73023,POINT (1008740.073465875 256746.7455227563),9 AVENUE,West 219 Street,West 220 Street,SB
38417,Manhattan,2024,1,11,4,15,5,73023,POINT (1008740.073465875 256746.7455227563),9 AVENUE,West 219 Street,West 220 Street,SB
38417,Manhattan,2024,1,11,4,30,3,73023,POINT (1008740.073465875 256746.7455227563),9 AVENUE,West 219 Street,West 220 Street,SB
38417,Manhattan,2024,1,11,4,45,8,73023,POINT (1008740.073465875 256746.7455227563),9 AVENUE,West 219 Street,West 220 Street,SB
38417,Manhattan,2024,1,11,5,0,6,73023,POINT (1008740.073465875 256746.7455227563),9 AVENUE,West 219 Street,West 220 Street,SB
38417,Manhattan,2024,1,11,5,15,9,73023,POINT (1008740.073465875 256746.7455227563),9 AVENUE,West 219 Street,West 220 Street,SB
38417,Manhattan,2024,1,11,5,30,13,73023,POINT (1008740.073465875 256746.7455227563),9 AVENUE,West 219 Street,West 220 Street,SB
38417,Manhattan,2024,1,11,5,45,16,73023,POINT (1008740.073465875 256746.7455227563),9 AVENUE,West 219 Street,West 220 Street,SB
38417,Manhattan,2024,1,11,6,0,12,73023,POINT (1008740.073465875 256746.7455227563),9 AVENUE,West 219 Street,West 220 Street,SB
38417,Manhattan,2024,1,11,6,15,2,73023,POINT (1008740.073465875 256746.7455227563),9 AVENUE,West 219 Street,West 220 Street,SB
38417,Manhattan,2024,1,11,6,30,9,73023,POINT (1008740.073465875 256746.7455227563),9 AVENUE,West 219 Street,West 220 Street,SB
38417,Manhattan,2024,1,11,6,45,7,73023,POINT (1008740.073465875 256746.7455227563),9 AVENUE,West 219 Street,West 220 Street,SB
38417,Manhattan,2024,1,11,7,0,6,73023,POINT (1008740.073465875 256746.7455227563),9 AVENUE,West 219 Street,West 220 Street,SB
38417,Manhattan,2024,1,11,7,15,10,73023,POINT (1008740.073465875 256746.7455227563),9 AVENUE,West 219 Street,West 220 Street,SB
38417,Manhattan,2024,1,11,7,30,13,73023,POINT (1008740.073465875 256746.7455227563),9 AVENUE,West 219 Street,West 220 Street,SB
38417,Manhattan,2024,1,11,7,45,6,73023,POINT (1008740.073465875 256746.7455227563),9 AVENUE,West 219 Street,West 220 Street,SB
38417,Manhattan,2024,1,11,8,0,9,73023,POINT (1008740.073465875 256746.7455227563),9 AVENUE,West 219 Street,West 220 Street,SB
38417,Manhattan,2024,1,11,8,15,6,73023,POINT (1008740.073465875 256746.7455227563),9 AVENUE,West 219 Street,West 220 Street,SB
38417,Manhattan,2024,1,11,8,30,9,73023,POINT (1008740.073465875 256746.7455227563),9 AVENUE,West 219 Street,West 220 Street,SB
38417,Manhattan,2024,1,11,8,45,5,73023,POINT (1008740.073465875 256746.7455227563),9 AVENUE,West 219 Street,West 220 Street,SB
38417,Manhattan,2024,1,11,9,0,7,73023,POINT (1008740.073465875 256746.7455227563),9 AVENUE,West 219 Street,West 220 Street,SB
38417,Manhattan,2024,1,11,9,15,11,73023,POINT (1008740.073465875 256746.7455227563),9 AVENUE,West 219 Street,West 220 Street,SB
38417,Manhattan,2024,1,11,9,30,16,73023,POINT (1008740.073465875 256746.7455227563),9 AVENUE,West 219 Street,West 220 Street,SB
38417,Manhattan,2024,1,11,9,45,6,73023,POINT (1008740.073465875 256746.7455227563),9 AVENUE,West 219 Street,West 220 Street,SB
38417,Manhattan,2024,1,11,10,0,7,73023,POINT (1008740.073465875 256746.7455227563),9 AVENUE,West 219 Street,West 220 Street,SB
38417,Manhattan,2024,1,11,10,15,8,73023,POINT (1008740.073465875 256746.7455227563),9 AVENUE,West 219 Street,West 220 Street,SB
38417,Manhattan,2024,1,11,10,30,14,73023,POINT (1008740.073465875 256746.7455227563),9 AVENUE,West 219 Street,West 220 Street,SB
38417,Manhattan,2024,1,11,10,45,10,73023,POINT (1008740.073465875 256746.7455227563),9 AVENUE,West 219 Street,West 220 Street,SB
38417,Manhattan,2024,1,11,11,0,7,73023,POINT (1008740.073465875 256746.7455227563),9 AVENUE,West 219 Street,West 220 Street,SB
38417,Manhattan,2024,1,11,11,15,11,73023,POINT (1008740.073465875 256746.7455227563),9 AVENUE,West 219 Street,West 220 Street,SB
38417,Manhattan,2024,1,11,11,30,9,73023,POINT (1008740.073465875 256746.7455227563),9 AVENUE,West 219 Street,West 220 Street,SB
38417,Manhattan,2024,1,11,11,45,9,73023,POINT (1008740.073465875 256746.7455227563),9 AVENUE,West 219 Street,West 220 Street,SB
38417,Manhattan,2024,1,11,12,0,22,73023,POINT (1008740.073465875 256746.7455227563),9 AVENUE,West 219 Street,West 220 Street,SB
38417,Manhattan,2024,1,11,12,15,9,73023,POINT (1008740.073465875 256746.7455227563),9 AVENUE,West 219 Street,West 220 Street,SB
38417,Manhattan,2024,1,11,12,30,10,73023,POINT (1008740.073465875 256746.7455227563),9 AVENUE,West 219 Street,West 220 Street,SB
38417,Manhattan,2024,1,11,12,45,15,73023,POINT (1008740.073465875 256746.7455227563),9 AVENUE,West 219 Street,West 220 Street,SB
38417,Manhattan,2024,1,11,13,0,14,73023,POINT (1008740.073465875 256746.7455227563),9 AVENUE,West 219 Street,West 220 Street,SB
38417,Manhattan,2024,1,11,13,15,8,73023,POINT (1008740.073465875 256746.7455227563),9 AVENUE,West 219 Street,West 220 Street,SB
38417,Manhattan,2024,1,11,13,30,12,73023,POINT (1008740.073465875 256746.7455227563),9 AVENUE,West 219 Street,West 220 Street,SB
38417,Manhattan,2024,1,11,13,45,15,73023,POINT (1008740.073465875 256746.7455227563),9 AVENUE,West 219 Street,West 220 Street,SB
38417,Manhattan,2024,1,11,14,0,13,73023,POINT (1008740.073465875 256746.7455227563),9 AVENUE,West 219 Street,West 220 Street,SB
38417,Manhattan,2024,1,11,14,15,16,73023,POINT (1008740.073465875 256746.7455227563),9 AVENUE,West 219 Street,West 220 Street,SB
38417,Manhattan,2024,1,11,14,30,19,73023,POINT (1008740.073465875 256746.7455227563),9 AVENUE,West 219 Street,West 220 Street,SB
38417,Manhattan,2024,1,11,14,45,24,73023,POINT (1008740.073465875 256746.7455227563),9 AVENUE,West 219 Street,West 220 Street,SB
38417,Manhattan,2024,1,11,15,0,16,73023,POINT (1008740.073465875 256746.7455227563),9 AVENUE,West 219 Street,West 220 Street,SB
38417,Manhattan,2024,1,11,15,15,17,73023,POINT (1008740.073465875 256746.7455227563),9 AVENUE,West 219 Street,West 220 Street,SB
38417,Manhattan,2024,1,11,15,30,14,73023,POINT (1008740.073465875 256746.7455227563),9 AVENUE,West 219 Street,West 220 Street,SB
38417,Manhattan,2024,1,11,15,45,15,73023,POINT (1008740.073465875 256746.7455227563),9 AVENUE,West 219 Street,West 220 Street,SB
38417,Manhattan,2024,1,11,16,0,15,73023,POINT (1008740.073465875 256746.7455227563),9 AVENUE,West 219 Street,West 220 Street,SB
38417,Manhattan,2024,1,11,16,15,17,73023,POINT (1008740.073465875 256746.7455227563),9 AVENUE,West 219 Street,West 220 Street,SB
38417,Manhattan,2024,1,11,16,30,14,73023,POINT (1008740.073465875 256746.7455227563),9 AVENUE,West 219 Street,West 220 Street,SB
38417,Manhattan,2024,1,11,16,45,11,73023,POINT (1008740.073465875 256746.7455227563),9 AVENUE,West 219 Street,West 220 Street,SB
38417,Manhattan,2024,1,11,17,0,17,73023,POINT (1008740.073465875 256746.7455227563),9 AVENUE,West 219 Street,West 220 Street,SB
38417,Manhattan,2024,1,11,17,15,10,73023,POINT (1008740.073465875 256746.7455227563),9 AVENUE,West 219 Street,West 220 Street,SB
38417,Manhattan,2024,1,11,17,30,16,73023,POINT (1008740.073465875 256746.7455227563),9 AVENUE,West 219 Street,West 220 Street,SB
38417,Manhattan,2024,1,11,17,45,21,73023,POINT (1008740.073465875 256746.7455227563),9 AVENUE,West 219 Street,West 220 Street,SB
38417,Manhattan,2024,1,11,18,0,16,73023,POINT (1008740.073465875 256746.7455227563),9 AVENUE,West 219 Street,West 220 Street,SB
38417,Manhattan,2024,1,11,18,15,8,73023,POINT (1008740.073465875 256746.7455227563),9 AVENUE,West 219 Street,West 220 Street,SB
38417,Manhattan,2024,1,11,18,30,12,73023,POINT (1008740.073465875 256746.7455227563),9 AVENUE,West 219 Street,West 220 Street,SB
38417,Manhattan,2024,1,11,18,45,7,73023,POINT (1008740.073465875 256746.7455227563),9 AVENUE,West 219 Street,West 220 Street,SB
38417,Manhattan,2024,1,11,19,0,7,73023,POINT (1008740.073465875 256746.7455227563),9 AVENUE,West 219 Street,West 220 Street,SB
38417,Manhattan,2024,1,11,19,15,12,73023,POINT (1008740.073465875 256746.7455227563),9 AVENUE,West 219 Street,West 220 Street,SB
38417,Manhattan,2024,1,11,19,30,15,73023,POINT (1008740.073465875 256746.7455227563),9 AVENUE,West 219 Street,West 220 Street,SB
38417,Manhattan,2024,1,11,19,45,6,73023,POINT (1008740.073465875 256746.7455227563),9 AVENUE,West 219 Street,West 220 Street,SB
38417,Manhattan,2024,1,11,20,0,8,73023,POINT (1008740.073465875 256746.7455227563),9 AVENUE,West 219 Street,West 220 Street,SB
38417,Manhattan,2024,1,11,20,15,10,73023,POINT (1008740.073465875 256746.7455227563),9 AVENUE,West 219 Street,West 220 Street,SB
38417,Manhattan,2024,1,11,20,30,5,73023,POINT (1008740.073465875 256746.7455227563),9 AVENUE,West 219 Street,West 220 Street,SB
38417,Manhattan,2024,1,11,20,45,3,73023,POINT (1008740.073465875 256746.7455227563),9 AVENUE,West 219 Street,West 220 Street,SB
38417,Manhattan,2024,1,11,21,0,7,73023,POINT (1008740.073465875 256746.7455227563),9 AVENUE,West 219 Street,West 220 Street,SB
38417,Manhattan,2024,1,11,21,15,2,73023,POINT (1008740.073465875 256746.7455227563),9 AVENUE,West 219 Street,West 220 Street,SB
38417,Manhattan,2024,1,11,21,30,8,73023,POINT (1008740.073465875 256746.7455227563),9 AVENUE,West 219 Street,West 220 Street,SB
38417,Manhattan,2024,1,11,21,45,7,73023,POINT (1008740.073465875 256746.7455227563),9 AVENUE,West 219 Street,West 220 Street,SB
38417,Manhattan,2024,1,11,22,0,3,73023,POINT (1008740.073465875 256746.7455227563),9 AVENUE,West 219 Street,West 220 Street,SB
38417,Manhattan,2024,1,11,22,15,4,73023,POINT (1008740.073465875 256746.7455227563),9 AVENUE,West 219 Street,West 220 Street,SB
38417,Manhattan,2024,1,11,22,30,2,73023,POINT (1008740.073465875 256746.7455227563),9 AVENUE,West 219 Street,West 220 Street,SB
38417,Manhattan,2024,1,11,22,45,3,73023,POINT (1008740.073465875 256746.7455227563),9 AVENUE,West 219 Street,West 220 Street,SB
38417,Manhattan,2024,1,11,23,0,6,73023,POINT (1008740.073465875 256746.7455227563),9 AVENUE,West 219 Street,West 220 Street,SB
38417,Manhattan,2024,1,11,23,15,5,73023,POINT (1008740.073465875 256746.7455227563),9 AVENUE,West 219 Street,West 220 Street,SB
38417,Manhattan,2024,1,11,23,30,8,73023,POINT (1008740.073465875 256746.7455227563),9 AVENUE,West 219 Street,West 220 Street,SB
38417,Manhattan,2024,1,11,23,45,3,73023,POINT (1008740.073465875 256746.7455227563),9 AVENUE,West 219 Street,West 220 Street,SB
38417,Manhattan,2024,1,12,0,0,6,73023,POINT (1008740.073465875 256746.7455227563),9 AVENUE,West 219 Street,West 220 Street,SB
38417,Manhattan,2024,1,12,0,15,2,73023,POINT (1008740.073465875 256746.7455227563),9 AVENUE,West 219 Street,West 220 Street,SB
38417,Manhattan,2024,1,12,0,30,5,73023,POINT (1008740.073465875 256746.7455227563),9 AVENUE,West 219 Street,West 220 Street,SB
38417,Manhattan,2024,1,12,0,45,0,73023,POINT (1008740.073465875 256746.7455227563),9 AVENUE,West 219 Street,West 220 Street,SB
38417,Manhattan,2024,1,12,1,0,2,73023,POINT (1008740.073465875 256746.7455227563),9 AVENUE,West 219 Street,West 220 Street,SB
38417,Manhattan,2024,1,12,1,15,3,73023,POINT (1008740.073465875 256746.7455227563),9 AVENUE,West 219 Street,West 220 Street,SB
38417,Manhattan,2024,1,12,1,30,3,73023,POINT (1008740.073465875 256746.7455227563),9 AVENUE,West 219 Street,West 220 Street,SB
38417,Manhattan,2024,1,12,1,45,1,73023,POINT (1008740.073465875 256746.7455227563),9 AVENUE,West 219 Street,West 220 Street,SB
38417,Manhattan,2024,1,12,2,0,1,73023,POINT (1008740.073465875 256746.7455227563),9 AVENUE,West 219 Street,West 220 Street,SB
38417,Manhattan,2024,1,12,2,15,1,73023,POINT (1008740.073465875 256746.7455227563),9 AVENUE,West 219 Street,West 220 Street,SB
38417,Manhattan,2024,1,12,2,30,1,73023,POINT (1008740.073465875 256746.7455227563),9 AVENUE,West 219 Street,West 220 Street,SB
38417,Manhattan,2024,1,12,2,45,0,73023,POINT (1008740.073465875 256746.7455227563),9 AVENUE,West 219 Street,West 220 Street,SB
38417,Manhattan,2024,1,12,3,0,0,73023,POINT (1008740.073465875 256746.7455227563),9 AVENUE,West 219 Street,West 220 Street,SB
38417,Manhattan,2024,1,12,3,15,0,73023,POINT (1008740.073465875 256746.7455227563),9 AVENUE,West 219 Street,West 220 Street,SB
38417,Manhattan,2024,1,12,3,30,1,73023,POINT (1008740.073465875 256746.7455227563),9 AVENUE,West 219 Street,West 220 Street,SB
38417,Manhattan,2024,1,12,3,45,1,73023,POINT (1008740.073465875 256746.7455227563),9 AVENUE,West 219 Street,West 220 Street,SB
38417,Manhattan,2024,1,12,4,0,0,73023,POINT (1008740.073465875 256746.7455227563),9 AVENUE,West 219 Street,West 220 Street,SB
38417,Manhattan,2024,1,12,4,15,1,73023,POINT (1008740.073465875 256746.7455227563),9 AVENUE,West 219 Street,West 220 Street,SB
38417,Manhattan,2024,1,12,4,30,1,73023,POINT (1008740.073465875 256746.7455227563),9 AVENUE,West 219 Street,West 220 Street,SB
38417,Manhattan,2024,1,12,4,45,6,73023,POINT (1008740.073465875 256746.7455227563),9 AVENUE,West 219 Street,West 220 Street,SB
38417,Manhattan,2024,1,12,5,0,1,73023,POINT (1008740.073465875 256746.7455227563),9 AVENUE,West 219 Street,West 220 Street,SB
38417,Manhattan,2024,1,12,5,15,3,73023,POINT (1008740.073465875 256746.7455227563),9 AVENUE,West 219 Street,West 220 Street,SB
38417,Manhattan,2024,1,12,5,30,4,73023,POINT (1008740.073465875 256746.7455227563),9 AVENUE,West 219 Street,West 220 Street,SB
38417,Manhattan,2024,1,12,5,45,0,73023,POINT (1008740.073465875 256746.7455227563),9 AVENUE,West 219 Street,West 220 Street,SB
38417,Manhattan,2024,1,12,6,0,5,73023,POINT (1008740.073465875 256746.7455227563),9 AVENUE,West 219 Street,West 220 Street,SB
38417,Manhattan,2024,1,12,6,15,0,73023,POINT (1008740.073465875 256746.7455227563),9 AVENUE,West 219 Street,West 220 Street,SB
38417,Manhattan,2024,1,12,6,30,5,73023,POINT (1008740.073465875 256746.7455227563),9 AVENUE,West 219 Street,West 220 Street,SB
38417,Manhattan,2024,1,12,6,45,9,73023,POINT (1008740.073465875 256746.7455227563),9 AVENUE,West 219 Street,West 220 Street,SB
38417,Manhattan,2024,1,12,7,0,10,73023,POINT (1008740.073465875 256746.7455227563),9 AVENUE,West 219 Street,West 220 Street,SB
38417,Manhattan,2024,1,12,7,15,14,73023,POINT (1008740.073465875 256746.7455227563),9 AVENUE,West 219 Street,West 220 Street,SB
38417,Manhattan,2024,1,12,7,30,11,73023,POINT (1008740.073465875 256746.7455227563),9 AVENUE,West 219 Street,West 220 Street,SB
38417,Manhattan,2024,1,12,7,45,10,73023,POINT (1008740.073465875 256746.7455227563),9 AVENUE,West 219 Street,West 220 Street,SB
38417,Manhattan,2024,1,12,8,0,17,73023,POINT (1008740.073465875 256746.7455227563),9 AVENUE,West 219 Street,West 220 Street,SB
38417,Manhattan,2024,1,12,8,15,16,73023,POINT (1008740.073465875 256746.7455227563),9 AVENUE,West 219 Street,West 220 Street,SB
38417,Manhattan,2024,1,12,8,30,6,73023,POINT (1008740.073465875 256746.7455227563),9 AVENUE,West 219 Street,West 220 Street,SB
38417,Manhattan,2024,1,12,8,45,10,73023,POINT (1008740.073465875 256746.7455227563),9 AVENUE,West 219 Street,West 220 Street,SB
38417,Manhattan,2024,1,12,9,0,14,73023,POINT (1008740.073465875 256746.7455227563),9 AVENUE,West 219 Street,West 220 Street,SB
38417,Manhattan,2024,1,12,9,15,11,73023,POINT (1008740.073465875 256746.7455227563),9 AVENUE,West 219 Street,West 220 Street,SB
38417,Manhattan,2024,1,12,9,30,16,73023,POINT (1008740.073465875 256746.7455227563),9 AVENUE,West 219 Street,West 220 Street,SB
38417,Manhattan,2024,1,12,9,45,18,73023,POINT (1008740.073465875 256746.7455227563),9 AVENUE,West 219 Street,West 220 Street,SB
38417,Manhattan,2024,1,12,10,0,11,73023,POINT (1008740.073465875 256746.7455227563),9 AVENUE,West 219 Street,West 220 Street,SB
38417,Manhattan,2024,1,12,10,15,16,73023,POINT (1008740.073465875 256746.7455227563),9 AVENUE,West 219 Street,West 220 Street,SB
38417,Manhattan,2024,1,12,10,30,10,73023,POINT (1008740.073465875 256746.7455227563),9 AVENUE,West 219 Street,West 220 Street,SB
38417,Manhattan,2024,1,12,10,45,17,73023,POINT (1008740.073465875 256746.7455227563),9 AVENUE,West 219 Street,West 220 Street,SB
38417,Manhattan,2024,1,12,11,0,9,73023,POINT (1008740.073465875 256746.7455227563),9 AVENUE,West 219 Street,West 220 Street,SB
38417,Manhattan,2024,1,12,11,15,9,73023,POINT (1008740.073465875 256746.7455227563),9 AVENUE,West 219 Street,West 220 Street,SB
38417,Manhattan,2024,1,12,11,30,14,73023,POINT (1008740.073465875 256746.7455227563),9 AVENUE,West 219 Street,West 220 Street,SB
38417,Manhattan,2024,1,12,11,45,19,73023,POINT (1008740.073465875 256746.7455227563),9 AVENUE,West 219 Street,West 220 Street,SB
38417,Manhattan,2024,1,12,12,0,14,73023,POINT (1008740.073465875 256746.7455227563),9 AVENUE,West 219 Street,West 220 Street,SB
38417,Manhattan,2024,1,12,12,15,10,73023,POINT (1008740.073465875 256746.7455227563),9 AVENUE,West 219 Street,West 220 Street,SB
38417,Manhattan,2024,1,12,12,30,16,73023,POINT (1008740.073465875 256746.7455227563),9 AVENUE,West 219 Street,West 220 Street,SB
38417,Manhattan,2024,1,12,12,45,11,73023,POINT (1008740.073465875 256746.7455227563),9 AVENUE,West 219 Street,West 220 Street,SB
38417,Manhattan,2024,1,12,13,0,17,73023,POINT (1008740.073465875 256746.7455227563),9 AVENUE,West 219 Street,West 220 Street,SB
38417,Manhattan,2024,1,12,13,15,11,73023,POINT (1008740.073465875 256746.7455227563),9 AVENUE,West 219 Street,West 220 Street,SB
38417,Manhattan,2024,1,12,13,30,17,73023,POINT (1008740.073465875 256746.7455227563),9 AVENUE,West 219 Street,West 220 Street,SB
38417,Manhattan,2024,1,12,13,45,20,73023,POINT (1008740.073465875 256746.7455227563),9 AVENUE,West 219 Street,West 220 Street,SB
38417,Manhattan,2024,1,12,14,0,15,73023,POINT (1008740.073465875 256746.7455227563),9 AVENUE,West 219 Street,West 220 Street,SB
38417,Manhattan,2024,1,12,14,15,22,73023,POINT (1008740.073465875 256746.7455227563),9 AVENUE,West 219 Street,West 220 Street,SB
38417,Manhattan,2024,1,12,14,30,30,73023,POINT (1008740.073465875 256746.7455227563),9 AVENUE,West 219 Street,West 220 Street,SB
38417,Manhattan,2024,1,12,14,45,19,73023,POINT (1008740.073465875 256746.7455227563),9 AVENUE,West 219 Street,West 220 Street,SB
38417,Manhattan,2024,1,12,15,0,23,73023,POINT (1008740.073465875 256746.7455227563),9 AVENUE,West 219 Street,West 220 Street,SB
38417,Manhattan,2024,1,12,15,15,13,73023,POINT (1008740.073465875 256746.7455227563),9 AVENUE,West 219 Street,West 220 Street,SB
38417,Manhattan,2024,1,12,15,30,18,73023,POINT (1008740.073465875 256746.7455227563),9 AVENUE,West 219 Street,West 220 Street,SB
38417,Manhattan,2024,1,12,15,45,13,73023,POINT (1008740.073465875 256746.7455227563),9 AVENUE,West 219 Street,West 220 Street,SB
38417,Manhattan,2024,1,12,16,0,19,73023,POINT (1008740.073465875 256746.7455227563),9 AVENUE,West 219 Street,West 220 Street,SB
38417,Manhattan,2024,1,12,16,15,16,73023,POINT (1008740.073465875 256746.7455227563),9 AVENUE,West 219 Street,West 220 Street,SB
38417,Manhattan,2024,1,12,16,30,12,73023,POINT (1008740.073465875 256746.7455227563),9 AVENUE,West 219 Street,West 220 Street,SB
38417,Manhattan,2024,1,12,16,45,21,73023,POINT (1008740.073465875 256746.7455227563),9 AVENUE,West 219 Street,West 220 Street,SB
38417,Manhattan,2024,1,12,17,0,13,73023,POINT (1008740.073465875 256746.7455227563),9 AVENUE,West 219 Street,West 220 Street,SB
38417,Manhattan,2024,1,12,17,15,9,73023,POINT (1008740.073465875 256746.7455227563),9 AVENUE,West 219 Street,West 220 Street,SB
